enquiry_id,enquiry_date,planning_area,lead_source,storage_size_band,customer_type,quoted_monthly_price_sgd,converted,churned
ENQ-00001,2025-06-22,Choa Chu Kang,Meta Ads,Medium,Household,291.6,0,0
ENQ-00002,2025-11-03,Ang Mo Kio,Google Search,Locker,E-commerce,99.83,0,0
ENQ-00003,2025-08-20,Pioneer,Partner,Medium,Household,328.92,0,0
ENQ-00004,2025-08-27,Marina East,Google Search,Small,SME,184.34,0,0
ENQ-00005,2025-03-14,Toa Payoh,Referral,Locker,E-commerce,96.49,0,0
ENQ-00006,2025-08-17,Bishan,Google Search,Locker,Relocation,83.32,0,0
ENQ-00007,2025-01-17,Central Water Catchment,Google Search,Large,Household,476.32,0,0
ENQ-00008,2025-03-22,Sengkang,Meta Ads,Medium,SME,279.1,0,0
ENQ-00009,2025-12-31,Toa Payoh,Partner,Medium,Household,333.45,0,0
ENQ-00010,2025-09-27,Choa Chu Kang,Google Search,Locker,E-commerce,83.59,0,0
ENQ-00011,2025-04-13,River Valley,Google Search,Locker,SME,83.71,1,0
ENQ-00012,2025-07-02,Tuas,Meta Ads,Small,SME,186.23,0,0
ENQ-00013,2025-01-16,Newton,Organic,Small,Student/Expats,182.79,0,1
ENQ-00014,2025-05-21,Jurong West,Google Search,Small,Relocation,162.43,1,1
ENQ-00015,2025-08-24,Tengah,Walk-in,Medium,Student/Expats,316.7,0,0
ENQ-00016,2025-03-06,Bukit Merah,Organic,Small,Household,174.93,0,0
ENQ-00017,2025-07-12,Tanglin,Google Search,Large,Household,459.04,1,0
ENQ-00018,2025-03-02,Straits View,Walk-in,Small,SME,201.79,0,0
ENQ-00019,2025-06-02,Museum,Organic,Medium,Household,321.74,0,0
ENQ-00020,2025-11-26,Changi,Google Search,Locker,Household,102.54,0,0
ENQ-00021,2025-08-03,Changi Bay,Walk-in,Large,Relocation,434.0,0,0
ENQ-00022,2025-08-04,Pasir Ris,Partner,Large,Household,500.01,1,0
ENQ-00023,2025-04-08,Straits View,Google Search,Small,Household,183.45,1,0
ENQ-00024,2025-01-09,Mandai,Meta Ads,Small,Relocation,174.66,0,1
ENQ-00025,2025-06-25,Bukit Merah,Google Search,Small,Household,192.75,1,0
ENQ-00026,2025-10-28,Tuas,Meta Ads,Small,SME,177.65,0,0
ENQ-00027,2025-10-16,Seletar,Partner,Medium,E-commerce,322.67,0,0
ENQ-00028,2025-02-14,Lim Chu Kang,Partner,Medium,SME,315.57,1,0
ENQ-00029,2025-01-31,Bukit Timah,Organic,Medium,Household,314.9,1,0
ENQ-00030,2025-03-18,Kallang,Organic,Small,Household,189.76,0,0
ENQ-00031,2025-12-20,River Valley,Meta Ads,Medium,SME,268.76,0,0
ENQ-00032,2025-11-15,Orchard,Meta Ads,Small,Household,197.5,0,0
ENQ-00033,2025-08-07,Bukit Batok,Meta Ads,Locker,E-commerce,91.66,1,1
ENQ-00034,2025-11-02,Punggol,Organic,Large,SME,488.47,0,0
ENQ-00035,2025-02-02,Outram,Meta Ads,Small,SME,192.75,0,0
ENQ-00036,2025-01-04,Outram,Google Search,Small,Household,197.77,0,0
ENQ-00037,2025-06-24,Bedok,Google Search,Medium,SME,329.94,1,0
ENQ-00038,2025-10-30,Sengkang,Organic,Small,SME,174.34,0,0
ENQ-00039,2025-01-15,Southern Islands,Meta Ads,Medium,Household,312.83,0,0
ENQ-00040,2025-03-13,Woodlands,Google Search,Locker,Household,84.46,0,0
ENQ-00041,2025-12-15,Choa Chu Kang,Walk-in,Locker,Household,94.87,0,0
ENQ-00042,2025-09-30,Kallang,Referral,Medium,Household,277.35,1,0
ENQ-00043,2025-04-27,Tengah,Walk-in,Medium,Household,271.84,0,0
ENQ-00044,2025-04-05,Punggol,Meta Ads,Medium,SME,330.07,0,0
ENQ-00045,2025-03-29,Bukit Timah,Referral,Locker,Household,81.41,0,0
ENQ-00046,2025-07-21,Newton,Google Search,Medium,Relocation,299.73,0,0
ENQ-00047,2025-04-26,Jurong West,Walk-in,Small,Household,171.04,0,0
ENQ-00048,2025-11-01,Mandai,Walk-in,Large,Household,482.4,0,0
ENQ-00049,2025-07-23,Sungei Kadut,Meta Ads,Medium,E-commerce,285.61,0,0
ENQ-00050,2025-07-27,Sembawang,Organic,Medium,E-commerce,307.66,0,0
ENQ-00051,2025-01-12,Hougang,Meta Ads,Small,Household,171.86,0,0
ENQ-00052,2025-08-09,Clementi,Referral,Medium,SME,301.26,0,0
ENQ-00053,2025-11-08,Orchard,Google Search,Large,SME,492.23,1,1
ENQ-00054,2025-11-28,Newton,Organic,Locker,Relocation,100.04,0,0
ENQ-00055,2025-06-01,Sembawang,Partner,Medium,SME,263.13,0,0
ENQ-00056,2025-09-19,Marine Parade,Organic,Medium,Relocation,287.04,0,0
ENQ-00057,2025-08-13,Sengkang,Walk-in,Locker,E-commerce,85.04,1,0
ENQ-00058,2025-11-21,Straits View,Google Search,Locker,Household,90.11,0,0
ENQ-00059,2025-05-10,Sembawang,Organic,Locker,SME,89.98,0,1
ENQ-00060,2025-06-13,Ang Mo Kio,Google Search,Large,Household,422.45,1,0
ENQ-00061,2025-11-28,Geylang,Google Search,Medium,Household,305.74,0,0
ENQ-00062,2025-10-11,Sembawang,Partner,Locker,E-commerce,91.68,0,0
ENQ-00063,2025-07-26,Yishun,Google Search,Medium,SME,332.54,1,0
ENQ-00064,2025-10-12,Toa Payoh,Google Search,Medium,Household,267.42,1,0
ENQ-00065,2025-10-03,Jurong East,Google Search,Large,Relocation,523.46,0,0
ENQ-00066,2025-07-03,River Valley,Partner,Small,SME,168.28,1,0
ENQ-00067,2025-08-22,Novena,Google Search,Medium,Household,313.99,1,0
ENQ-00068,2025-03-27,Changi Bay,Walk-in,Small,SME,178.84,1,0
ENQ-00069,2025-05-16,Toa Payoh,Google Search,Medium,E-commerce,318.67,0,0
ENQ-00070,2025-05-22,River Valley,Google Search,Small,SME,191.6,0,0
ENQ-00071,2025-06-10,Downtown Core,Meta Ads,Small,Student/Expats,187.52,0,0
ENQ-00072,2025-05-12,Southern Islands,Meta Ads,Medium,E-commerce,318.84,0,0
ENQ-00073,2025-11-06,Tampines,Partner,Medium,Household,305.21,0,0
ENQ-00074,2025-11-01,Outram,Google Search,Medium,Household,303.56,1,0
ENQ-00075,2025-09-22,Bedok,Referral,Small,Student/Expats,183.56,1,0
ENQ-00076,2025-05-13,Jurong East,Referral,Small,SME,189.36,0,0
ENQ-00077,2025-12-30,Western Water Catchment,Google Search,Large,Household,414.87,0,0
ENQ-00078,2025-10-19,Tanglin,Walk-in,Large,Household,454.44,1,0
ENQ-00079,2025-02-21,North-Eastern Islands,Referral,Medium,Relocation,303.12,1,0
ENQ-00080,2025-03-18,Bedok,Google Search,Small,Household,192.65,1,0
ENQ-00081,2025-11-08,Choa Chu Kang,Walk-in,Medium,Household,291.78,1,0
ENQ-00082,2025-06-22,Simpang,Partner,Medium,Relocation,320.39,0,0
ENQ-00083,2025-09-28,Downtown Core,Meta Ads,Medium,Household,326.25,0,0
ENQ-00084,2025-03-09,Straits View,Organic,Small,Student/Expats,192.04,1,0
ENQ-00085,2025-08-30,Newton,Meta Ads,Locker,Household,91.64,0,0
ENQ-00086,2025-05-23,Straits View,Partner,Small,Household,173.56,0,0
ENQ-00087,2025-09-15,Tanglin,Partner,Small,SME,181.92,0,0
ENQ-00088,2025-10-07,Hougang,Meta Ads,Locker,Household,94.01,0,0
ENQ-00089,2025-08-17,Tuas,Organic,Large,Household,440.07,0,0
ENQ-00090,2025-11-12,Central Water Catchment,Google Search,Locker,E-commerce,93.15,0,0
ENQ-00091,2025-02-27,Simpang,Walk-in,Small,SME,191.78,0,0
ENQ-00092,2025-04-26,Rochor,Walk-in,Locker,SME,84.94,0,0
ENQ-00093,2025-04-16,Novena,Meta Ads,Locker,Household,88.82,0,0
ENQ-00094,2025-01-30,Novena,Google Search,Small,Household,206.66,0,0
ENQ-00095,2025-05-29,Rochor,Meta Ads,Locker,Household,100.46,0,0
ENQ-00096,2025-08-14,Boon Lay,Google Search,Locker,Household,88.69,0,0
ENQ-00097,2025-11-27,Downtown Core,Walk-in,Medium,Household,324.32,1,0
ENQ-00098,2025-12-08,Marine Parade,Referral,Medium,Household,289.8,0,0
ENQ-00099,2025-08-04,Rochor,Google Search,Small,E-commerce,171.54,0,0
ENQ-00100,2025-03-07,Marina South,Walk-in,Locker,Household,93.89,0,0
ENQ-00101,2025-06-13,Newton,Walk-in,Medium,Household,321.13,0,0
ENQ-00102,2025-01-25,Bukit Panjang,Referral,Medium,Household,297.69,1,1
ENQ-00103,2025-10-15,Jurong East,Walk-in,Locker,SME,100.71,1,0
ENQ-00104,2025-12-15,Orchard,Organic,Locker,SME,89.7,0,0
ENQ-00105,2025-05-10,Tanglin,Partner,Small,E-commerce,175.38,0,0
ENQ-00106,2025-11-25,Sengkang,Google Search,Medium,Household,311.14,0,0
ENQ-00107,2025-09-30,Tuas,Google Search,Small,Household,191.51,0,0
ENQ-00108,2025-04-26,Straits View,Organic,Small,SME,185.65,0,0
ENQ-00109,2025-05-13,Serangoon,Referral,Locker,Household,81.43,1,0
ENQ-00110,2025-03-06,Pioneer,Partner,Small,Student/Expats,170.95,1,1
ENQ-00111,2025-07-07,Pasir Ris,Google Search,Medium,SME,271.82,1,0
ENQ-00112,2025-09-09,North-Eastern Islands,Partner,Medium,E-commerce,323.32,0,0
ENQ-00113,2025-04-15,Central Water Catchment,Walk-in,Locker,SME,99.2,1,0
ENQ-00114,2025-11-10,Western Water Catchment,Meta Ads,Small,E-commerce,184.3,0,0
ENQ-00115,2025-03-20,Central Water Catchment,Walk-in,Large,Household,426.15,0,0
ENQ-00116,2025-11-29,Clementi,Partner,Locker,E-commerce,99.05,1,1
ENQ-00117,2025-10-04,Sembawang,Walk-in,Small,Household,205.68,0,0
ENQ-00118,2025-09-18,Bukit Timah,Google Search,Medium,Student/Expats,291.76,1,0
ENQ-00119,2025-08-11,Pasir Ris,Walk-in,Medium,Household,309.38,1,0
ENQ-00120,2025-03-19,Bukit Batok,Referral,Locker,Relocation,101.16,0,0
ENQ-00121,2025-09-15,Woodlands,Meta Ads,Medium,SME,319.85,0,0
ENQ-00122,2025-09-30,Marine Parade,Organic,Large,Household,463.69,0,0
ENQ-00123,2025-08-01,Serangoon,Google Search,Medium,SME,332.95,0,0
ENQ-00124,2025-09-25,Pioneer,Meta Ads,Large,Household,466.96,0,0
ENQ-00125,2025-05-31,Choa Chu Kang,Referral,Medium,Household,332.39,0,0
ENQ-00126,2025-09-15,Punggol,Meta Ads,Locker,E-commerce,85.8,0,0
ENQ-00127,2025-10-05,Jurong West,Referral,Medium,SME,282.57,0,0
ENQ-00128,2025-04-18,Pioneer,Google Search,Medium,E-commerce,294.46,1,0
ENQ-00129,2025-01-03,Bukit Merah,Organic,Large,Household,506.01,0,0
ENQ-00130,2025-08-19,Changi,Organic,Medium,SME,300.06,0,0
ENQ-00131,2025-07-28,Jurong East,Meta Ads,Locker,E-commerce,96.26,0,0
ENQ-00132,2025-11-08,Bukit Panjang,Organic,Small,Household,190.95,0,0
ENQ-00133,2025-10-20,Toa Payoh,Google Search,Medium,Household,263.11,1,0
ENQ-00134,2025-01-20,Seletar,Referral,Small,Student/Expats,194.55,1,0
ENQ-00135,2025-09-11,Boon Lay,Partner,Small,SME,163.03,0,0
ENQ-00136,2025-06-01,Queenstown,Meta Ads,Small,E-commerce,197.49,0,0
ENQ-00137,2025-12-16,Marina East,Google Search,Small,Household,171.93,0,0
ENQ-00138,2025-11-09,Hougang,Organic,Large,SME,487.16,0,0
ENQ-00139,2025-02-16,Bukit Panjang,Referral,Medium,Household,303.61,1,0
ENQ-00140,2025-09-16,Western Water Catchment,Meta Ads,Locker,Household,87.14,0,0
ENQ-00141,2025-02-04,Tengah,Meta Ads,Small,Student/Expats,170.37,0,0
ENQ-00142,2025-12-22,Bukit Merah,Meta Ads,Locker,Household,92.17,0,0
ENQ-00143,2025-10-24,Bukit Panjang,Google Search,Locker,SME,97.91,0,0
ENQ-00144,2025-12-30,Rochor,Google Search,Locker,Household,87.2,0,0
ENQ-00145,2025-07-01,Novena,Google Search,Small,Student/Expats,169.04,0,0
ENQ-00146,2025-09-07,Punggol,Organic,Medium,Household,316.96,1,0
ENQ-00147,2025-09-05,Orchard,Walk-in,Medium,Household,289.52,0,0
ENQ-00148,2025-11-09,Kallang,Google Search,Small,Relocation,194.63,1,0
ENQ-00149,2025-12-11,Bukit Timah,Google Search,Large,Relocation,416.53,0,0
ENQ-00150,2025-03-27,Choa Chu Kang,Google Search,Medium,SME,323.36,0,0
ENQ-00151,2025-06-26,Serangoon,Organic,Medium,Household,296.14,1,0
ENQ-00152,2025-02-26,North-Eastern Islands,Organic,Medium,Household,308.2,0,0
ENQ-00153,2025-10-21,Tuas,Google Search,Medium,Household,318.01,1,0
ENQ-00154,2025-06-03,Sembawang,Referral,Small,E-commerce,171.22,0,0
ENQ-00155,2025-09-27,Yishun,Walk-in,Small,Household,196.74,1,1
ENQ-00156,2025-02-13,Bishan,Google Search,Small,SME,191.56,0,0
ENQ-00157,2025-07-16,Queenstown,Referral,Large,Household,447.02,0,0
ENQ-00158,2025-03-13,Sengkang,Walk-in,Medium,Household,299.64,1,0
ENQ-00159,2025-09-20,Jurong East,Walk-in,Medium,Household,273.24,0,0
ENQ-00160,2025-04-11,Clementi,Organic,Medium,Student/Expats,318.9,0,0
ENQ-00161,2025-01-12,Downtown Core,Walk-in,Medium,Household,296.19,1,0
ENQ-00162,2025-09-17,Museum,Partner,Large,Relocation,428.93,0,0
ENQ-00163,2025-10-08,Bukit Batok,Organic,Medium,Household,331.58,0,0
ENQ-00164,2025-05-14,Southern Islands,Referral,Medium,Household,320.57,0,0
ENQ-00165,2025-05-11,Museum,Google Search,Medium,SME,269.19,1,0
ENQ-00166,2025-06-29,Marina South,Google Search,Large,E-commerce,484.58,0,0
ENQ-00167,2025-11-21,Pasir Ris,Google Search,Medium,Student/Expats,263.26,0,0
ENQ-00168,2025-09-05,Marina South,Meta Ads,Locker,Household,86.11,0,0
ENQ-00169,2025-01-04,Bishan,Organic,Medium,Household,265.97,0,0
ENQ-00170,2025-05-22,Boon Lay,Meta Ads,Large,Household,420.8,0,0
ENQ-00171,2025-09-08,Bukit Panjang,Organic,Locker,Household,89.54,0,0
ENQ-00172,2025-05-27,Marina South,Organic,Large,Household,418.83,0,0
ENQ-00173,2025-05-30,Singapore River,Walk-in,Medium,Household,315.66,0,1
ENQ-00174,2025-07-25,Choa Chu Kang,Meta Ads,Medium,Household,281.41,0,0
ENQ-00175,2025-11-13,Southern Islands,Google Search,Locker,Household,93.76,0,0
ENQ-00176,2025-08-15,Tengah,Partner,Small,E-commerce,164.9,0,0
ENQ-00177,2025-03-27,Changi,Google Search,Large,Household,441.54,0,0
ENQ-00178,2025-09-24,Marina South,Referral,Large,Student/Expats,421.32,0,0
ENQ-00179,2025-07-20,Newton,Meta Ads,Large,SME,515.08,0,0
ENQ-00180,2025-11-28,Changi Bay,Google Search,Large,Household,453.19,1,0
ENQ-00181,2025-11-03,Sengkang,Partner,Small,E-commerce,192.44,1,0
ENQ-00182,2025-03-08,Jurong East,Partner,Medium,Relocation,314.91,0,0
ENQ-00183,2025-08-02,Bukit Panjang,Referral,Small,Household,164.05,1,0
ENQ-00184,2025-04-03,Ang Mo Kio,Referral,Small,SME,182.14,0,0
ENQ-00185,2025-02-18,Southern Islands,Google Search,Locker,Household,83.43,0,0
ENQ-00186,2025-07-11,Central Water Catchment,Walk-in,Small,Household,179.87,1,0
ENQ-00187,2025-10-04,Tampines,Meta Ads,Small,SME,184.21,0,0
ENQ-00188,2025-05-07,Jurong West,Organic,Small,Household,180.5,0,0
ENQ-00189,2025-08-28,Jurong East,Walk-in,Small,E-commerce,194.46,0,1
ENQ-00190,2025-08-03,Rochor,Google Search,Locker,Student/Expats,95.97,0,0
ENQ-00191,2025-05-27,Straits View,Walk-in,Medium,SME,290.31,0,0
ENQ-00192,2025-10-12,Bedok,Partner,Medium,Household,261.73,0,0
ENQ-00193,2025-01-28,Pioneer,Meta Ads,Locker,SME,92.92,0,0
ENQ-00194,2025-03-22,Bedok,Organic,Medium,SME,267.12,0,0
ENQ-00195,2025-05-07,Central Water Catchment,Partner,Small,E-commerce,200.05,0,0
ENQ-00196,2025-03-14,Marina South,Organic,Small,E-commerce,197.93,0,0
ENQ-00197,2025-02-10,Marine Parade,Partner,Small,Household,178.7,0,0
ENQ-00198,2025-06-16,Newton,Partner,Small,Household,164.02,0,0
ENQ-00199,2025-06-06,Queenstown,Google Search,Small,Household,179.36,0,0
ENQ-00200,2025-10-21,Central Water Catchment,Meta Ads,Medium,SME,303.07,0,0
ENQ-00201,2025-12-31,Central Water Catchment,Walk-in,Large,Household,475.17,1,1
ENQ-00202,2025-12-29,Changi,Google Search,Small,Household,196.03,0,0
ENQ-00203,2025-05-02,Straits View,Organic,Locker,Relocation,100.99,0,0
ENQ-00204,2025-10-12,Central Water Catchment,Organic,Small,Relocation,179.35,0,0
ENQ-00205,2025-11-01,Straits View,Google Search,Small,Household,199.73,0,0
ENQ-00206,2025-02-20,Seletar,Partner,Locker,SME,86.29,0,0
ENQ-00207,2025-04-02,Ang Mo Kio,Google Search,Medium,Relocation,320.21,1,0
ENQ-00208,2025-09-09,Marina South,Meta Ads,Small,Household,182.77,0,0
ENQ-00209,2025-05-25,Bukit Merah,Google Search,Medium,Student/Expats,303.99,0,0
ENQ-00210,2025-05-20,Changi Bay,Referral,Locker,E-commerce,82.3,0,0
ENQ-00211,2025-03-11,Jurong East,Walk-in,Locker,Household,91.88,0,0
ENQ-00212,2025-04-12,Marina East,Organic,Small,SME,189.26,0,0
ENQ-00213,2025-06-28,Pasir Ris,Organic,Large,Household,483.24,0,0
ENQ-00214,2025-02-17,Marina South,Google Search,Large,Household,487.62,0,0
ENQ-00215,2025-11-19,Southern Islands,Partner,Small,SME,203.69,1,0
ENQ-00216,2025-08-02,Outram,Google Search,Medium,SME,282.71,0,0
ENQ-00217,2025-02-04,Tampines,Google Search,Small,Relocation,206.9,0,0
ENQ-00218,2025-01-30,Choa Chu Kang,Meta Ads,Locker,E-commerce,97.66,0,0
ENQ-00219,2025-07-07,Bukit Merah,Meta Ads,Medium,E-commerce,305.49,1,0
ENQ-00220,2025-09-17,Changi,Organic,Small,Household,166.99,0,0
ENQ-00221,2025-02-14,Museum,Organic,Large,SME,422.84,0,0
ENQ-00222,2025-12-24,Novena,Organic,Locker,Household,87.64,0,0
ENQ-00223,2025-08-03,Clementi,Walk-in,Large,Household,450.97,0,0
ENQ-00224,2025-06-07,Sungei Kadut,Organic,Large,SME,488.5,1,0
ENQ-00225,2025-02-01,Singapore River,Partner,Small,SME,165.23,0,0
ENQ-00226,2025-02-22,Yishun,Referral,Medium,SME,271.36,0,0
ENQ-00227,2025-10-17,River Valley,Google Search,Locker,SME,97.84,0,1
ENQ-00228,2025-06-03,Outram,Walk-in,Medium,SME,303.29,0,0
ENQ-00229,2025-11-16,Simpang,Organic,Small,Household,174.17,0,0
ENQ-00230,2025-12-04,Marina East,Walk-in,Large,Household,457.39,0,0
ENQ-00231,2025-08-06,Singapore River,Meta Ads,Medium,Relocation,310.0,0,0
ENQ-00232,2025-01-13,Lim Chu Kang,Google Search,Small,Household,192.42,0,0
ENQ-00233,2025-07-30,Sembawang,Organic,Medium,Household,330.37,0,0
ENQ-00234,2025-05-26,Changi Bay,Google Search,Medium,E-commerce,323.27,1,0
ENQ-00235,2025-01-31,Marina East,Meta Ads,Medium,Household,313.96,0,0
ENQ-00236,2025-06-22,Singapore River,Walk-in,Locker,Household,83.83,0,0
ENQ-00237,2025-05-29,Simpang,Referral,Medium,Household,267.19,1,0
ENQ-00238,2025-04-28,Central Water Catchment,Google Search,Medium,SME,310.88,1,0
ENQ-00239,2025-12-03,Bedok,Referral,Locker,Household,90.1,0,0
ENQ-00240,2025-01-29,Tampines,Referral,Small,Relocation,192.49,0,0
ENQ-00241,2025-04-14,Changi Bay,Referral,Locker,Student/Expats,82.72,0,0
ENQ-00242,2025-05-14,Straits View,Organic,Small,Household,195.26,0,0
ENQ-00243,2025-01-16,Jurong East,Referral,Medium,SME,324.75,0,0
ENQ-00244,2025-08-13,Clementi,Google Search,Medium,Household,272.04,0,0
ENQ-00245,2025-04-08,Outram,Google Search,Medium,Household,309.69,0,0
ENQ-00246,2025-11-08,Bukit Merah,Walk-in,Large,SME,422.69,0,0
ENQ-00247,2025-07-18,Simpang,Meta Ads,Locker,SME,94.01,1,0
ENQ-00248,2025-03-09,Tuas,Google Search,Small,SME,177.53,0,0
ENQ-00249,2025-06-08,Changi Bay,Google Search,Medium,Household,261.57,0,0
ENQ-00250,2025-08-14,Newton,Partner,Small,SME,165.43,0,0
ENQ-00251,2025-03-19,Punggol,Google Search,Medium,Household,273.02,0,0
ENQ-00252,2025-04-18,Lim Chu Kang,Meta Ads,Medium,Relocation,322.9,0,0
ENQ-00253,2025-03-09,Novena,Meta Ads,Large,Relocation,526.83,0,0
ENQ-00254,2025-10-01,Tanglin,Partner,Medium,Household,332.14,0,0
ENQ-00255,2025-09-30,Museum,Walk-in,Large,SME,501.09,1,0
ENQ-00256,2025-04-04,Orchard,Google Search,Medium,SME,301.97,0,0
ENQ-00257,2025-03-15,Downtown Core,Referral,Medium,Household,319.34,1,0
ENQ-00258,2025-11-18,Tuas,Google Search,Small,E-commerce,173.06,0,0
ENQ-00259,2025-01-10,Seletar,Walk-in,Large,Household,523.81,0,0
ENQ-00260,2025-08-29,Choa Chu Kang,Google Search,Medium,Household,265.18,0,0
ENQ-00261,2025-10-01,Pasir Ris,Referral,Large,Household,461.79,0,0
ENQ-00262,2025-12-31,Toa Payoh,Meta Ads,Large,Household,500.45,0,0
ENQ-00263,2025-12-20,Serangoon,Organic,Medium,Household,313.14,0,0
ENQ-00264,2025-10-09,Jurong East,Organic,Medium,Household,326.52,0,0
ENQ-00265,2025-05-12,Kallang,Referral,Medium,Student/Expats,275.82,1,0
ENQ-00266,2025-04-13,North-Eastern Islands,Organic,Locker,SME,87.64,0,0
ENQ-00267,2025-10-07,Changi Bay,Meta Ads,Medium,Household,317.11,0,0
ENQ-00268,2025-06-30,Museum,Google Search,Small,Household,167.75,0,1
ENQ-00269,2025-12-23,Bukit Panjang,Google Search,Medium,Household,261.73,0,0
ENQ-00270,2025-10-30,Serangoon,Meta Ads,Small,Household,190.83,0,0
ENQ-00271,2025-01-30,Western Water Catchment,Meta Ads,Small,E-commerce,170.17,0,0
ENQ-00272,2025-02-08,Marina East,Referral,Small,E-commerce,168.73,0,0
ENQ-00273,2025-07-21,Mandai,Referral,Locker,Household,87.05,0,0
ENQ-00274,2025-11-20,Pasir Ris,Google Search,Large,SME,478.41,0,0
ENQ-00275,2025-10-19,Bukit Timah,Google Search,Large,Household,434.72,1,0
ENQ-00276,2025-06-16,Changi Bay,Google Search,Medium,Household,264.76,1,0
ENQ-00277,2025-11-04,Sembawang,Meta Ads,Locker,Household,96.1,0,0
ENQ-00278,2025-09-28,Pasir Ris,Walk-in,Small,Household,162.72,0,0
ENQ-00279,2025-11-10,Kallang,Google Search,Medium,Student/Expats,301.53,0,0
ENQ-00280,2025-06-17,Newton,Meta Ads,Locker,SME,100.41,0,0
ENQ-00281,2025-05-27,Marina South,Meta Ads,Small,Household,169.08,0,0
ENQ-00282,2025-11-09,Serangoon,Partner,Medium,Household,302.45,0,0
ENQ-00283,2025-11-24,Punggol,Organic,Locker,SME,87.9,0,0
ENQ-00284,2025-01-05,Newton,Google Search,Medium,Household,317.82,0,0
ENQ-00285,2025-08-02,Queenstown,Organic,Small,Household,204.5,0,0
ENQ-00286,2025-08-03,Marine Parade,Meta Ads,Small,Household,166.56,0,0
ENQ-00287,2025-12-27,Geylang,Referral,Large,Household,434.63,0,0
ENQ-00288,2025-03-23,Sungei Kadut,Organic,Medium,Household,289.83,0,0
ENQ-00289,2025-10-18,Tanglin,Partner,Small,Household,205.58,0,0
ENQ-00290,2025-08-18,Outram,Meta Ads,Locker,Household,91.31,1,0
ENQ-00291,2025-10-17,Tengah,Referral,Medium,Household,293.67,0,0
ENQ-00292,2025-02-28,Marina East,Walk-in,Medium,Student/Expats,268.68,1,0
ENQ-00293,2025-02-17,Serangoon,Partner,Locker,E-commerce,89.4,1,0
ENQ-00294,2025-03-09,Seletar,Walk-in,Large,SME,439.36,0,0
ENQ-00295,2025-10-15,Orchard,Referral,Small,SME,195.43,0,0
ENQ-00296,2025-05-07,Sengkang,Meta Ads,Medium,Student/Expats,298.17,0,0
ENQ-00297,2025-09-30,Yishun,Meta Ads,Medium,SME,275.79,0,0
ENQ-00298,2025-02-16,Changi Bay,Google Search,Locker,Household,82.74,0,0
ENQ-00299,2025-11-14,Western Water Catchment,Google Search,Medium,SME,329.98,0,0
ENQ-00300,2025-06-13,Queenstown,Google Search,Large,SME,484.93,0,0
ENQ-00301,2025-09-21,Changi,Walk-in,Locker,Household,94.15,0,0
ENQ-00302,2025-12-19,Yishun,Meta Ads,Large,SME,466.25,0,0
ENQ-00303,2025-06-17,Southern Islands,Walk-in,Small,SME,164.88,0,0
ENQ-00304,2025-07-05,Hougang,Referral,Locker,Household,82.26,0,0
ENQ-00305,2025-05-09,Marine Parade,Partner,Medium,Household,279.87,1,0
ENQ-00306,2025-07-21,Bukit Merah,Meta Ads,Large,E-commerce,509.05,0,0
ENQ-00307,2025-07-15,Ang Mo Kio,Referral,Large,Household,443.31,0,0
ENQ-00308,2025-06-02,Tampines,Meta Ads,Medium,Household,318.01,0,0
ENQ-00309,2025-12-02,Pioneer,Organic,Medium,Household,301.12,0,0
ENQ-00310,2025-03-28,Bukit Merah,Meta Ads,Medium,Student/Expats,292.84,0,0
ENQ-00311,2025-03-28,Straits View,Google Search,Locker,SME,83.64,1,1
ENQ-00312,2025-05-14,Bedok,Referral,Medium,Household,286.03,0,0
ENQ-00313,2025-05-02,Bukit Timah,Google Search,Small,Household,185.37,0,0
ENQ-00314,2025-09-03,Changi Bay,Meta Ads,Small,Household,187.74,0,0
ENQ-00315,2025-01-19,Newton,Meta Ads,Medium,Household,275.77,0,0
ENQ-00316,2025-04-03,Ang Mo Kio,Partner,Small,Household,167.27,0,0
ENQ-00317,2025-01-17,Toa Payoh,Walk-in,Small,Household,171.19,0,0
ENQ-00318,2025-03-03,Central Water Catchment,Referral,Medium,Household,301.65,0,0
ENQ-00319,2025-01-25,Novena,Meta Ads,Medium,SME,294.72,0,0
ENQ-00320,2025-04-28,Simpang,Google Search,Medium,Household,322.99,0,0
ENQ-00321,2025-01-30,Tengah,Organic,Medium,Household,276.08,1,0
ENQ-00322,2025-07-04,Changi Bay,Referral,Medium,Student/Expats,332.17,0,0
ENQ-00323,2025-01-20,Marine Parade,Organic,Large,SME,439.31,0,0
ENQ-00324,2025-03-01,Bukit Batok,Meta Ads,Medium,SME,261.61,0,0
ENQ-00325,2025-12-14,Central Water Catchment,Google Search,Medium,Household,264.53,0,0
ENQ-00326,2025-11-14,Straits View,Google Search,Medium,SME,309.66,0,0
ENQ-00327,2025-04-02,Choa Chu Kang,Meta Ads,Small,Student/Expats,202.87,0,0
ENQ-00328,2025-10-19,Toa Payoh,Meta Ads,Medium,SME,283.25,0,0
ENQ-00329,2025-01-08,Novena,Partner,Medium,Household,323.46,0,0
ENQ-00330,2025-07-26,Hougang,Google Search,Medium,SME,293.18,0,0
ENQ-00331,2025-03-03,Central Water Catchment,Walk-in,Medium,Household,307.14,0,0
ENQ-00332,2025-04-20,Yishun,Google Search,Small,SME,191.79,0,0
ENQ-00333,2025-11-22,Singapore River,Meta Ads,Medium,E-commerce,271.92,0,0
ENQ-00334,2025-03-11,Serangoon,Meta Ads,Small,Student/Expats,190.35,0,0
ENQ-00335,2025-02-25,Tanglin,Meta Ads,Small,SME,181.64,0,0
ENQ-00336,2025-11-27,Clementi,Walk-in,Medium,E-commerce,320.93,0,0
ENQ-00337,2025-03-02,Woodlands,Google Search,Medium,Relocation,263.93,0,0
ENQ-00338,2025-07-06,Boon Lay,Google Search,Medium,Household,266.82,0,1
ENQ-00339,2025-04-24,River Valley,Google Search,Medium,Household,298.09,1,0
ENQ-00340,2025-12-07,Bukit Merah,Google Search,Small,Household,190.72,0,0
ENQ-00341,2025-06-02,Lim Chu Kang,Walk-in,Small,SME,203.81,0,0
ENQ-00342,2025-02-20,Bukit Merah,Meta Ads,Small,SME,182.75,0,0
ENQ-00343,2025-07-08,Orchard,Organic,Medium,SME,329.27,1,0
ENQ-00344,2025-02-28,Sungei Kadut,Google Search,Medium,SME,272.32,0,0
ENQ-00345,2025-04-14,Marine Parade,Partner,Medium,Household,321.71,1,1
ENQ-00346,2025-02-28,North-Eastern Islands,Meta Ads,Medium,Student/Expats,330.67,0,0
ENQ-00347,2025-01-13,Rochor,Google Search,Locker,SME,101.73,0,0
ENQ-00348,2025-10-26,Tuas,Organic,Locker,Household,82.9,0,0
ENQ-00349,2025-11-14,Novena,Walk-in,Medium,SME,310.55,0,0
ENQ-00350,2025-06-28,Downtown Core,Partner,Locker,Student/Expats,102.9,0,0
ENQ-00351,2025-10-03,Rochor,Organic,Small,Household,192.12,0,0
ENQ-00352,2025-01-11,Changi,Google Search,Medium,Household,295.43,1,0
ENQ-00353,2025-02-21,Orchard,Walk-in,Small,SME,169.47,1,1
ENQ-00354,2025-12-26,Singapore River,Google Search,Small,SME,162.92,0,0
ENQ-00355,2025-05-05,Marina East,Google Search,Small,Relocation,202.42,0,0
ENQ-00356,2025-10-05,Tampines,Referral,Small,Household,198.17,1,0
ENQ-00357,2025-05-08,Tuas,Google Search,Locker,SME,91.98,1,0
ENQ-00358,2025-11-09,River Valley,Organic,Medium,Household,274.83,0,0
ENQ-00359,2025-04-16,Jurong East,Meta Ads,Small,SME,206.53,0,0
ENQ-00360,2025-03-23,Woodlands,Referral,Small,SME,192.92,0,0
ENQ-00361,2025-01-18,North-Eastern Islands,Organic,Locker,SME,92.56,0,0
ENQ-00362,2025-08-17,Central Water Catchment,Referral,Small,E-commerce,201.13,0,0
ENQ-00363,2025-10-08,Clementi,Google Search,Medium,Household,322.97,1,0
ENQ-00364,2025-08-25,Bishan,Partner,Small,Student/Expats,187.95,0,0
ENQ-00365,2025-07-25,Bukit Panjang,Walk-in,Small,Relocation,177.19,0,0
ENQ-00366,2025-07-09,Bukit Merah,Google Search,Large,Household,473.81,0,0
ENQ-00367,2025-01-13,Bukit Batok,Google Search,Medium,SME,288.3,1,0
ENQ-00368,2025-09-30,Ang Mo Kio,Walk-in,Small,Household,204.51,0,0
ENQ-00369,2025-07-06,Changi Bay,Meta Ads,Medium,Household,311.93,0,0
ENQ-00370,2025-10-13,Pasir Ris,Organic,Large,E-commerce,509.17,1,1
ENQ-00371,2025-04-22,Sengkang,Partner,Small,SME,202.98,0,0
ENQ-00372,2025-06-29,Singapore River,Walk-in,Small,Student/Expats,206.84,0,0
ENQ-00373,2025-09-22,Novena,Meta Ads,Small,Household,203.17,0,0
ENQ-00374,2025-11-17,Jurong East,Google Search,Medium,Household,302.21,0,0
ENQ-00375,2025-08-01,Outram,Organic,Medium,Relocation,265.8,1,0
ENQ-00376,2025-08-21,Clementi,Organic,Small,Household,176.95,0,0
ENQ-00377,2025-06-05,Pioneer,Google Search,Medium,SME,282.43,0,0
ENQ-00378,2025-03-09,Boon Lay,Organic,Small,Student/Expats,182.5,0,0
ENQ-00379,2025-09-04,Marina East,Google Search,Small,E-commerce,168.4,0,0
ENQ-00380,2025-07-29,Mandai,Walk-in,Large,SME,521.98,0,0
ENQ-00381,2025-05-17,Woodlands,Google Search,Small,E-commerce,177.36,0,0
ENQ-00382,2025-09-07,Bishan,Walk-in,Locker,Household,95.57,0,0
ENQ-00383,2025-01-05,Tampines,Meta Ads,Locker,Relocation,91.4,0,0
ENQ-00384,2025-06-11,Changi Bay,Meta Ads,Medium,Household,282.39,0,0
ENQ-00385,2025-03-07,Tanglin,Organic,Small,Household,199.39,1,0
ENQ-00386,2025-10-21,Newton,Google Search,Medium,Relocation,314.21,0,0
ENQ-00387,2025-03-11,Bukit Merah,Meta Ads,Large,Household,489.75,0,0
ENQ-00388,2025-12-26,Serangoon,Organic,Medium,Student/Expats,284.69,1,0
ENQ-00389,2025-08-25,Bukit Merah,Google Search,Locker,Household,94.16,0,0
ENQ-00390,2025-12-26,Bedok,Referral,Locker,SME,83.32,1,0
ENQ-00391,2025-04-04,Yishun,Organic,Small,Relocation,177.64,1,1
ENQ-00392,2025-10-05,Jurong East,Google Search,Small,SME,187.99,0,0
ENQ-00393,2025-01-22,Pasir Ris,Organic,Small,Household,198.26,0,0
ENQ-00394,2025-06-15,Pasir Ris,Meta Ads,Small,SME,171.96,0,0
ENQ-00395,2025-09-26,Woodlands,Walk-in,Small,Household,167.34,0,0
ENQ-00396,2025-01-26,Tanglin,Google Search,Large,Household,489.23,0,0
ENQ-00397,2025-01-13,Kallang,Referral,Small,Household,196.81,1,0
ENQ-00398,2025-04-10,Marina South,Google Search,Medium,Relocation,284.17,0,0
ENQ-00399,2025-03-06,Western Water Catchment,Referral,Small,E-commerce,186.2,1,0
ENQ-00400,2025-10-23,Bukit Batok,Google Search,Locker,Student/Expats,90.43,1,0
ENQ-00401,2025-09-16,River Valley,Meta Ads,Small,SME,205.12,0,0
ENQ-00402,2025-04-13,Simpang,Organic,Medium,SME,315.55,0,0
ENQ-00403,2025-03-01,Outram,Partner,Small,Student/Expats,162.36,0,0
ENQ-00404,2025-01-04,Simpang,Organic,Medium,SME,279.09,0,0
ENQ-00405,2025-07-31,Geylang,Referral,Small,Student/Expats,199.28,0,0
ENQ-00406,2025-12-03,Bukit Batok,Partner,Medium,Household,319.39,0,0
ENQ-00407,2025-09-04,North-Eastern Islands,Google Search,Small,Relocation,189.16,0,0
ENQ-00408,2025-09-08,Central Water Catchment,Partner,Large,Household,439.61,0,0
ENQ-00409,2025-10-08,Rochor,Organic,Locker,Household,98.04,0,0
ENQ-00410,2025-05-07,Rochor,Partner,Locker,SME,84.67,0,0
ENQ-00411,2025-08-02,Sengkang,Google Search,Large,Household,513.87,0,0
ENQ-00412,2025-09-29,Hougang,Google Search,Medium,Household,303.29,1,0
ENQ-00413,2025-08-27,Changi Bay,Organic,Locker,SME,102.91,0,0
ENQ-00414,2025-03-20,Woodlands,Organic,Small,Student/Expats,186.74,1,0
ENQ-00415,2025-01-17,Lim Chu Kang,Google Search,Small,Household,165.94,1,0
ENQ-00416,2025-06-24,Outram,Google Search,Medium,Household,315.55,1,0
ENQ-00417,2025-10-12,Straits View,Referral,Small,Household,169.26,0,0
ENQ-00418,2025-11-07,Woodlands,Google Search,Locker,Household,89.12,0,0
ENQ-00419,2025-12-22,Bukit Merah,Meta Ads,Medium,Household,278.87,0,0
ENQ-00420,2025-11-25,Boon Lay,Google Search,Small,Household,192.26,0,0
ENQ-00421,2025-02-19,Bukit Batok,Meta Ads,Small,Household,178.22,0,0
ENQ-00422,2025-03-18,Museum,Walk-in,Large,Household,526.39,0,0
ENQ-00423,2025-07-08,Sengkang,Meta Ads,Medium,Relocation,292.49,0,0
ENQ-00424,2025-09-30,Tampines,Google Search,Small,SME,181.33,0,0
ENQ-00425,2025-01-04,Sengkang,Google Search,Medium,SME,295.14,0,0
ENQ-00426,2025-06-30,Changi Bay,Meta Ads,Medium,Household,268.46,0,0
ENQ-00427,2025-11-27,Lim Chu Kang,Partner,Medium,Household,304.08,0,0
ENQ-00428,2025-03-25,Rochor,Google Search,Small,E-commerce,193.16,0,0
ENQ-00429,2025-02-11,Sungei Kadut,Google Search,Small,SME,167.49,0,0
ENQ-00430,2025-06-11,Novena,Organic,Small,SME,167.69,1,0
ENQ-00431,2025-06-25,Museum,Organic,Locker,SME,93.33,1,0
ENQ-00432,2025-02-26,River Valley,Walk-in,Large,Household,480.34,0,0
ENQ-00433,2025-04-20,Geylang,Organic,Locker,SME,101.64,0,0
ENQ-00434,2025-06-22,Marina East,Meta Ads,Small,SME,202.51,0,0
ENQ-00435,2025-05-28,Marina East,Google Search,Large,Household,445.27,1,0
ENQ-00436,2025-08-31,Tuas,Meta Ads,Medium,Household,284.46,0,0
ENQ-00437,2025-02-15,Choa Chu Kang,Meta Ads,Locker,Household,101.66,0,0
ENQ-00438,2025-12-09,Boon Lay,Google Search,Medium,E-commerce,261.0,0,0
ENQ-00439,2025-04-20,Queenstown,Meta Ads,Locker,SME,102.55,0,0
ENQ-00440,2025-04-05,Bukit Panjang,Organic,Small,SME,172.81,1,0
ENQ-00441,2025-04-06,Singapore River,Organic,Locker,Relocation,92.97,0,0
ENQ-00442,2025-07-12,Changi,Organic,Small,Household,184.01,0,0
ENQ-00443,2025-06-10,North-Eastern Islands,Referral,Medium,Household,311.27,0,0
ENQ-00444,2025-08-31,Bukit Batok,Partner,Small,E-commerce,170.4,1,0
ENQ-00445,2025-04-21,Boon Lay,Google Search,Medium,Student/Expats,270.1,0,0
ENQ-00446,2025-10-26,Toa Payoh,Partner,Small,E-commerce,199.46,0,0
ENQ-00447,2025-09-24,Kallang,Google Search,Medium,Student/Expats,297.11,0,0
ENQ-00448,2025-08-08,Southern Islands,Partner,Large,E-commerce,497.98,0,0
ENQ-00449,2025-06-03,Bukit Batok,Walk-in,Medium,Household,299.4,0,0
ENQ-00450,2025-03-30,Jurong West,Walk-in,Medium,Household,306.54,0,0
ENQ-00451,2025-12-14,Hougang,Google Search,Large,Household,481.22,0,0
ENQ-00452,2025-12-19,Outram,Partner,Small,Household,206.9,0,0
ENQ-00453,2025-06-22,Outram,Organic,Locker,Student/Expats,89.71,0,0
ENQ-00454,2025-11-16,Boon Lay,Partner,Medium,Relocation,330.21,1,0
ENQ-00455,2025-11-02,Choa Chu Kang,Google Search,Small,Household,179.63,1,0
ENQ-00456,2025-08-06,Lim Chu Kang,Organic,Small,Household,166.44,1,0
ENQ-00457,2025-09-01,Marina East,Walk-in,Locker,SME,89.92,0,0
ENQ-00458,2025-09-08,Changi Bay,Google Search,Small,SME,204.28,0,0
ENQ-00459,2025-01-30,Bukit Batok,Partner,Locker,Household,99.64,0,0
ENQ-00460,2025-09-10,Choa Chu Kang,Walk-in,Locker,Student/Expats,84.99,0,0
ENQ-00461,2025-01-19,Serangoon,Walk-in,Small,SME,192.25,0,0
ENQ-00462,2025-06-04,Rochor,Google Search,Small,Student/Expats,172.2,0,0
ENQ-00463,2025-06-29,Bedok,Google Search,Locker,Household,85.26,0,0
ENQ-00464,2025-12-30,Newton,Meta Ads,Locker,Student/Expats,94.23,0,0
ENQ-00465,2025-06-21,Serangoon,Organic,Large,Household,415.68,0,0
ENQ-00466,2025-08-12,Pioneer,Referral,Small,SME,170.32,1,0
ENQ-00467,2025-02-22,Mandai,Partner,Small,Household,165.6,0,0
ENQ-00468,2025-09-23,Queenstown,Google Search,Small,Household,179.9,0,0
ENQ-00469,2025-01-08,Clementi,Referral,Medium,Household,265.5,1,0
ENQ-00470,2025-07-14,Jurong West,Walk-in,Medium,SME,264.53,1,1
ENQ-00471,2025-10-05,Sungei Kadut,Google Search,Medium,SME,329.58,0,0
ENQ-00472,2025-11-02,Tanglin,Google Search,Locker,Household,92.67,0,0
ENQ-00473,2025-05-14,Lim Chu Kang,Google Search,Medium,Relocation,288.71,0,0
ENQ-00474,2025-06-28,Yishun,Organic,Small,E-commerce,191.38,0,0
ENQ-00475,2025-11-19,Museum,Walk-in,Large,SME,427.2,0,0
ENQ-00476,2025-04-28,Sembawang,Partner,Medium,Household,269.15,0,0
ENQ-00477,2025-04-24,Jurong West,Meta Ads,Medium,SME,284.56,0,0
ENQ-00478,2025-08-04,Seletar,Walk-in,Small,Household,170.14,0,0
ENQ-00479,2025-12-14,Yishun,Referral,Medium,Household,265.93,1,0
ENQ-00480,2025-04-08,Marina South,Partner,Medium,Household,305.85,0,0
ENQ-00481,2025-06-22,Yishun,Walk-in,Locker,Household,100.79,0,0
ENQ-00482,2025-05-14,Ang Mo Kio,Referral,Small,SME,180.83,0,0
ENQ-00483,2025-08-13,Singapore River,Organic,Medium,Household,277.28,1,0
ENQ-00484,2025-06-19,Bukit Timah,Meta Ads,Small,Household,176.88,0,0
ENQ-00485,2025-03-31,Sengkang,Organic,Small,Household,176.28,0,0
ENQ-00486,2025-01-25,Yishun,Walk-in,Small,Household,172.92,1,0
ENQ-00487,2025-06-17,Bedok,Google Search,Locker,SME,81.7,0,0
ENQ-00488,2025-08-25,Tampines,Google Search,Small,SME,184.25,1,0
ENQ-00489,2025-08-14,Novena,Partner,Medium,E-commerce,282.44,0,0
ENQ-00490,2025-12-02,Newton,Organic,Small,Household,186.98,0,0
ENQ-00491,2025-12-27,Orchard,Google Search,Locker,Household,92.66,1,0
ENQ-00492,2025-11-25,Boon Lay,Meta Ads,Medium,Household,283.39,0,0
ENQ-00493,2025-04-09,Marine Parade,Partner,Medium,E-commerce,319.56,0,0
ENQ-00494,2025-04-19,Bukit Batok,Meta Ads,Medium,Household,264.57,0,0
ENQ-00495,2025-09-24,Tengah,Meta Ads,Small,Household,184.5,0,0
ENQ-00496,2025-11-04,Downtown Core,Walk-in,Small,SME,189.92,0,0
ENQ-00497,2025-07-25,Outram,Google Search,Small,Student/Expats,168.83,0,0
ENQ-00498,2025-05-10,Seletar,Partner,Large,Household,497.5,0,0
ENQ-00499,2025-12-06,Hougang,Organic,Medium,Household,280.51,1,0
ENQ-00500,2025-12-27,Tampines,Walk-in,Small,E-commerce,200.08,1,0
ENQ-00501,2025-01-30,Choa Chu Kang,Referral,Small,Household,166.91,1,0
ENQ-00502,2025-03-24,Boon Lay,Meta Ads,Medium,Household,323.15,0,0
ENQ-00503,2025-08-03,Tampines,Google Search,Medium,Household,309.53,0,0
ENQ-00504,2025-10-11,Museum,Google Search,Medium,Student/Expats,330.05,0,0
ENQ-00505,2025-11-11,Rochor,Organic,Medium,Relocation,323.24,1,0
ENQ-00506,2025-11-08,Clementi,Partner,Medium,SME,283.27,0,0
ENQ-00507,2025-08-18,Novena,Meta Ads,Locker,Household,96.22,0,0
ENQ-00508,2025-07-06,Straits View,Meta Ads,Medium,Household,321.14,0,0
ENQ-00509,2025-09-27,Boon Lay,Organic,Medium,SME,324.75,0,0
ENQ-00510,2025-07-25,Western Water Catchment,Organic,Small,Household,200.81,0,0
ENQ-00511,2025-12-27,Changi Bay,Partner,Locker,Relocation,103.4,0,0
ENQ-00512,2025-03-20,Museum,Referral,Small,Household,181.83,0,0
ENQ-00513,2025-02-07,Tanglin,Referral,Locker,Household,91.15,0,0
ENQ-00514,2025-03-26,Sembawang,Walk-in,Small,E-commerce,200.4,0,0
ENQ-00515,2025-05-10,Novena,Meta Ads,Large,SME,449.83,0,0
ENQ-00516,2025-11-03,Novena,Organic,Locker,Household,85.94,1,0
ENQ-00517,2025-10-05,Serangoon,Meta Ads,Medium,E-commerce,324.52,0,0
ENQ-00518,2025-08-04,Ang Mo Kio,Google Search,Small,Household,195.48,0,0
ENQ-00519,2025-07-07,Marina East,Google Search,Large,Household,435.84,1,0
ENQ-00520,2025-07-01,Punggol,Partner,Small,Household,184.9,0,0
ENQ-00521,2025-10-13,Bukit Timah,Walk-in,Medium,Household,296.03,0,0
ENQ-00522,2025-07-12,Serangoon,Meta Ads,Large,Household,444.71,0,0
ENQ-00523,2025-11-28,Changi Bay,Google Search,Large,Household,517.98,1,0
ENQ-00524,2025-01-24,Central Water Catchment,Organic,Small,Household,164.76,0,0
ENQ-00525,2025-01-22,Outram,Meta Ads,Large,E-commerce,475.76,0,0
ENQ-00526,2025-09-04,Punggol,Partner,Large,Household,511.1,0,0
ENQ-00527,2025-02-26,Queenstown,Google Search,Locker,Student/Expats,99.48,0,0
ENQ-00528,2025-08-07,Bukit Timah,Organic,Medium,Household,296.01,0,0
ENQ-00529,2025-03-15,Marina East,Meta Ads,Small,Household,206.14,0,0
ENQ-00530,2025-10-29,Museum,Organic,Large,E-commerce,482.11,0,0
ENQ-00531,2025-05-20,Pasir Ris,Partner,Medium,E-commerce,272.29,0,0
ENQ-00532,2025-02-14,Punggol,Google Search,Small,Relocation,173.74,0,0
ENQ-00533,2025-04-19,Marina East,Meta Ads,Medium,Household,297.52,0,0
ENQ-00534,2025-04-29,Southern Islands,Meta Ads,Small,Household,190.29,0,0
ENQ-00535,2025-05-31,Sungei Kadut,Meta Ads,Medium,Student/Expats,328.0,0,0
ENQ-00536,2025-08-12,Boon Lay,Meta Ads,Large,SME,493.21,0,0
ENQ-00537,2025-03-15,Newton,Referral,Large,SME,521.29,0,0
ENQ-00538,2025-10-11,Woodlands,Meta Ads,Small,Household,170.11,1,0
ENQ-00539,2025-03-30,Marine Parade,Meta Ads,Medium,Household,283.92,1,0
ENQ-00540,2025-04-27,Lim Chu Kang,Google Search,Small,Household,175.41,1,0
ENQ-00541,2025-12-18,Bedok,Organic,Small,Household,203.67,1,0
ENQ-00542,2025-07-22,Tuas,Organic,Small,Household,165.64,0,0
ENQ-00543,2025-04-11,Sembawang,Walk-in,Medium,Household,269.33,1,0
ENQ-00544,2025-04-17,Changi Bay,Referral,Locker,Household,85.87,0,0
ENQ-00545,2025-08-05,Toa Payoh,Partner,Medium,Household,321.13,0,0
ENQ-00546,2025-09-30,Queenstown,Organic,Small,Household,194.63,0,0
ENQ-00547,2025-11-04,Clementi,Organic,Medium,SME,300.48,1,0
ENQ-00548,2025-02-18,Ang Mo Kio,Organic,Locker,Household,94.13,0,0
ENQ-00549,2025-12-02,Sembawang,Google Search,Medium,Household,304.24,0,0
ENQ-00550,2025-03-04,Sembawang,Organic,Locker,SME,94.8,0,0
ENQ-00551,2025-02-13,Toa Payoh,Meta Ads,Small,SME,192.0,0,0
ENQ-00552,2025-03-07,Tuas,Organic,Locker,Household,89.72,1,0
ENQ-00553,2025-07-06,Sembawang,Meta Ads,Large,SME,512.39,0,0
ENQ-00554,2025-08-26,Simpang,Google Search,Locker,Student/Expats,88.38,0,0
ENQ-00555,2025-03-12,Bukit Timah,Google Search,Medium,SME,322.73,1,0
ENQ-00556,2025-01-11,Bukit Merah,Meta Ads,Small,Student/Expats,197.51,1,0
ENQ-00557,2025-01-17,Bukit Panjang,Meta Ads,Small,E-commerce,193.7,0,0
ENQ-00558,2025-01-14,Kallang,Google Search,Medium,Household,299.59,0,0
ENQ-00559,2025-08-11,Bishan,Partner,Small,SME,169.48,0,0
ENQ-00560,2025-12-04,Bukit Batok,Meta Ads,Medium,Relocation,303.9,0,0
ENQ-00561,2025-11-25,Jurong East,Google Search,Small,Household,194.76,0,0
ENQ-00562,2025-12-28,Marina East,Organic,Small,SME,174.45,0,0
ENQ-00563,2025-01-20,Pioneer,Organic,Large,SME,498.77,1,0
ENQ-00564,2025-11-26,Simpang,Referral,Large,Household,499.18,0,0
ENQ-00565,2025-09-05,Clementi,Organic,Locker,Household,91.7,0,0
ENQ-00566,2025-12-18,Boon Lay,Google Search,Medium,Household,321.03,0,0
ENQ-00567,2025-11-27,Tanglin,Organic,Medium,Household,288.76,0,0
ENQ-00568,2025-08-01,Newton,Organic,Small,Household,189.75,0,0
ENQ-00569,2025-04-20,Punggol,Walk-in,Small,SME,172.41,0,0
ENQ-00570,2025-07-05,Bedok,Organic,Medium,SME,298.5,0,0
ENQ-00571,2025-10-02,Rochor,Google Search,Small,Household,166.3,0,0
ENQ-00572,2025-02-26,Punggol,Google Search,Medium,Household,284.01,0,0
ENQ-00573,2025-04-18,Jurong East,Partner,Large,Household,423.17,0,0
ENQ-00574,2025-07-23,Tampines,Meta Ads,Locker,SME,90.14,0,0
ENQ-00575,2025-11-04,Geylang,Organic,Medium,Household,275.63,0,0
ENQ-00576,2025-12-21,Orchard,Meta Ads,Small,Household,183.34,0,0
ENQ-00577,2025-05-31,Straits View,Google Search,Small,Household,206.31,1,0
ENQ-00578,2025-07-08,Novena,Meta Ads,Large,Student/Expats,450.56,1,0
ENQ-00579,2025-12-19,North-Eastern Islands,Walk-in,Locker,SME,89.73,0,0
ENQ-00580,2025-08-14,Changi,Partner,Medium,Relocation,287.35,0,0
ENQ-00581,2025-03-12,Newton,Walk-in,Medium,E-commerce,275.85,0,0
ENQ-00582,2025-08-09,Bukit Merah,Organic,Small,Household,206.23,0,0
ENQ-00583,2025-08-03,Tanglin,Organic,Small,E-commerce,201.13,1,0
ENQ-00584,2025-04-15,Museum,Google Search,Medium,SME,278.58,0,0
ENQ-00585,2025-03-10,Boon Lay,Partner,Small,Household,167.32,0,0
ENQ-00586,2025-06-19,Changi,Organic,Medium,Household,318.69,1,0
ENQ-00587,2025-07-18,Bukit Batok,Google Search,Small,Relocation,197.88,0,0
ENQ-00588,2025-02-20,North-Eastern Islands,Referral,Small,Student/Expats,178.19,0,0
ENQ-00589,2025-07-14,Woodlands,Meta Ads,Medium,Household,295.84,1,0
ENQ-00590,2025-12-17,Bukit Batok,Google Search,Medium,Household,265.51,0,0
ENQ-00591,2025-05-25,Sengkang,Organic,Small,Student/Expats,170.67,1,0
ENQ-00592,2025-01-19,Boon Lay,Google Search,Small,Household,176.97,0,0
ENQ-00593,2025-02-11,Geylang,Organic,Small,Household,173.46,0,0
ENQ-00594,2025-07-12,Sengkang,Google Search,Medium,Household,263.85,1,0
ENQ-00595,2025-11-04,River Valley,Google Search,Medium,Household,317.8,1,0
ENQ-00596,2025-08-09,Newton,Google Search,Medium,Relocation,297.95,0,0
ENQ-00597,2025-01-21,Woodlands,Walk-in,Large,Household,419.81,0,0
ENQ-00598,2025-04-30,Bukit Merah,Walk-in,Small,Household,199.06,0,0
ENQ-00599,2025-10-04,Mandai,Meta Ads,Small,Household,178.1,1,1
ENQ-00600,2025-04-19,Simpang,Meta Ads,Medium,Household,289.49,0,0
ENQ-00601,2025-12-03,Downtown Core,Partner,Medium,Relocation,302.34,0,0
ENQ-00602,2025-01-17,Downtown Core,Meta Ads,Locker,SME,97.85,0,0
ENQ-00603,2025-03-22,Choa Chu Kang,Google Search,Large,Household,428.86,1,0
ENQ-00604,2025-07-15,Outram,Referral,Medium,SME,332.8,0,0
ENQ-00605,2025-07-22,Tampines,Organic,Locker,Household,90.72,0,0
ENQ-00606,2025-08-02,Marina South,Meta Ads,Medium,Household,274.59,0,0
ENQ-00607,2025-04-13,Orchard,Walk-in,Small,Household,187.7,0,0
ENQ-00608,2025-03-23,Outram,Meta Ads,Medium,SME,287.97,1,0
ENQ-00609,2025-07-20,Downtown Core,Walk-in,Small,Relocation,173.14,0,0
ENQ-00610,2025-07-23,Sembawang,Google Search,Locker,Household,83.69,0,0
ENQ-00611,2025-03-29,Marine Parade,Google Search,Locker,E-commerce,102.34,0,1
ENQ-00612,2025-12-25,Jurong East,Referral,Small,Household,206.25,1,0
ENQ-00613,2025-09-09,River Valley,Google Search,Small,SME,184.14,0,0
ENQ-00614,2025-02-13,Museum,Organic,Medium,E-commerce,283.45,0,0
ENQ-00615,2025-03-08,Bukit Timah,Google Search,Locker,SME,86.71,0,0
ENQ-00616,2025-01-17,Tampines,Meta Ads,Small,E-commerce,162.33,0,0
ENQ-00617,2025-01-04,Southern Islands,Organic,Medium,Household,282.99,0,0
ENQ-00618,2025-10-23,Simpang,Google Search,Locker,E-commerce,95.5,1,0
ENQ-00619,2025-09-15,Pasir Ris,Organic,Locker,Household,96.6,0,0
ENQ-00620,2025-08-15,Bishan,Walk-in,Medium,Relocation,322.75,1,0
ENQ-00621,2025-09-25,Seletar,Organic,Small,Household,181.4,0,1
ENQ-00622,2025-08-06,Bukit Merah,Referral,Medium,Student/Expats,306.8,0,0
ENQ-00623,2025-08-25,Hougang,Google Search,Small,Household,184.69,0,0
ENQ-00624,2025-07-18,Tanglin,Google Search,Small,Household,175.69,0,0
ENQ-00625,2025-12-06,Serangoon,Meta Ads,Locker,SME,93.99,0,0
ENQ-00626,2025-05-13,Changi Bay,Google Search,Locker,SME,90.79,0,0
ENQ-00627,2025-05-03,Mandai,Google Search,Medium,E-commerce,268.56,1,0
ENQ-00628,2025-06-18,Rochor,Organic,Small,Student/Expats,167.81,0,0
ENQ-00629,2025-11-10,Rochor,Organic,Medium,Household,326.21,1,0
ENQ-00630,2025-08-14,Yishun,Referral,Large,Household,479.8,0,0
ENQ-00631,2025-02-08,Bukit Timah,Google Search,Large,Household,521.03,1,0
ENQ-00632,2025-01-21,Woodlands,Google Search,Small,Household,166.13,0,0
ENQ-00633,2025-10-18,Marina South,Walk-in,Medium,Relocation,292.84,1,0
ENQ-00634,2025-05-06,Punggol,Google Search,Medium,Household,291.95,0,0
ENQ-00635,2025-04-24,Geylang,Google Search,Small,SME,205.77,0,0
ENQ-00636,2025-08-06,Changi,Meta Ads,Medium,SME,280.44,0,0
ENQ-00637,2025-09-14,Novena,Meta Ads,Locker,Household,102.89,0,0
ENQ-00638,2025-06-04,Bedok,Organic,Medium,Household,321.82,0,0
ENQ-00639,2025-07-18,Tengah,Walk-in,Small,Household,198.92,0,0
ENQ-00640,2025-01-31,Changi,Partner,Medium,SME,310.57,0,0
ENQ-00641,2025-03-25,Marina East,Walk-in,Small,Household,179.85,1,0
ENQ-00642,2025-06-15,North-Eastern Islands,Referral,Small,Relocation,174.78,0,0
ENQ-00643,2025-11-01,Outram,Meta Ads,Medium,SME,309.95,0,0
ENQ-00644,2025-02-27,Woodlands,Meta Ads,Locker,SME,102.66,0,0
ENQ-00645,2025-01-06,Bishan,Meta Ads,Medium,SME,311.99,0,0
ENQ-00646,2025-04-13,Straits View,Google Search,Large,Household,463.68,1,0
ENQ-00647,2025-09-16,Sungei Kadut,Google Search,Medium,Household,296.84,0,0
ENQ-00648,2025-02-04,Geylang,Google Search,Large,Household,500.68,0,0
ENQ-00649,2025-09-06,Marine Parade,Referral,Small,Student/Expats,203.02,0,0
ENQ-00650,2025-04-13,Hougang,Meta Ads,Large,Household,466.65,0,0
ENQ-00651,2025-12-23,Newton,Partner,Large,Household,439.65,0,0
ENQ-00652,2025-01-28,Orchard,Google Search,Small,Household,198.82,0,0
ENQ-00653,2025-11-10,Novena,Organic,Small,Household,182.36,0,0
ENQ-00654,2025-06-13,Marina East,Google Search,Locker,Household,83.8,0,0
ENQ-00655,2025-10-27,Marina East,Google Search,Medium,Household,294.03,0,0
ENQ-00656,2025-02-18,Downtown Core,Partner,Locker,SME,103.05,0,0
ENQ-00657,2025-01-02,Changi Bay,Walk-in,Locker,E-commerce,89.61,0,0
ENQ-00658,2025-12-21,Jurong East,Organic,Medium,Household,329.19,0,0
ENQ-00659,2025-04-10,Central Water Catchment,Google Search,Medium,Household,272.79,0,0
ENQ-00660,2025-06-06,Mandai,Organic,Medium,Household,267.93,0,0
ENQ-00661,2025-04-24,Bishan,Google Search,Medium,Household,326.94,0,0
ENQ-00662,2025-11-09,Tanglin,Partner,Small,Household,205.45,0,0
ENQ-00663,2025-03-10,Simpang,Google Search,Large,Relocation,448.43,1,0
ENQ-00664,2025-07-04,Bishan,Organic,Small,Household,180.85,0,0
ENQ-00665,2025-10-27,Pioneer,Google Search,Locker,Household,84.23,0,0
ENQ-00666,2025-05-10,Changi Bay,Referral,Small,Household,164.84,0,0
ENQ-00667,2025-06-11,Tanglin,Organic,Medium,Household,299.77,0,0
ENQ-00668,2025-02-22,Tampines,Walk-in,Small,Household,198.61,0,0
ENQ-00669,2025-05-26,Museum,Google Search,Locker,Household,100.65,0,0
ENQ-00670,2025-09-21,Rochor,Google Search,Large,Relocation,496.5,0,0
ENQ-00671,2025-07-30,Clementi,Partner,Locker,Household,91.25,0,1
ENQ-00672,2025-07-07,Pioneer,Meta Ads,Medium,Household,277.89,0,0
ENQ-00673,2025-03-13,Jurong East,Meta Ads,Small,SME,180.7,0,0
ENQ-00674,2025-04-17,Newton,Google Search,Small,SME,190.21,0,0
ENQ-00675,2025-06-25,Toa Payoh,Walk-in,Small,SME,198.04,0,0
ENQ-00676,2025-03-13,Woodlands,Google Search,Medium,Household,279.15,0,0
ENQ-00677,2025-05-20,Toa Payoh,Google Search,Medium,SME,288.25,1,0
ENQ-00678,2025-07-02,Sungei Kadut,Organic,Small,Household,203.7,0,0
ENQ-00679,2025-05-11,Southern Islands,Partner,Locker,Relocation,87.42,0,0
ENQ-00680,2025-11-25,Pioneer,Google Search,Locker,SME,97.15,0,0
ENQ-00681,2025-07-29,Outram,Google Search,Locker,SME,90.16,1,0
ENQ-00682,2025-11-10,Hougang,Organic,Small,Household,180.5,0,1
ENQ-00683,2025-07-11,Geylang,Google Search,Medium,Household,333.35,0,0
ENQ-00684,2025-07-14,Outram,Google Search,Medium,E-commerce,269.82,0,0
ENQ-00685,2025-03-28,Southern Islands,Meta Ads,Locker,Household,84.13,0,0
ENQ-00686,2025-01-17,Yishun,Walk-in,Large,Household,508.94,0,0
ENQ-00687,2025-08-03,Serangoon,Walk-in,Medium,Household,264.61,1,0
ENQ-00688,2025-04-04,Newton,Referral,Small,Relocation,184.62,1,0
ENQ-00689,2025-08-15,Woodlands,Organic,Locker,SME,102.45,0,0
ENQ-00690,2025-05-28,Southern Islands,Meta Ads,Medium,SME,296.18,1,0
ENQ-00691,2025-09-18,Bukit Timah,Google Search,Medium,SME,330.77,0,0
ENQ-00692,2025-12-25,Serangoon,Meta Ads,Small,E-commerce,206.05,0,0
ENQ-00693,2025-07-19,Newton,Meta Ads,Small,SME,173.73,0,1
ENQ-00694,2025-09-13,Tanglin,Meta Ads,Locker,Household,83.9,0,0
ENQ-00695,2025-07-07,Jurong West,Google Search,Small,E-commerce,190.76,0,0
ENQ-00696,2025-11-01,Tampines,Google Search,Small,Household,175.01,0,0
ENQ-00697,2025-05-31,Outram,Google Search,Medium,SME,274.9,0,0
ENQ-00698,2025-04-03,Kallang,Referral,Small,Student/Expats,183.24,0,0
ENQ-00699,2025-01-18,Pioneer,Meta Ads,Medium,Relocation,327.54,0,0
ENQ-00700,2025-03-25,Museum,Meta Ads,Medium,Relocation,268.7,0,0
ENQ-00701,2025-03-21,Rochor,Organic,Medium,Student/Expats,266.95,0,0
ENQ-00702,2025-08-16,Lim Chu Kang,Referral,Small,Household,174.42,0,0
ENQ-00703,2025-11-13,Tengah,Organic,Small,SME,194.52,0,0
ENQ-00704,2025-08-25,Changi Bay,Meta Ads,Medium,Household,286.56,0,0
ENQ-00705,2025-10-12,River Valley,Referral,Locker,Household,82.84,1,0
ENQ-00706,2025-01-25,Woodlands,Google Search,Small,Household,203.16,0,0
ENQ-00707,2025-07-01,Clementi,Google Search,Medium,Household,261.28,0,0
ENQ-00708,2025-04-10,North-Eastern Islands,Partner,Medium,Household,309.36,0,0
ENQ-00709,2025-12-30,Lim Chu Kang,Organic,Locker,Household,102.0,0,0
ENQ-00710,2025-07-13,Hougang,Meta Ads,Locker,Student/Expats,84.78,0,0
ENQ-00711,2025-07-10,Marina South,Meta Ads,Medium,Household,297.64,0,0
ENQ-00712,2025-06-20,Geylang,Referral,Large,SME,520.17,1,0
ENQ-00713,2025-09-17,Bukit Merah,Google Search,Locker,Household,93.75,0,0
ENQ-00714,2025-08-31,Clementi,Google Search,Small,Household,201.85,1,0
ENQ-00715,2025-08-25,Jurong East,Referral,Small,E-commerce,184.46,1,0
ENQ-00716,2025-11-22,Rochor,Google Search,Small,Household,193.38,0,0
ENQ-00717,2025-07-22,Changi Bay,Walk-in,Medium,Household,267.79,0,0
ENQ-00718,2025-06-11,Choa Chu Kang,Meta Ads,Small,Household,203.7,0,0
ENQ-00719,2025-10-07,Yishun,Meta Ads,Medium,Student/Expats,278.66,0,0
ENQ-00720,2025-10-13,Museum,Google Search,Small,SME,197.13,0,0
ENQ-00721,2025-07-09,Pioneer,Google Search,Small,Household,205.02,1,0
ENQ-00722,2025-01-07,Tanglin,Referral,Small,Household,179.27,0,0
ENQ-00723,2025-12-26,Hougang,Walk-in,Medium,Student/Expats,267.88,0,0
ENQ-00724,2025-04-25,North-Eastern Islands,Meta Ads,Medium,Household,313.21,1,0
ENQ-00725,2025-12-02,Marine Parade,Organic,Small,Household,163.67,0,0
ENQ-00726,2025-08-28,Kallang,Google Search,Locker,Student/Expats,102.93,0,0
ENQ-00727,2025-04-17,Bukit Panjang,Walk-in,Small,Student/Expats,192.19,0,0
ENQ-00728,2025-08-14,Geylang,Partner,Large,E-commerce,483.78,0,0
ENQ-00729,2025-06-04,Seletar,Organic,Locker,Household,84.19,1,0
ENQ-00730,2025-04-08,Mandai,Walk-in,Small,E-commerce,194.3,0,0
ENQ-00731,2025-09-09,Bishan,Organic,Medium,E-commerce,262.28,0,0
ENQ-00732,2025-02-18,Marina South,Referral,Locker,SME,81.3,0,0
ENQ-00733,2025-06-10,Pasir Ris,Google Search,Small,SME,174.49,0,0
ENQ-00734,2025-07-05,Sengkang,Partner,Medium,Household,297.94,0,0
ENQ-00735,2025-01-10,Changi,Meta Ads,Medium,Household,324.18,0,0
ENQ-00736,2025-02-08,Marina East,Google Search,Small,Household,180.65,0,0
ENQ-00737,2025-10-18,Jurong East,Meta Ads,Medium,SME,291.28,1,0
ENQ-00738,2025-08-13,Hougang,Google Search,Small,Relocation,162.46,1,0
ENQ-00739,2025-03-31,North-Eastern Islands,Walk-in,Medium,Household,309.84,1,0
ENQ-00740,2025-05-10,Pasir Ris,Partner,Small,Household,178.05,1,0
ENQ-00741,2025-06-19,Sembawang,Walk-in,Medium,Household,327.14,1,1
ENQ-00742,2025-04-19,Sengkang,Walk-in,Medium,Relocation,304.54,0,0
ENQ-00743,2025-02-16,Marina South,Referral,Small,SME,195.42,1,0
ENQ-00744,2025-02-21,Clementi,Walk-in,Medium,SME,281.15,0,0
ENQ-00745,2025-12-28,Singapore River,Meta Ads,Small,SME,188.24,0,0
ENQ-00746,2025-06-15,Clementi,Meta Ads,Small,Household,171.37,0,0
ENQ-00747,2025-03-14,Marine Parade,Meta Ads,Small,Student/Expats,195.09,0,0
ENQ-00748,2025-04-26,Simpang,Organic,Locker,Household,84.53,0,0
ENQ-00749,2025-12-12,Orchard,Google Search,Small,E-commerce,184.09,1,0
ENQ-00750,2025-05-13,Sembawang,Meta Ads,Small,Relocation,193.86,0,0
ENQ-00751,2025-06-28,Sembawang,Walk-in,Small,Household,190.01,0,0
ENQ-00752,2025-02-03,Simpang,Google Search,Locker,Household,92.23,0,0
ENQ-00753,2025-07-31,Bishan,Meta Ads,Small,Household,204.7,0,0
ENQ-00754,2025-02-14,Punggol,Walk-in,Small,Household,196.49,0,0
ENQ-00755,2025-11-22,Southern Islands,Walk-in,Large,E-commerce,473.47,1,0
ENQ-00756,2025-02-09,Sengkang,Partner,Medium,SME,261.73,1,0
ENQ-00757,2025-06-29,Punggol,Meta Ads,Small,Household,189.17,0,0
ENQ-00758,2025-02-18,Ang Mo Kio,Organic,Large,Household,416.97,0,0
ENQ-00759,2025-11-23,Rochor,Google Search,Locker,Household,82.91,0,0
ENQ-00760,2025-01-23,Jurong West,Google Search,Small,Relocation,201.33,1,1
ENQ-00761,2025-05-08,Outram,Google Search,Medium,E-commerce,299.94,0,0
ENQ-00762,2025-07-13,Outram,Walk-in,Large,SME,497.92,0,0
ENQ-00763,2025-03-18,Clementi,Google Search,Medium,Household,284.64,0,0
ENQ-00764,2025-11-22,Queenstown,Meta Ads,Small,Household,190.05,0,0
ENQ-00765,2025-10-13,Yishun,Referral,Small,Household,184.63,1,0
ENQ-00766,2025-11-29,Newton,Google Search,Small,Household,163.17,0,0
ENQ-00767,2025-04-03,Changi,Partner,Small,Student/Expats,189.35,0,0
ENQ-00768,2025-06-13,Bukit Batok,Partner,Medium,Household,285.73,0,0
ENQ-00769,2025-09-27,Newton,Walk-in,Locker,SME,99.58,1,0
ENQ-00770,2025-12-10,Clementi,Walk-in,Small,SME,201.32,0,0
ENQ-00771,2025-04-01,Central Water Catchment,Google Search,Medium,Household,286.83,1,0
ENQ-00772,2025-11-15,Bukit Timah,Walk-in,Small,Household,163.31,0,0
ENQ-00773,2025-06-26,Tuas,Google Search,Medium,Relocation,298.71,0,0
ENQ-00774,2025-12-22,Bukit Panjang,Meta Ads,Large,Household,501.87,0,0
ENQ-00775,2025-01-22,Bukit Panjang,Organic,Medium,SME,275.56,0,0
ENQ-00776,2025-09-03,Bukit Panjang,Walk-in,Medium,E-commerce,281.72,1,0
ENQ-00777,2025-02-08,Western Water Catchment,Referral,Small,E-commerce,203.84,0,0
ENQ-00778,2025-05-08,Downtown Core,Organic,Medium,Household,310.13,0,0
ENQ-00779,2025-11-19,Bukit Panjang,Google Search,Locker,SME,97.3,1,0
ENQ-00780,2025-03-12,Western Water Catchment,Organic,Small,Household,181.3,0,0
ENQ-00781,2025-04-04,Choa Chu Kang,Referral,Locker,Household,90.94,0,0
ENQ-00782,2025-05-29,Singapore River,Meta Ads,Medium,Household,272.02,0,0
ENQ-00783,2025-10-19,Kallang,Google Search,Small,Household,200.64,0,0
ENQ-00784,2025-07-13,Toa Payoh,Google Search,Small,SME,200.9,0,0
ENQ-00785,2025-02-11,Pioneer,Google Search,Small,SME,197.56,1,0
ENQ-00786,2025-10-15,Rochor,Organic,Small,E-commerce,189.45,0,0
ENQ-00787,2025-11-04,Pioneer,Meta Ads,Small,Household,197.93,0,0
ENQ-00788,2025-02-14,Tuas,Meta Ads,Locker,Household,99.53,0,0
ENQ-00789,2025-02-17,Queenstown,Organic,Small,Household,196.75,1,0
ENQ-00790,2025-05-05,Straits View,Organic,Medium,Household,267.5,0,0
ENQ-00791,2025-07-07,Sembawang,Organic,Small,Relocation,169.24,0,0
ENQ-00792,2025-09-10,Punggol,Google Search,Small,Relocation,167.1,0,0
ENQ-00793,2025-11-17,Geylang,Meta Ads,Large,Household,528.97,0,0
ENQ-00794,2025-08-03,Sungei Kadut,Organic,Locker,Household,99.83,0,0
ENQ-00795,2025-08-13,Central Water Catchment,Organic,Locker,Household,98.84,0,0
ENQ-00796,2025-09-02,Marina East,Google Search,Large,Household,514.05,0,0
ENQ-00797,2025-11-03,Novena,Organic,Small,E-commerce,206.52,1,0
ENQ-00798,2025-10-04,Pioneer,Meta Ads,Small,Household,201.36,0,0
ENQ-00799,2025-02-02,North-Eastern Islands,Organic,Medium,Student/Expats,289.89,0,0
ENQ-00800,2025-01-28,Central Water Catchment,Google Search,Large,Household,474.58,1,0
ENQ-00801,2025-04-09,Mandai,Meta Ads,Small,E-commerce,205.11,0,0
ENQ-00802,2025-07-16,Western Water Catchment,Partner,Locker,Household,99.17,0,0
ENQ-00803,2025-02-23,Marina East,Meta Ads,Large,SME,506.02,0,0
ENQ-00804,2025-11-22,Serangoon,Referral,Small,Household,167.6,0,0
ENQ-00805,2025-01-15,Western Water Catchment,Walk-in,Small,Student/Expats,169.04,0,0
ENQ-00806,2025-10-26,Tengah,Google Search,Large,Student/Expats,427.93,1,0
ENQ-00807,2025-06-08,Bukit Timah,Partner,Small,Household,165.23,0,0
ENQ-00808,2025-10-02,Pasir Ris,Organic,Medium,Household,306.53,0,0
ENQ-00809,2025-06-03,Choa Chu Kang,Meta Ads,Small,Student/Expats,172.53,0,0
ENQ-00810,2025-11-18,Tanglin,Google Search,Small,Household,181.24,0,0
ENQ-00811,2025-11-11,Museum,Google Search,Small,Household,196.59,0,0
ENQ-00812,2025-11-26,Sungei Kadut,Walk-in,Small,Household,203.93,1,0
ENQ-00813,2025-06-12,Novena,Walk-in,Small,Household,203.85,0,0
ENQ-00814,2025-11-10,River Valley,Referral,Locker,E-commerce,91.84,0,0
ENQ-00815,2025-08-11,Clementi,Organic,Medium,E-commerce,280.87,0,0
ENQ-00816,2025-06-14,Rochor,Partner,Locker,Relocation,89.54,0,0
ENQ-00817,2025-12-24,Simpang,Google Search,Small,Relocation,171.46,0,0
ENQ-00818,2025-03-14,Jurong West,Meta Ads,Small,Household,200.78,0,0
ENQ-00819,2025-03-29,Queenstown,Organic,Large,Household,502.12,0,0
ENQ-00820,2025-08-13,Downtown Core,Google Search,Small,Household,175.07,0,0
ENQ-00821,2025-04-22,Changi Bay,Walk-in,Medium,Household,267.75,0,0
ENQ-00822,2025-02-28,Kallang,Walk-in,Medium,E-commerce,299.52,0,0
ENQ-00823,2025-12-04,Marine Parade,Meta Ads,Small,Household,178.3,0,0
ENQ-00824,2025-08-22,Boon Lay,Organic,Medium,Household,300.63,0,0
ENQ-00825,2025-02-21,Tanglin,Google Search,Medium,Household,299.9,0,0
ENQ-00826,2025-11-09,Museum,Referral,Small,Household,169.08,1,0
ENQ-00827,2025-07-12,Marine Parade,Walk-in,Small,Household,188.09,0,0
ENQ-00828,2025-04-21,Central Water Catchment,Organic,Small,SME,178.59,0,0
ENQ-00829,2025-04-21,Marine Parade,Google Search,Locker,Household,86.64,0,0
ENQ-00830,2025-01-23,Bedok,Google Search,Small,Student/Expats,165.53,0,0
ENQ-00831,2025-04-10,Southern Islands,Meta Ads,Medium,Relocation,304.78,0,0
ENQ-00832,2025-07-15,Changi,Partner,Small,Household,174.79,0,0
ENQ-00833,2025-05-20,Simpang,Google Search,Large,Relocation,513.24,0,0
ENQ-00834,2025-11-16,Hougang,Google Search,Locker,Relocation,96.48,0,0
ENQ-00835,2025-10-08,Pasir Ris,Organic,Small,Student/Expats,183.05,0,0
ENQ-00836,2025-10-16,Novena,Organic,Small,SME,182.71,1,0
ENQ-00837,2025-09-27,Novena,Organic,Medium,Household,289.14,0,0
ENQ-00838,2025-11-24,Singapore River,Google Search,Small,SME,184.67,1,0
ENQ-00839,2025-08-13,Orchard,Organic,Medium,E-commerce,316.47,0,0
ENQ-00840,2025-06-01,Queenstown,Organic,Medium,SME,263.75,0,0
ENQ-00841,2025-03-06,Yishun,Partner,Locker,Household,99.8,1,0
ENQ-00842,2025-03-11,Central Water Catchment,Walk-in,Locker,Household,94.8,0,0
ENQ-00843,2025-09-23,Sungei Kadut,Meta Ads,Small,Relocation,171.54,1,0
ENQ-00844,2025-11-04,Sengkang,Organic,Medium,Household,261.78,0,0
ENQ-00845,2025-11-13,Seletar,Partner,Small,E-commerce,165.71,0,0
ENQ-00846,2025-12-29,Western Water Catchment,Referral,Medium,Student/Expats,299.22,0,1
ENQ-00847,2025-11-09,Lim Chu Kang,Meta Ads,Small,Relocation,196.84,0,0
ENQ-00848,2025-06-29,River Valley,Partner,Locker,SME,101.05,0,0
ENQ-00849,2025-03-24,Orchard,Walk-in,Locker,Relocation,87.08,0,0
ENQ-00850,2025-09-01,Marine Parade,Google Search,Small,E-commerce,200.9,0,0
ENQ-00851,2025-05-03,Orchard,Meta Ads,Medium,Household,281.0,0,0
ENQ-00852,2025-10-02,Bukit Timah,Google Search,Medium,Household,330.74,0,0
ENQ-00853,2025-09-30,Marina East,Organic,Large,Household,469.83,0,0
ENQ-00854,2025-03-30,Bedok,Referral,Small,SME,183.89,0,0
ENQ-00855,2025-07-15,Pioneer,Walk-in,Locker,E-commerce,102.31,0,0
ENQ-00856,2025-04-12,Geylang,Google Search,Locker,Relocation,86.69,0,0
ENQ-00857,2025-01-23,Pioneer,Google Search,Small,SME,189.52,0,0
ENQ-00858,2025-11-23,Boon Lay,Google Search,Large,Relocation,429.13,0,0
ENQ-00859,2025-08-09,Tampines,Walk-in,Medium,Household,291.69,1,0
ENQ-00860,2025-11-25,Geylang,Google Search,Large,Household,494.03,1,0
ENQ-00861,2025-01-24,Bedok,Partner,Medium,Household,311.42,0,0
ENQ-00862,2025-07-26,Pioneer,Meta Ads,Locker,E-commerce,101.57,0,0
ENQ-00863,2025-07-06,Geylang,Google Search,Medium,Household,313.23,0,0
ENQ-00864,2025-04-28,Bukit Panjang,Meta Ads,Small,Household,165.58,1,0
ENQ-00865,2025-11-21,Changi Bay,Google Search,Locker,Household,81.67,1,0
ENQ-00866,2025-03-01,Sengkang,Partner,Medium,Relocation,264.66,1,0
ENQ-00867,2025-10-24,Straits View,Organic,Small,SME,204.68,0,0
ENQ-00868,2025-03-30,Bukit Panjang,Partner,Locker,SME,101.16,0,0
ENQ-00869,2025-01-02,Western Water Catchment,Organic,Medium,SME,288.08,0,0
ENQ-00870,2025-05-11,Western Water Catchment,Organic,Medium,SME,271.98,0,0
ENQ-00871,2025-09-04,Hougang,Walk-in,Locker,SME,94.65,1,0
ENQ-00872,2025-08-02,Downtown Core,Organic,Small,SME,171.35,0,0
ENQ-00873,2025-08-07,River Valley,Referral,Locker,SME,85.24,1,1
ENQ-00874,2025-03-21,Sengkang,Partner,Locker,Household,93.01,0,0
ENQ-00875,2025-11-27,Pasir Ris,Referral,Small,Household,193.8,0,0
ENQ-00876,2025-02-04,Central Water Catchment,Google Search,Small,SME,196.22,0,0
ENQ-00877,2025-02-27,Serangoon,Partner,Small,Household,179.55,0,0
ENQ-00878,2025-05-17,Sengkang,Walk-in,Medium,Household,309.88,0,0
ENQ-00879,2025-07-24,Mandai,Referral,Locker,Household,90.06,0,0
ENQ-00880,2025-02-23,Seletar,Referral,Locker,Relocation,96.47,0,0
ENQ-00881,2025-01-11,Novena,Partner,Small,Household,163.11,0,0
ENQ-00882,2025-04-17,Yishun,Google Search,Medium,Household,311.0,0,0
ENQ-00883,2025-01-23,Jurong East,Partner,Small,SME,185.09,0,0
ENQ-00884,2025-03-31,Pasir Ris,Referral,Small,Household,175.72,0,0
ENQ-00885,2025-04-23,Bishan,Google Search,Locker,E-commerce,96.53,0,0
ENQ-00886,2025-06-30,Bukit Timah,Organic,Small,Household,191.87,0,0
ENQ-00887,2025-11-16,Marina South,Google Search,Small,Household,202.35,1,0
ENQ-00888,2025-04-10,Newton,Google Search,Locker,SME,84.02,0,0
ENQ-00889,2025-12-07,Bishan,Meta Ads,Medium,Household,275.15,0,0
ENQ-00890,2025-03-29,Southern Islands,Organic,Small,Household,206.27,0,0
ENQ-00891,2025-10-05,Changi,Organic,Small,Student/Expats,178.81,0,0
ENQ-00892,2025-12-24,Bukit Timah,Organic,Medium,Household,283.36,1,0
ENQ-00893,2025-07-24,Newton,Referral,Medium,Household,261.58,1,1
ENQ-00894,2025-03-28,Central Water Catchment,Meta Ads,Medium,Household,319.95,0,0
ENQ-00895,2025-07-10,Choa Chu Kang,Referral,Small,Household,200.75,1,1
ENQ-00896,2025-04-23,Bukit Merah,Referral,Small,SME,199.48,1,0
ENQ-00897,2025-05-02,Museum,Organic,Large,Household,483.77,0,0
ENQ-00898,2025-06-22,Sengkang,Partner,Locker,Household,99.46,0,0
ENQ-00899,2025-11-25,Mandai,Referral,Locker,Household,93.61,0,0
ENQ-00900,2025-08-14,Bishan,Partner,Medium,SME,279.81,1,0
ENQ-00901,2025-07-22,Changi Bay,Google Search,Small,SME,170.81,0,0
ENQ-00902,2025-09-15,Tanglin,Meta Ads,Medium,Household,330.7,0,0
ENQ-00903,2025-12-16,Bukit Batok,Referral,Medium,Household,297.29,0,0
ENQ-00904,2025-05-01,Straits View,Referral,Small,SME,198.48,0,0
ENQ-00905,2025-03-12,Orchard,Walk-in,Medium,SME,327.69,1,0
ENQ-00906,2025-01-19,Serangoon,Meta Ads,Large,SME,448.27,0,0
ENQ-00907,2025-05-05,Yishun,Meta Ads,Small,SME,178.7,0,0
ENQ-00908,2025-09-30,Woodlands,Google Search,Small,Household,199.11,0,0
ENQ-00909,2025-01-05,Sungei Kadut,Google Search,Medium,Student/Expats,332.79,1,1
ENQ-00910,2025-11-21,Tanglin,Meta Ads,Small,Household,176.06,0,0
ENQ-00911,2025-09-29,Pioneer,Meta Ads,Medium,Student/Expats,304.68,0,0
ENQ-00912,2025-02-07,Orchard,Partner,Small,Household,164.28,0,0
ENQ-00913,2025-11-24,Jurong West,Meta Ads,Medium,Household,286.18,0,0
ENQ-00914,2025-07-29,Downtown Core,Referral,Large,E-commerce,483.37,0,0
ENQ-00915,2025-11-19,Kallang,Partner,Locker,Household,82.27,1,0
ENQ-00916,2025-02-10,Novena,Google Search,Small,Household,193.01,0,0
ENQ-00917,2025-09-15,Downtown Core,Walk-in,Medium,Household,302.27,0,0
ENQ-00918,2025-09-17,Jurong East,Google Search,Locker,E-commerce,100.12,0,0
ENQ-00919,2025-03-22,Bukit Merah,Google Search,Small,SME,194.69,0,0
ENQ-00920,2025-03-18,Jurong West,Walk-in,Locker,Household,103.19,0,0
ENQ-00921,2025-06-06,Newton,Walk-in,Small,Household,169.76,0,0
ENQ-00922,2025-12-15,Bishan,Google Search,Small,Household,189.94,0,0
ENQ-00923,2025-05-27,Yishun,Google Search,Large,SME,467.12,0,0
ENQ-00924,2025-03-25,Newton,Google Search,Medium,Household,301.63,0,0
ENQ-00925,2025-06-24,Queenstown,Google Search,Locker,Household,83.07,0,0
ENQ-00926,2025-11-06,Changi,Google Search,Medium,Household,311.41,1,0
ENQ-00927,2025-11-02,Bukit Timah,Google Search,Small,Household,187.52,0,0
ENQ-00928,2025-07-28,Hougang,Referral,Large,SME,430.23,1,0
ENQ-00929,2025-04-05,Novena,Google Search,Medium,Student/Expats,309.23,1,0
ENQ-00930,2025-02-25,Straits View,Referral,Medium,Household,304.46,1,0
ENQ-00931,2025-10-25,Bedok,Meta Ads,Medium,Household,270.29,0,0
ENQ-00932,2025-12-11,Changi,Google Search,Large,Student/Expats,484.59,1,0
ENQ-00933,2025-01-17,Choa Chu Kang,Meta Ads,Small,E-commerce,191.16,0,0
ENQ-00934,2025-11-17,Serangoon,Google Search,Small,Relocation,195.73,0,0
ENQ-00935,2025-05-21,Seletar,Organic,Large,SME,487.42,0,0
ENQ-00936,2025-07-30,Singapore River,Partner,Medium,SME,289.42,0,0
ENQ-00937,2025-01-03,Mandai,Google Search,Large,Household,512.42,0,0
ENQ-00938,2025-05-24,Newton,Partner,Medium,Household,284.08,0,0
ENQ-00939,2025-10-13,Yishun,Google Search,Small,Student/Expats,180.68,0,0
ENQ-00940,2025-02-25,Tanglin,Partner,Small,SME,191.4,1,0
ENQ-00941,2025-08-14,Punggol,Organic,Small,E-commerce,200.55,0,0
ENQ-00942,2025-01-25,Bukit Batok,Meta Ads,Small,Household,163.61,0,0
ENQ-00943,2025-08-17,Bishan,Referral,Large,Student/Expats,461.28,1,0
ENQ-00944,2025-04-21,Lim Chu Kang,Meta Ads,Medium,Household,263.42,0,0
ENQ-00945,2025-08-21,Mandai,Referral,Small,Student/Expats,168.09,0,0
ENQ-00946,2025-12-27,Tuas,Organic,Large,Household,415.67,0,0
ENQ-00947,2025-10-15,Yishun,Walk-in,Small,Household,175.4,0,0
ENQ-00948,2025-02-10,Choa Chu Kang,Meta Ads,Small,SME,162.7,0,0
ENQ-00949,2025-06-15,Boon Lay,Referral,Medium,Household,301.9,0,0
ENQ-00950,2025-04-17,Marine Parade,Referral,Large,SME,508.94,1,1
ENQ-00951,2025-02-04,Seletar,Referral,Medium,E-commerce,279.68,0,0
ENQ-00952,2025-12-05,Bukit Timah,Google Search,Small,E-commerce,206.64,1,0
ENQ-00953,2025-04-02,Singapore River,Organic,Small,Student/Expats,186.19,1,1
ENQ-00954,2025-07-20,Orchard,Google Search,Medium,Household,290.79,0,0
ENQ-00955,2025-02-20,Orchard,Google Search,Small,SME,190.28,1,1
ENQ-00956,2025-07-16,Marina East,Google Search,Small,Relocation,182.03,1,0
ENQ-00957,2025-07-26,Bukit Panjang,Partner,Small,Household,202.56,1,0
ENQ-00958,2025-06-22,Simpang,Walk-in,Medium,E-commerce,281.22,0,0
ENQ-00959,2025-02-07,Marine Parade,Partner,Large,SME,509.63,1,1
ENQ-00960,2025-08-09,Choa Chu Kang,Walk-in,Small,Relocation,167.78,1,0
ENQ-00961,2025-07-30,Outram,Partner,Large,Relocation,432.59,0,0
ENQ-00962,2025-11-25,Central Water Catchment,Meta Ads,Medium,E-commerce,275.52,0,0
ENQ-00963,2025-02-01,Clementi,Meta Ads,Small,E-commerce,182.4,0,0
ENQ-00964,2025-05-29,Sungei Kadut,Google Search,Small,Household,174.29,1,0
ENQ-00965,2025-07-31,Western Water Catchment,Organic,Medium,Household,332.85,1,0
ENQ-00966,2025-10-31,Boon Lay,Partner,Medium,Household,265.1,0,0
ENQ-00967,2025-06-12,Marina East,Organic,Small,Household,198.15,0,0
ENQ-00968,2025-07-21,Mandai,Partner,Small,Household,182.45,0,0
ENQ-00969,2025-03-02,Sembawang,Google Search,Medium,Student/Expats,305.29,0,0
ENQ-00970,2025-01-21,Tanglin,Meta Ads,Locker,Household,88.8,0,0
ENQ-00971,2025-01-26,Western Water Catchment,Google Search,Medium,Household,312.3,1,0
ENQ-00972,2025-01-25,Queenstown,Partner,Medium,Student/Expats,317.1,0,0
ENQ-00973,2025-03-27,Bukit Merah,Google Search,Medium,SME,329.78,1,0
ENQ-00974,2025-03-07,Sungei Kadut,Organic,Small,Household,187.68,0,0
ENQ-00975,2025-03-07,Toa Payoh,Google Search,Medium,Student/Expats,305.19,0,0
ENQ-00976,2025-07-04,Outram,Google Search,Small,Household,166.75,0,0
ENQ-00977,2025-04-05,Newton,Google Search,Medium,Household,288.01,0,0
ENQ-00978,2025-11-27,Toa Payoh,Organic,Small,Student/Expats,195.67,1,0
ENQ-00979,2025-09-07,Toa Payoh,Walk-in,Medium,Household,327.02,0,0
ENQ-00980,2025-11-18,Marina East,Google Search,Medium,SME,318.02,1,0
ENQ-00981,2025-01-19,Bukit Batok,Meta Ads,Medium,Household,304.13,0,0
ENQ-00982,2025-05-19,Sengkang,Organic,Large,Household,426.4,0,0
ENQ-00983,2025-11-03,Marina East,Referral,Small,SME,183.39,0,0
ENQ-00984,2025-09-10,Bukit Batok,Organic,Large,SME,427.83,0,0
ENQ-00985,2025-11-14,Bukit Panjang,Organic,Large,Household,519.92,0,0
ENQ-00986,2025-05-12,Bukit Timah,Meta Ads,Locker,Relocation,85.08,0,0
ENQ-00987,2025-09-29,Lim Chu Kang,Referral,Medium,SME,313.34,0,0
ENQ-00988,2025-11-14,River Valley,Meta Ads,Small,Household,198.12,0,0
ENQ-00989,2025-05-09,Bukit Panjang,Google Search,Small,E-commerce,166.26,1,0
ENQ-00990,2025-04-03,Queenstown,Google Search,Large,Household,441.71,0,0
ENQ-00991,2025-10-14,Geylang,Organic,Medium,Household,276.03,0,0
ENQ-00992,2025-07-24,Tampines,Google Search,Small,SME,170.61,0,0
ENQ-00993,2025-07-21,Jurong West,Google Search,Medium,Household,265.24,0,0
ENQ-00994,2025-09-20,Sembawang,Referral,Medium,Household,288.51,0,0
ENQ-00995,2025-09-25,Changi Bay,Meta Ads,Medium,Relocation,272.83,0,0
ENQ-00996,2025-08-15,Toa Payoh,Meta Ads,Medium,Relocation,291.7,1,0
ENQ-00997,2025-05-01,Choa Chu Kang,Organic,Small,Household,173.4,0,0
ENQ-00998,2025-10-01,Serangoon,Partner,Locker,Household,97.43,0,0
ENQ-00999,2025-10-20,Bishan,Organic,Medium,Household,318.34,0,0
ENQ-01000,2025-06-03,Boon Lay,Google Search,Locker,Household,88.37,1,0
ENQ-01001,2025-06-25,Jurong East,Partner,Locker,Household,94.61,0,0
ENQ-01002,2025-07-01,Boon Lay,Google Search,Medium,SME,325.21,0,0
ENQ-01003,2025-09-30,River Valley,Organic,Small,Household,205.92,0,0
ENQ-01004,2025-05-19,Western Water Catchment,Partner,Locker,Student/Expats,101.19,0,0
ENQ-01005,2025-04-02,Marina East,Meta Ads,Locker,SME,99.68,0,0
ENQ-01006,2025-10-24,Western Water Catchment,Referral,Locker,Household,86.41,1,0
ENQ-01007,2025-10-21,Serangoon,Meta Ads,Large,E-commerce,484.89,0,0
ENQ-01008,2025-11-19,Punggol,Meta Ads,Small,Household,195.6,0,0
ENQ-01009,2025-10-07,Pioneer,Google Search,Small,Household,199.14,1,0
ENQ-01010,2025-02-09,Marina East,Partner,Small,E-commerce,198.14,0,0
ENQ-01011,2025-03-13,Bukit Batok,Partner,Locker,Household,93.96,1,0
ENQ-01012,2025-09-04,Novena,Google Search,Locker,Student/Expats,97.45,0,0
ENQ-01013,2025-09-29,Tengah,Referral,Locker,Student/Expats,85.44,0,0
ENQ-01014,2025-06-06,Tengah,Meta Ads,Locker,Household,83.98,0,0
ENQ-01015,2025-12-14,Sengkang,Partner,Small,E-commerce,167.09,1,0
ENQ-01016,2025-07-04,Rochor,Organic,Medium,SME,273.38,1,0
ENQ-01017,2025-08-31,Clementi,Partner,Small,Household,200.36,0,0
ENQ-01018,2025-04-02,Simpang,Google Search,Small,SME,189.27,1,0
ENQ-01019,2025-09-22,Marina East,Organic,Locker,SME,87.2,0,0
ENQ-01020,2025-02-14,Mandai,Meta Ads,Medium,Household,322.68,0,0
ENQ-01021,2025-02-07,Simpang,Walk-in,Small,Household,196.76,0,0
ENQ-01022,2025-09-13,Clementi,Organic,Locker,E-commerce,91.65,0,0
ENQ-01023,2025-05-03,Bukit Panjang,Meta Ads,Medium,Household,261.11,0,0
ENQ-01024,2025-01-08,Hougang,Organic,Small,SME,170.63,0,0
ENQ-01025,2025-08-27,Sembawang,Google Search,Locker,E-commerce,93.22,0,0
ENQ-01026,2025-05-22,Newton,Meta Ads,Medium,Household,309.83,1,0
ENQ-01027,2025-02-25,Jurong West,Meta Ads,Medium,Household,275.77,0,0
ENQ-01028,2025-07-01,Tuas,Google Search,Medium,Relocation,292.67,0,0
ENQ-01029,2025-11-07,Bukit Panjang,Organic,Small,Household,169.7,0,0
ENQ-01030,2025-10-05,Toa Payoh,Walk-in,Medium,SME,261.22,1,0
ENQ-01031,2025-06-13,Marine Parade,Google Search,Medium,E-commerce,298.26,0,0
ENQ-01032,2025-03-02,Boon Lay,Walk-in,Locker,Household,85.18,0,0
ENQ-01033,2025-06-10,Sengkang,Organic,Locker,Household,87.96,0,0
ENQ-01034,2025-05-03,Outram,Partner,Medium,Household,327.41,0,0
ENQ-01035,2025-05-19,Western Water Catchment,Organic,Medium,SME,279.28,0,0
ENQ-01036,2025-01-15,Sembawang,Organic,Medium,Household,272.37,0,0
ENQ-01037,2025-01-08,North-Eastern Islands,Meta Ads,Small,E-commerce,190.58,0,1
ENQ-01038,2025-02-12,Central Water Catchment,Organic,Medium,SME,270.88,0,0
ENQ-01039,2025-12-19,Jurong East,Meta Ads,Medium,SME,308.79,0,0
ENQ-01040,2025-05-23,Boon Lay,Google Search,Small,Household,203.16,1,0
ENQ-01041,2025-09-28,Sengkang,Google Search,Small,SME,188.72,0,0
ENQ-01042,2025-02-21,Tengah,Walk-in,Large,SME,469.81,0,0
ENQ-01043,2025-05-13,Bukit Merah,Organic,Small,Household,179.45,0,0
ENQ-01044,2025-08-30,Bishan,Google Search,Locker,SME,88.75,1,0
ENQ-01045,2025-05-11,Queenstown,Referral,Large,Household,468.09,0,0
ENQ-01046,2025-01-15,Bukit Merah,Google Search,Medium,Student/Expats,290.21,0,0
ENQ-01047,2025-06-14,Hougang,Organic,Locker,Household,81.03,0,0
ENQ-01048,2025-09-23,Rochor,Partner,Medium,SME,266.77,0,0
ENQ-01049,2025-02-16,Sungei Kadut,Referral,Small,Household,202.63,0,0
ENQ-01050,2025-01-27,Toa Payoh,Google Search,Small,SME,200.0,0,0
ENQ-01051,2025-02-21,Punggol,Organic,Medium,E-commerce,279.82,0,0
ENQ-01052,2025-10-05,Mandai,Walk-in,Large,SME,507.15,0,0
ENQ-01053,2025-05-23,Woodlands,Organic,Large,Household,462.09,0,0
ENQ-01054,2025-04-08,Central Water Catchment,Partner,Small,Relocation,180.35,0,0
ENQ-01055,2025-02-13,Simpang,Organic,Medium,Household,299.94,0,0
ENQ-01056,2025-07-13,Seletar,Google Search,Small,Household,184.41,0,0
ENQ-01057,2025-01-29,Southern Islands,Meta Ads,Locker,Household,102.31,0,0
ENQ-01058,2025-03-08,Bedok,Google Search,Locker,Household,96.97,0,0
ENQ-01059,2025-09-26,Sembawang,Partner,Medium,Household,285.43,0,0
ENQ-01060,2025-04-11,Serangoon,Google Search,Medium,SME,318.33,1,0
ENQ-01061,2025-03-31,Serangoon,Referral,Large,SME,479.94,0,0
ENQ-01062,2025-08-02,Southern Islands,Meta Ads,Medium,Student/Expats,309.87,0,0
ENQ-01063,2025-03-01,Simpang,Meta Ads,Medium,Student/Expats,322.38,1,1
ENQ-01064,2025-06-14,Yishun,Meta Ads,Large,Student/Expats,494.59,0,0
ENQ-01065,2025-01-12,Simpang,Google Search,Medium,SME,308.66,0,0
ENQ-01066,2025-09-13,Geylang,Organic,Small,Relocation,183.63,0,0
ENQ-01067,2025-08-01,Jurong West,Organic,Small,Household,172.5,0,0
ENQ-01068,2025-11-21,Boon Lay,Partner,Locker,Household,85.42,0,0
ENQ-01069,2025-02-23,Woodlands,Organic,Medium,Household,276.22,0,1
ENQ-01070,2025-06-07,Sengkang,Google Search,Small,Student/Expats,198.18,0,0
ENQ-01071,2025-02-16,Changi,Referral,Small,Household,180.51,0,0
ENQ-01072,2025-09-18,Toa Payoh,Organic,Small,E-commerce,168.44,0,0
ENQ-01073,2025-01-29,Seletar,Referral,Medium,Household,314.09,1,0
ENQ-01074,2025-01-16,Bukit Merah,Meta Ads,Locker,Household,90.84,0,0
ENQ-01075,2025-07-29,Changi Bay,Meta Ads,Locker,Household,86.81,0,0
ENQ-01076,2025-03-29,Changi,Referral,Small,Household,168.99,0,0
ENQ-01077,2025-06-04,Choa Chu Kang,Organic,Locker,SME,82.95,0,0
ENQ-01078,2025-01-24,North-Eastern Islands,Google Search,Large,Household,515.03,0,0
ENQ-01079,2025-11-13,Seletar,Organic,Small,Household,180.48,0,0
ENQ-01080,2025-04-13,Seletar,Meta Ads,Small,Household,197.25,0,0
ENQ-01081,2025-05-05,Marina East,Meta Ads,Medium,Household,328.65,0,0
ENQ-01082,2025-09-23,Sengkang,Google Search,Large,Household,493.33,0,0
ENQ-01083,2025-01-19,Straits View,Organic,Medium,Household,278.31,0,0
ENQ-01084,2025-01-14,Changi,Organic,Medium,Household,311.16,0,0
ENQ-01085,2025-06-24,Jurong East,Referral,Locker,Student/Expats,84.46,0,0
ENQ-01086,2025-05-21,River Valley,Walk-in,Medium,Relocation,327.28,0,0
ENQ-01087,2025-04-18,Southern Islands,Google Search,Small,Household,179.8,1,0
ENQ-01088,2025-08-19,Simpang,Google Search,Medium,SME,329.31,0,0
ENQ-01089,2025-05-21,Bedok,Organic,Small,Household,185.92,0,0
ENQ-01090,2025-02-10,Jurong East,Google Search,Locker,Household,81.63,0,1
ENQ-01091,2025-12-03,River Valley,Organic,Small,Student/Expats,187.69,0,0
ENQ-01092,2025-01-25,Straits View,Partner,Medium,Household,304.04,1,0
ENQ-01093,2025-05-21,Lim Chu Kang,Partner,Small,Household,189.43,0,0
ENQ-01094,2025-04-14,Clementi,Walk-in,Small,E-commerce,167.15,0,0
ENQ-01095,2025-06-28,Seletar,Google Search,Medium,Relocation,302.83,0,0
ENQ-01096,2025-12-20,Tampines,Organic,Medium,Household,307.76,0,0
ENQ-01097,2025-09-09,Singapore River,Partner,Small,SME,204.93,0,0
ENQ-01098,2025-09-04,Downtown Core,Referral,Small,Household,192.53,0,0
ENQ-01099,2025-01-20,Outram,Partner,Locker,SME,96.47,0,0
ENQ-01100,2025-08-05,Downtown Core,Partner,Medium,Household,288.08,0,0
ENQ-01101,2025-11-02,Orchard,Partner,Small,Household,192.59,0,0
ENQ-01102,2025-12-07,Jurong East,Referral,Medium,Household,264.43,1,0
ENQ-01103,2025-05-01,Central Water Catchment,Referral,Medium,SME,290.17,1,0
ENQ-01104,2025-04-12,Newton,Partner,Large,Household,519.16,1,0
ENQ-01105,2025-12-19,Bukit Panjang,Meta Ads,Medium,Household,318.62,1,0
ENQ-01106,2025-02-11,Queenstown,Meta Ads,Medium,SME,287.69,1,1
ENQ-01107,2025-01-26,Boon Lay,Google Search,Small,SME,185.43,0,0
ENQ-01108,2025-01-10,Serangoon,Organic,Large,Household,462.86,0,0
ENQ-01109,2025-12-16,Toa Payoh,Walk-in,Small,Relocation,175.85,1,0
ENQ-01110,2025-04-29,Tuas,Walk-in,Small,Household,194.0,0,0
ENQ-01111,2025-02-22,Marine Parade,Meta Ads,Medium,E-commerce,273.91,0,0
ENQ-01112,2025-10-30,Simpang,Google Search,Small,Student/Expats,185.15,1,0
ENQ-01113,2025-10-17,Tampines,Meta Ads,Medium,E-commerce,275.83,0,0
ENQ-01114,2025-08-15,Western Water Catchment,Google Search,Medium,Household,289.93,0,0
ENQ-01115,2025-06-01,Sengkang,Referral,Small,Household,193.6,0,0
ENQ-01116,2025-05-30,Singapore River,Meta Ads,Small,SME,176.59,0,0
ENQ-01117,2025-06-01,Bedok,Google Search,Locker,E-commerce,97.14,0,0
ENQ-01118,2025-04-22,Pioneer,Partner,Small,Household,206.37,0,0
ENQ-01119,2025-09-10,Bedok,Walk-in,Small,SME,179.68,0,0
ENQ-01120,2025-09-05,Toa Payoh,Referral,Large,Household,493.3,0,0
ENQ-01121,2025-04-07,Yishun,Meta Ads,Medium,Household,287.09,0,0
ENQ-01122,2025-03-10,Mandai,Partner,Locker,Household,90.45,0,0
ENQ-01123,2025-11-18,Bedok,Partner,Medium,Household,320.33,0,0
ENQ-01124,2025-02-16,Mandai,Organic,Medium,SME,326.9,0,0
ENQ-01125,2025-09-30,Tuas,Meta Ads,Large,Student/Expats,433.8,0,0
ENQ-01126,2025-01-24,Choa Chu Kang,Google Search,Locker,Household,85.5,0,0
ENQ-01127,2025-01-03,Clementi,Google Search,Small,Household,192.43,0,0
ENQ-01128,2025-01-13,Bukit Timah,Meta Ads,Locker,Relocation,101.34,1,0
ENQ-01129,2025-05-06,Yishun,Referral,Small,Student/Expats,168.89,0,0
ENQ-01130,2025-10-19,Marine Parade,Walk-in,Medium,Household,266.52,0,0
ENQ-01131,2025-08-15,Queenstown,Walk-in,Medium,Student/Expats,265.66,0,0
ENQ-01132,2025-01-24,North-Eastern Islands,Meta Ads,Small,Household,190.55,0,0
ENQ-01133,2025-11-08,Jurong West,Referral,Medium,Household,298.76,0,0
ENQ-01134,2025-12-28,Tanglin,Google Search,Locker,E-commerce,82.25,0,0
ENQ-01135,2025-12-18,Sembawang,Organic,Small,SME,193.3,0,0
ENQ-01136,2025-05-26,Sengkang,Google Search,Small,Household,186.05,0,0
ENQ-01137,2025-04-21,Singapore River,Organic,Small,E-commerce,172.9,1,0
ENQ-01138,2025-08-03,Southern Islands,Organic,Medium,Household,273.95,0,0
ENQ-01139,2025-05-13,North-Eastern Islands,Google Search,Large,Household,491.91,0,0
ENQ-01140,2025-12-23,Kallang,Partner,Medium,Relocation,281.15,0,0
ENQ-01141,2025-02-07,Marina East,Walk-in,Medium,E-commerce,321.97,0,0
ENQ-01142,2025-09-12,Mandai,Referral,Small,SME,186.22,0,0
ENQ-01143,2025-11-22,Bukit Merah,Google Search,Medium,Relocation,280.22,0,0
ENQ-01144,2025-09-05,Clementi,Google Search,Medium,Household,314.05,1,0
ENQ-01145,2025-10-21,Straits View,Walk-in,Medium,SME,304.66,0,0
ENQ-01146,2025-01-27,Clementi,Referral,Small,SME,206.51,0,0
ENQ-01147,2025-03-11,Novena,Walk-in,Medium,Household,285.7,0,0
ENQ-01148,2025-10-12,Woodlands,Meta Ads,Locker,Household,84.92,0,0
ENQ-01149,2025-05-12,Lim Chu Kang,Referral,Medium,Student/Expats,288.76,1,0
ENQ-01150,2025-05-09,Orchard,Organic,Small,Household,187.24,0,0
ENQ-01151,2025-06-05,Toa Payoh,Partner,Medium,SME,274.02,0,0
ENQ-01152,2025-07-30,Pioneer,Google Search,Medium,E-commerce,266.03,0,0
ENQ-01153,2025-04-16,Tengah,Google Search,Medium,E-commerce,264.63,0,0
ENQ-01154,2025-02-12,Toa Payoh,Google Search,Medium,Relocation,263.14,1,0
ENQ-01155,2025-11-17,Pioneer,Meta Ads,Medium,Household,319.92,0,0
ENQ-01156,2025-06-30,Sengkang,Google Search,Medium,E-commerce,306.95,0,0
ENQ-01157,2025-01-04,Central Water Catchment,Meta Ads,Small,Household,175.23,0,0
ENQ-01158,2025-12-16,Geylang,Google Search,Small,SME,184.88,1,0
ENQ-01159,2025-02-18,Central Water Catchment,Google Search,Locker,Household,94.46,0,0
ENQ-01160,2025-11-23,Seletar,Partner,Large,SME,460.19,0,0
ENQ-01161,2025-06-05,Sengkang,Google Search,Medium,Household,328.04,0,0
ENQ-01162,2025-12-08,Pasir Ris,Google Search,Medium,Household,312.85,1,0
ENQ-01163,2025-10-06,Kallang,Partner,Large,Household,478.7,1,0
ENQ-01164,2025-09-21,Marina East,Google Search,Medium,Household,323.31,0,0
ENQ-01165,2025-08-07,Sengkang,Meta Ads,Medium,Household,262.43,0,0
ENQ-01166,2025-01-09,Bukit Batok,Organic,Medium,E-commerce,321.56,0,0
ENQ-01167,2025-08-18,North-Eastern Islands,Organic,Medium,SME,266.64,0,0
ENQ-01168,2025-06-01,Bishan,Meta Ads,Locker,Household,83.39,1,1
ENQ-01169,2025-01-16,Boon Lay,Organic,Small,SME,193.97,1,0
ENQ-01170,2025-10-22,Bukit Merah,Referral,Small,Household,189.7,1,0
ENQ-01171,2025-01-12,Changi,Google Search,Medium,Relocation,262.84,1,0
ENQ-01172,2025-10-14,Simpang,Organic,Large,Household,508.59,0,0
ENQ-01173,2025-10-31,Outram,Google Search,Small,Household,184.08,0,0
ENQ-01174,2025-08-06,Tengah,Google Search,Small,Student/Expats,206.5,0,0
ENQ-01175,2025-06-06,Boon Lay,Organic,Medium,Household,306.98,0,0
ENQ-01176,2025-08-09,Bishan,Organic,Small,Household,183.11,0,0
ENQ-01177,2025-03-27,Singapore River,Google Search,Small,Student/Expats,193.68,0,0
ENQ-01178,2025-01-05,Bedok,Referral,Medium,Household,311.54,0,0
ENQ-01179,2025-06-08,Clementi,Meta Ads,Small,SME,162.48,0,0
ENQ-01180,2025-07-06,Ang Mo Kio,Google Search,Small,Student/Expats,171.29,0,0
ENQ-01181,2025-05-26,Mandai,Google Search,Locker,Household,102.44,0,0
ENQ-01182,2025-08-01,Lim Chu Kang,Google Search,Locker,Household,92.49,0,0
ENQ-01183,2025-03-15,Seletar,Meta Ads,Small,Household,193.85,0,0
ENQ-01184,2025-11-14,Sengkang,Walk-in,Locker,Household,92.7,0,0
ENQ-01185,2025-03-02,Pioneer,Google Search,Small,Student/Expats,172.97,1,0
ENQ-01186,2025-12-10,Seletar,Walk-in,Small,Household,200.26,0,0
ENQ-01187,2025-05-01,Toa Payoh,Google Search,Large,Household,468.16,0,0
ENQ-01188,2025-06-12,Orchard,Google Search,Medium,Household,333.1,0,0
ENQ-01189,2025-03-07,Bedok,Google Search,Medium,Household,328.89,1,0
ENQ-01190,2025-10-07,Western Water Catchment,Google Search,Small,SME,184.85,1,0
ENQ-01191,2025-01-29,Marina South,Organic,Medium,Household,272.74,0,0
ENQ-01192,2025-10-07,Tengah,Google Search,Medium,Relocation,307.52,0,0
ENQ-01193,2025-02-05,Geylang,Organic,Small,Household,195.51,1,0
ENQ-01194,2025-04-03,Serangoon,Meta Ads,Medium,SME,308.09,0,0
ENQ-01195,2025-06-24,Bedok,Referral,Small,SME,176.66,0,0
ENQ-01196,2025-10-03,Kallang,Referral,Locker,Relocation,90.29,1,1
ENQ-01197,2025-08-29,Tampines,Organic,Locker,SME,98.26,1,0
ENQ-01198,2025-06-13,Bukit Batok,Google Search,Locker,Household,85.49,0,0
ENQ-01199,2025-05-22,Woodlands,Organic,Locker,Household,88.93,0,0
ENQ-01200,2025-08-18,Downtown Core,Referral,Small,Household,162.78,0,0
ENQ-01201,2025-10-27,Tanglin,Meta Ads,Medium,Household,314.36,0,0
ENQ-01202,2025-11-09,Tampines,Organic,Medium,Household,280.45,0,0
ENQ-01203,2025-10-02,Straits View,Google Search,Medium,SME,283.6,0,1
ENQ-01204,2025-07-23,Bukit Batok,Google Search,Medium,SME,310.88,0,0
ENQ-01205,2025-12-27,Jurong West,Google Search,Large,Household,470.56,0,0
ENQ-01206,2025-11-14,Jurong East,Referral,Large,Household,520.41,1,0
ENQ-01207,2025-11-18,Sungei Kadut,Google Search,Small,Student/Expats,195.99,0,0
ENQ-01208,2025-04-17,Central Water Catchment,Meta Ads,Small,Household,186.0,0,0
ENQ-01209,2025-12-22,Tengah,Meta Ads,Small,Household,204.2,0,0
ENQ-01210,2025-01-27,Marina East,Google Search,Locker,Household,98.17,0,0
ENQ-01211,2025-01-30,Downtown Core,Walk-in,Medium,Student/Expats,284.74,1,0
ENQ-01212,2025-08-10,Downtown Core,Organic,Large,Household,463.36,0,0
ENQ-01213,2025-07-15,Jurong West,Partner,Locker,Household,81.72,1,0
ENQ-01214,2025-08-03,Straits View,Referral,Medium,Household,280.91,0,0
ENQ-01215,2025-09-03,Sengkang,Meta Ads,Small,SME,183.41,0,0
ENQ-01216,2025-02-25,North-Eastern Islands,Partner,Small,E-commerce,203.24,1,0
ENQ-01217,2025-03-27,Novena,Meta Ads,Locker,Relocation,90.2,0,0
ENQ-01218,2025-03-22,Ang Mo Kio,Google Search,Locker,SME,81.98,0,0
ENQ-01219,2025-03-12,Jurong East,Meta Ads,Medium,Relocation,296.04,0,0
ENQ-01220,2025-12-23,Straits View,Partner,Small,SME,206.02,0,0
ENQ-01221,2025-01-08,Straits View,Meta Ads,Locker,Household,85.62,0,0
ENQ-01222,2025-07-13,Serangoon,Organic,Small,SME,197.04,0,0
ENQ-01223,2025-02-03,Tuas,Google Search,Medium,Relocation,312.77,0,0
ENQ-01224,2025-03-04,Pioneer,Google Search,Medium,Household,332.81,0,0
ENQ-01225,2025-09-29,Boon Lay,Google Search,Large,SME,513.15,0,0
ENQ-01226,2025-11-03,Kallang,Organic,Small,Relocation,205.36,0,0
ENQ-01227,2025-02-25,Sembawang,Meta Ads,Locker,Household,91.61,0,0
ENQ-01228,2025-09-30,Simpang,Organic,Small,Student/Expats,186.44,1,0
ENQ-01229,2025-08-15,Woodlands,Meta Ads,Medium,SME,317.29,0,0
ENQ-01230,2025-05-08,Pioneer,Organic,Large,Relocation,504.5,0,0
ENQ-01231,2025-02-14,North-Eastern Islands,Google Search,Medium,Household,321.68,1,1
ENQ-01232,2025-03-09,Tengah,Organic,Small,SME,185.06,0,0
ENQ-01233,2025-12-28,Sembawang,Meta Ads,Locker,Household,98.03,0,0
ENQ-01234,2025-12-04,Seletar,Referral,Medium,SME,296.65,0,0
ENQ-01235,2025-11-13,Pioneer,Referral,Small,Household,199.42,0,0
ENQ-01236,2025-12-20,Choa Chu Kang,Walk-in,Small,Student/Expats,190.54,0,0
ENQ-01237,2025-07-01,Yishun,Referral,Large,Student/Expats,451.35,0,0
ENQ-01238,2025-04-13,Changi,Referral,Small,Household,198.84,1,0
ENQ-01239,2025-11-02,Tampines,Meta Ads,Small,Household,195.42,0,0
ENQ-01240,2025-05-03,Woodlands,Walk-in,Large,Household,456.38,1,0
ENQ-01241,2025-05-12,Serangoon,Google Search,Medium,SME,306.28,0,0
ENQ-01242,2025-01-21,Tengah,Meta Ads,Large,SME,521.68,0,1
ENQ-01243,2025-12-27,Novena,Google Search,Small,SME,174.16,0,0
ENQ-01244,2025-04-19,Bedok,Google Search,Large,Relocation,449.79,0,0
ENQ-01245,2025-07-08,Southern Islands,Organic,Large,Household,485.66,0,0
ENQ-01246,2025-02-08,Marina South,Meta Ads,Medium,Relocation,294.36,0,0
ENQ-01247,2025-06-13,Tampines,Meta Ads,Small,Household,185.7,0,0
ENQ-01248,2025-11-02,Tengah,Partner,Small,Household,192.65,0,0
ENQ-01249,2025-05-27,Changi Bay,Google Search,Large,Household,452.76,1,0
ENQ-01250,2025-10-10,Museum,Walk-in,Medium,Household,262.53,0,0
ENQ-01251,2025-05-22,River Valley,Partner,Small,Household,164.84,1,0
ENQ-01252,2025-10-15,Pioneer,Meta Ads,Small,Student/Expats,179.23,0,0
ENQ-01253,2025-12-03,Central Water Catchment,Referral,Small,SME,180.36,1,0
ENQ-01254,2025-01-23,Changi Bay,Google Search,Small,Household,173.83,1,0
ENQ-01255,2025-11-18,Kallang,Partner,Locker,Household,83.12,0,0
ENQ-01256,2025-10-22,Newton,Meta Ads,Medium,Household,271.55,0,1
ENQ-01257,2025-01-28,Sungei Kadut,Google Search,Small,Household,181.81,1,0
ENQ-01258,2025-12-10,Rochor,Referral,Medium,SME,263.31,0,0
ENQ-01259,2025-12-15,Simpang,Walk-in,Locker,Student/Expats,100.23,0,0
ENQ-01260,2025-09-28,Pioneer,Referral,Small,SME,186.24,1,0
ENQ-01261,2025-07-20,Marina South,Partner,Medium,SME,295.39,0,0
ENQ-01262,2025-02-21,Central Water Catchment,Meta Ads,Small,Household,182.78,1,0
ENQ-01263,2025-07-17,Jurong West,Referral,Small,Student/Expats,193.03,0,0
ENQ-01264,2025-04-25,Bedok,Google Search,Small,SME,202.1,0,0
ENQ-01265,2025-02-05,Changi Bay,Google Search,Locker,Household,81.49,0,0
ENQ-01266,2025-10-31,Boon Lay,Walk-in,Small,E-commerce,192.02,1,0
ENQ-01267,2025-04-09,Lim Chu Kang,Organic,Small,Student/Expats,205.29,0,0
ENQ-01268,2025-09-10,Changi Bay,Organic,Medium,Relocation,269.6,0,0
ENQ-01269,2025-06-06,Singapore River,Referral,Medium,Household,267.62,0,0
ENQ-01270,2025-06-22,Outram,Referral,Medium,SME,309.73,0,0
ENQ-01271,2025-06-29,Sembawang,Partner,Small,SME,182.33,0,0
ENQ-01272,2025-04-30,Punggol,Referral,Medium,Household,276.52,0,0
ENQ-01273,2025-06-08,Bukit Panjang,Google Search,Locker,E-commerce,99.88,0,0
ENQ-01274,2025-09-02,Tampines,Partner,Medium,Relocation,278.08,0,0
ENQ-01275,2025-03-22,Lim Chu Kang,Partner,Medium,SME,329.32,0,0
ENQ-01276,2025-04-15,Straits View,Meta Ads,Locker,Household,94.76,0,0
ENQ-01277,2025-06-04,Sungei Kadut,Google Search,Locker,SME,94.58,0,0
ENQ-01278,2025-07-02,Marine Parade,Google Search,Large,Student/Expats,426.43,0,0
ENQ-01279,2025-07-25,Rochor,Google Search,Locker,SME,88.12,0,0
ENQ-01280,2025-09-04,Marina South,Google Search,Medium,Household,322.31,0,0
ENQ-01281,2025-10-13,Bishan,Meta Ads,Large,Household,518.42,0,0
ENQ-01282,2025-03-23,Toa Payoh,Google Search,Small,Relocation,193.92,0,0
ENQ-01283,2025-09-02,Simpang,Referral,Medium,Household,279.36,0,0
ENQ-01284,2025-03-31,Pioneer,Referral,Small,Household,201.26,0,0
ENQ-01285,2025-10-13,Tampines,Meta Ads,Medium,Household,279.13,0,0
ENQ-01286,2025-10-13,Rochor,Google Search,Locker,SME,96.86,0,0
ENQ-01287,2025-03-19,Tampines,Referral,Large,SME,480.51,0,0
ENQ-01288,2025-01-25,Tuas,Organic,Locker,E-commerce,83.26,0,0
ENQ-01289,2025-08-19,Queenstown,Organic,Medium,Household,293.49,0,0
ENQ-01290,2025-05-04,Novena,Referral,Locker,Relocation,85.12,1,0
ENQ-01291,2025-01-14,Marina South,Meta Ads,Locker,Household,82.12,0,0
ENQ-01292,2025-08-21,Serangoon,Meta Ads,Small,Household,168.42,0,0
ENQ-01293,2025-08-19,Bukit Merah,Referral,Medium,SME,264.71,0,0
ENQ-01294,2025-06-01,Tampines,Walk-in,Medium,Household,305.13,0,0
ENQ-01295,2025-12-17,Hougang,Google Search,Medium,SME,273.81,0,0
ENQ-01296,2025-04-19,Jurong West,Google Search,Locker,Household,93.46,0,0
ENQ-01297,2025-04-01,Marina East,Referral,Small,Household,195.56,1,0
ENQ-01298,2025-07-06,Outram,Meta Ads,Medium,Household,272.07,1,0
ENQ-01299,2025-06-06,Hougang,Organic,Large,Household,471.58,0,0
ENQ-01300,2025-05-02,Novena,Walk-in,Medium,Student/Expats,280.33,0,0
ENQ-01301,2025-01-25,Changi,Organic,Locker,SME,100.81,0,0
ENQ-01302,2025-11-29,Changi,Google Search,Locker,SME,90.55,0,0
ENQ-01303,2025-06-16,Clementi,Walk-in,Small,SME,170.06,1,1
ENQ-01304,2025-02-19,Kallang,Meta Ads,Medium,Student/Expats,276.11,0,0
ENQ-01305,2025-10-02,Yishun,Google Search,Small,Household,193.26,0,0
ENQ-01306,2025-12-29,Rochor,Meta Ads,Locker,Student/Expats,93.01,0,0
ENQ-01307,2025-07-31,Central Water Catchment,Organic,Medium,E-commerce,297.94,0,0
ENQ-01308,2025-02-28,Singapore River,Google Search,Medium,Household,299.56,1,0
ENQ-01309,2025-08-21,Sengkang,Google Search,Large,SME,443.11,0,0
ENQ-01310,2025-03-14,Seletar,Organic,Medium,Household,301.44,0,0
ENQ-01311,2025-10-23,Yishun,Google Search,Medium,Relocation,270.18,0,0
ENQ-01312,2025-04-01,Jurong East,Meta Ads,Large,Household,501.26,0,0
ENQ-01313,2025-08-18,North-Eastern Islands,Google Search,Small,Household,187.32,0,0
ENQ-01314,2025-09-01,Hougang,Organic,Locker,Household,95.82,0,0
ENQ-01315,2025-11-07,Queenstown,Referral,Small,Household,188.25,0,0
ENQ-01316,2025-10-17,Woodlands,Organic,Locker,SME,81.2,1,0
ENQ-01317,2025-02-10,Serangoon,Organic,Medium,Student/Expats,328.32,0,0
ENQ-01318,2025-09-08,Kallang,Walk-in,Small,Household,202.54,0,0
ENQ-01319,2025-07-17,North-Eastern Islands,Walk-in,Medium,Household,295.24,0,0
ENQ-01320,2025-10-27,Mandai,Meta Ads,Locker,Student/Expats,84.14,0,0
ENQ-01321,2025-07-05,Marina South,Meta Ads,Small,Student/Expats,186.65,0,0
ENQ-01322,2025-11-24,Marina East,Partner,Small,Household,203.01,0,0
ENQ-01323,2025-11-30,River Valley,Partner,Locker,Household,101.04,0,0
ENQ-01324,2025-04-17,Straits View,Google Search,Medium,Household,327.06,0,0
ENQ-01325,2025-06-16,Kallang,Google Search,Locker,SME,89.93,0,0
ENQ-01326,2025-07-29,Jurong East,Organic,Medium,SME,283.07,0,0
ENQ-01327,2025-07-01,Sungei Kadut,Google Search,Medium,E-commerce,302.46,0,0
ENQ-01328,2025-01-28,Novena,Referral,Small,SME,182.65,0,0
ENQ-01329,2025-05-03,Pioneer,Referral,Small,Student/Expats,189.0,1,0
ENQ-01330,2025-01-26,Tampines,Meta Ads,Medium,Student/Expats,313.94,0,0
ENQ-01331,2025-03-12,Woodlands,Meta Ads,Locker,Household,83.23,0,0
ENQ-01332,2025-03-22,Outram,Meta Ads,Small,Household,201.38,0,0
ENQ-01333,2025-10-08,Choa Chu Kang,Google Search,Locker,Household,101.8,1,0
ENQ-01334,2025-04-23,Clementi,Walk-in,Medium,Household,263.8,1,0
ENQ-01335,2025-04-13,North-Eastern Islands,Google Search,Medium,Household,314.98,1,0
ENQ-01336,2025-06-27,Marina East,Google Search,Locker,Household,89.3,0,0
ENQ-01337,2025-12-13,Marina South,Walk-in,Medium,Household,278.59,0,0
ENQ-01338,2025-08-27,Bukit Batok,Organic,Small,Relocation,166.27,0,0
ENQ-01339,2025-10-17,Tampines,Referral,Locker,E-commerce,103.07,0,0
ENQ-01340,2025-10-26,Museum,Referral,Medium,Student/Expats,317.78,1,0
ENQ-01341,2025-07-09,Jurong West,Meta Ads,Medium,Household,266.74,0,1
ENQ-01342,2025-06-18,Pioneer,Meta Ads,Small,Household,176.46,0,0
ENQ-01343,2025-10-13,Pasir Ris,Referral,Locker,Household,82.01,1,0
ENQ-01344,2025-04-14,Sungei Kadut,Google Search,Medium,Household,307.82,1,0
ENQ-01345,2025-02-28,Bedok,Meta Ads,Large,SME,414.25,0,0
ENQ-01346,2025-05-23,Marine Parade,Organic,Medium,Household,296.8,0,0
ENQ-01347,2025-07-22,Downtown Core,Google Search,Medium,Household,261.64,0,0
ENQ-01348,2025-03-02,Downtown Core,Partner,Small,E-commerce,170.83,0,0
ENQ-01349,2025-09-18,Changi,Meta Ads,Locker,Household,82.5,0,0
ENQ-01350,2025-01-31,Museum,Meta Ads,Small,Household,188.82,0,0
ENQ-01351,2025-06-12,Marina South,Referral,Medium,E-commerce,325.51,0,0
ENQ-01352,2025-04-16,Sembawang,Walk-in,Small,Household,167.79,0,0
ENQ-01353,2025-06-18,Bukit Batok,Referral,Large,Student/Expats,440.33,1,0
ENQ-01354,2025-01-16,Tengah,Walk-in,Large,SME,488.85,0,0
ENQ-01355,2025-12-18,Ang Mo Kio,Google Search,Medium,Household,323.01,0,0
ENQ-01356,2025-10-30,Bedok,Organic,Locker,SME,95.08,0,0
ENQ-01357,2025-09-18,Hougang,Meta Ads,Medium,Household,304.94,0,0
ENQ-01358,2025-01-17,Tanglin,Google Search,Small,E-commerce,171.23,0,0
ENQ-01359,2025-02-27,Western Water Catchment,Walk-in,Medium,Relocation,314.96,0,0
ENQ-01360,2025-02-13,Seletar,Google Search,Small,Relocation,181.61,0,0
ENQ-01361,2025-06-21,Sembawang,Google Search,Medium,SME,314.04,0,0
ENQ-01362,2025-06-07,Museum,Referral,Medium,SME,282.95,0,0
ENQ-01363,2025-11-09,Choa Chu Kang,Referral,Medium,SME,318.43,0,0
ENQ-01364,2025-04-18,Sungei Kadut,Google Search,Medium,Relocation,274.05,0,0
ENQ-01365,2025-04-25,Tanglin,Referral,Locker,Household,94.71,1,0
ENQ-01366,2025-01-30,Rochor,Meta Ads,Small,Household,171.66,0,0
ENQ-01367,2025-08-15,Southern Islands,Organic,Medium,Student/Expats,276.14,0,0
ENQ-01368,2025-09-15,Choa Chu Kang,Google Search,Large,Household,416.33,0,0
ENQ-01369,2025-03-28,Hougang,Meta Ads,Small,Household,164.62,0,0
ENQ-01370,2025-01-31,Hougang,Google Search,Locker,E-commerce,82.82,0,0
ENQ-01371,2025-02-11,Bukit Merah,Organic,Medium,Student/Expats,298.97,0,0
ENQ-01372,2025-10-15,Rochor,Partner,Locker,SME,85.38,0,0
ENQ-01373,2025-04-06,Queenstown,Walk-in,Locker,Student/Expats,88.13,0,0
ENQ-01374,2025-10-04,Downtown Core,Organic,Medium,Household,276.5,1,1
ENQ-01375,2025-03-10,Tanglin,Meta Ads,Medium,Household,273.68,0,0
ENQ-01376,2025-09-28,Clementi,Partner,Small,Student/Expats,203.29,0,0
ENQ-01377,2025-11-27,River Valley,Meta Ads,Large,SME,491.75,0,0
ENQ-01378,2025-12-08,Outram,Meta Ads,Large,Household,520.27,0,0
ENQ-01379,2025-01-13,Geylang,Google Search,Large,E-commerce,518.29,0,0
ENQ-01380,2025-11-20,Bedok,Meta Ads,Locker,Household,81.35,0,1
ENQ-01381,2025-10-09,Seletar,Walk-in,Medium,E-commerce,305.12,0,0
ENQ-01382,2025-06-15,Woodlands,Walk-in,Medium,SME,312.65,0,0
ENQ-01383,2025-06-14,Simpang,Google Search,Small,Household,163.04,1,0
ENQ-01384,2025-11-26,Punggol,Google Search,Small,Household,178.75,1,0
ENQ-01385,2025-08-18,Yishun,Partner,Medium,Household,277.05,1,0
ENQ-01386,2025-08-07,Bedok,Walk-in,Medium,Household,330.86,0,0
ENQ-01387,2025-12-05,Museum,Meta Ads,Small,Household,206.83,0,0
ENQ-01388,2025-09-03,Downtown Core,Referral,Small,Student/Expats,182.27,0,0
ENQ-01389,2025-07-23,Sungei Kadut,Referral,Locker,Household,88.08,0,0
ENQ-01390,2025-03-04,Bukit Timah,Google Search,Large,Household,454.6,0,0
ENQ-01391,2025-03-08,Outram,Walk-in,Medium,Household,298.66,0,0
ENQ-01392,2025-05-20,Bishan,Walk-in,Medium,Student/Expats,299.34,0,0
ENQ-01393,2025-05-29,Marina East,Partner,Small,Household,162.82,0,0
ENQ-01394,2025-03-17,Ang Mo Kio,Meta Ads,Small,Student/Expats,174.97,0,0
ENQ-01395,2025-07-10,Bukit Panjang,Walk-in,Locker,Household,96.48,0,0
ENQ-01396,2025-04-23,Singapore River,Partner,Small,Household,168.63,1,1
ENQ-01397,2025-04-15,River Valley,Organic,Locker,SME,90.35,0,0
ENQ-01398,2025-08-30,Hougang,Google Search,Medium,SME,284.54,0,0
ENQ-01399,2025-04-12,Tuas,Google Search,Small,Household,183.86,1,0
ENQ-01400,2025-07-02,Tampines,Walk-in,Large,SME,477.77,0,0
ENQ-01401,2025-08-27,Downtown Core,Partner,Small,Household,187.61,0,0
ENQ-01402,2025-06-07,Queenstown,Meta Ads,Large,SME,509.95,0,0
ENQ-01403,2025-07-17,Clementi,Meta Ads,Medium,E-commerce,282.88,0,0
ENQ-01404,2025-10-13,Bukit Merah,Google Search,Medium,Relocation,292.72,0,0
ENQ-01405,2025-01-16,Yishun,Google Search,Large,Household,445.63,0,0
ENQ-01406,2025-09-30,Central Water Catchment,Walk-in,Locker,Household,87.43,0,0
ENQ-01407,2025-09-19,Singapore River,Organic,Medium,Household,322.04,1,0
ENQ-01408,2025-09-23,Orchard,Meta Ads,Small,SME,187.13,1,0
ENQ-01409,2025-08-02,Hougang,Google Search,Small,Household,201.34,1,0
ENQ-01410,2025-07-24,Woodlands,Organic,Medium,Household,287.18,0,0
ENQ-01411,2025-08-21,Changi Bay,Organic,Large,Student/Expats,523.53,1,0
ENQ-01412,2025-03-10,Clementi,Referral,Locker,Student/Expats,88.61,1,0
ENQ-01413,2025-06-04,Simpang,Walk-in,Small,SME,185.98,0,0
ENQ-01414,2025-09-04,Choa Chu Kang,Organic,Locker,Household,94.6,0,0
ENQ-01415,2025-04-24,Changi,Google Search,Small,Relocation,201.59,1,0
ENQ-01416,2025-02-19,Punggol,Partner,Small,E-commerce,176.31,0,0
ENQ-01417,2025-07-24,Singapore River,Google Search,Locker,Household,95.95,1,0
ENQ-01418,2025-12-22,Orchard,Google Search,Medium,Household,264.71,0,0
ENQ-01419,2025-05-29,Changi,Organic,Medium,E-commerce,265.25,1,0
ENQ-01420,2025-04-23,Marina South,Partner,Medium,Household,316.98,0,1
ENQ-01421,2025-12-27,Straits View,Organic,Large,Household,427.18,0,0
ENQ-01422,2025-04-22,Marina South,Google Search,Large,E-commerce,479.07,0,0
ENQ-01423,2025-06-04,River Valley,Referral,Large,Student/Expats,496.69,0,0
ENQ-01424,2025-07-14,Woodlands,Partner,Small,Student/Expats,194.6,0,0
ENQ-01425,2025-06-28,Marine Parade,Google Search,Medium,Household,317.7,0,0
ENQ-01426,2025-03-23,Mandai,Meta Ads,Locker,Household,102.08,1,0
ENQ-01427,2025-04-27,Ang Mo Kio,Referral,Locker,Household,82.47,0,0
ENQ-01428,2025-02-18,Sembawang,Meta Ads,Small,Student/Expats,201.08,0,0
ENQ-01429,2025-10-01,Geylang,Organic,Locker,E-commerce,88.05,0,0
ENQ-01430,2025-03-07,River Valley,Partner,Locker,Household,94.77,0,0
ENQ-01431,2025-05-11,Marine Parade,Walk-in,Small,Household,205.67,0,0
ENQ-01432,2025-05-23,Woodlands,Partner,Medium,Household,297.68,0,0
ENQ-01433,2025-08-18,Bukit Batok,Organic,Locker,Household,87.87,0,0
ENQ-01434,2025-12-07,Jurong East,Google Search,Small,E-commerce,182.08,0,0
ENQ-01435,2025-12-19,Tuas,Organic,Medium,SME,293.55,0,0
ENQ-01436,2025-04-23,Seletar,Referral,Medium,SME,328.46,0,0
ENQ-01437,2025-12-08,Woodlands,Organic,Medium,Household,296.11,0,0
ENQ-01438,2025-09-05,Tanglin,Google Search,Locker,Student/Expats,94.99,1,0
ENQ-01439,2025-03-09,Tuas,Referral,Small,Household,187.24,1,0
ENQ-01440,2025-02-01,Tanglin,Google Search,Small,SME,168.0,0,0
ENQ-01441,2025-07-22,North-Eastern Islands,Walk-in,Locker,Household,90.74,0,0
ENQ-01442,2025-03-12,Seletar,Google Search,Medium,SME,291.29,0,0
ENQ-01443,2025-05-12,River Valley,Organic,Small,Household,196.25,0,0
ENQ-01444,2025-07-04,Singapore River,Referral,Small,E-commerce,186.62,1,0
ENQ-01445,2025-10-05,Kallang,Walk-in,Large,Household,491.77,0,0
ENQ-01446,2025-07-05,Orchard,Organic,Large,Household,452.55,1,0
ENQ-01447,2025-09-04,Southern Islands,Partner,Small,E-commerce,178.9,1,0
ENQ-01448,2025-08-16,Central Water Catchment,Meta Ads,Medium,SME,312.66,0,0
ENQ-01449,2025-07-03,Lim Chu Kang,Google Search,Medium,Relocation,267.91,1,0
ENQ-01450,2025-06-28,Orchard,Referral,Medium,Student/Expats,304.07,0,0
ENQ-01451,2025-11-23,Marina East,Organic,Medium,SME,291.73,0,0
ENQ-01452,2025-10-09,Bukit Panjang,Meta Ads,Large,Household,507.41,0,0
ENQ-01453,2025-02-06,Marine Parade,Google Search,Medium,Student/Expats,322.52,0,0
ENQ-01454,2025-01-06,River Valley,Google Search,Medium,Household,296.92,1,0
ENQ-01455,2025-07-18,River Valley,Google Search,Medium,Household,326.56,1,0
ENQ-01456,2025-01-14,Boon Lay,Google Search,Small,SME,178.0,0,0
ENQ-01457,2025-05-22,Boon Lay,Partner,Locker,E-commerce,91.64,0,0
ENQ-01458,2025-03-10,Central Water Catchment,Referral,Medium,E-commerce,270.48,1,0
ENQ-01459,2025-04-21,Novena,Meta Ads,Medium,Relocation,288.37,0,0
ENQ-01460,2025-10-14,Serangoon,Walk-in,Locker,Household,86.38,1,0
ENQ-01461,2025-03-27,Marina South,Google Search,Medium,Household,327.54,1,0
ENQ-01462,2025-06-01,Tanglin,Google Search,Locker,Household,98.11,0,0
ENQ-01463,2025-01-16,Novena,Meta Ads,Large,Student/Expats,515.74,0,0
ENQ-01464,2025-10-21,Jurong East,Google Search,Medium,Student/Expats,320.63,0,0
ENQ-01465,2025-08-04,Changi,Referral,Locker,Household,96.26,0,0
ENQ-01466,2025-08-26,Queenstown,Meta Ads,Small,Relocation,181.32,1,0
ENQ-01467,2025-08-21,Woodlands,Walk-in,Small,Student/Expats,190.33,0,0
ENQ-01468,2025-04-12,Toa Payoh,Meta Ads,Medium,Student/Expats,262.53,0,0
ENQ-01469,2025-07-04,Ang Mo Kio,Google Search,Large,Household,449.6,0,0
ENQ-01470,2025-05-05,Tanglin,Referral,Locker,Household,87.1,0,0
ENQ-01471,2025-01-25,Simpang,Meta Ads,Locker,Household,84.9,0,0
ENQ-01472,2025-05-17,Sembawang,Google Search,Locker,Household,85.04,0,0
ENQ-01473,2025-04-23,Marina South,Partner,Large,SME,452.27,0,0
ENQ-01474,2025-04-07,Singapore River,Google Search,Medium,Student/Expats,310.99,0,0
ENQ-01475,2025-02-24,Newton,Meta Ads,Locker,SME,84.7,0,0
ENQ-01476,2025-06-29,Sembawang,Google Search,Medium,Household,315.02,1,0
ENQ-01477,2025-06-30,Museum,Meta Ads,Medium,Student/Expats,280.9,0,0
ENQ-01478,2025-09-11,Jurong West,Partner,Small,E-commerce,175.97,0,0
ENQ-01479,2025-03-27,Sengkang,Walk-in,Large,Household,496.25,1,0
ENQ-01480,2025-12-19,Tengah,Meta Ads,Small,SME,199.76,0,0
ENQ-01481,2025-10-06,Seletar,Google Search,Locker,SME,90.71,0,0
ENQ-01482,2025-12-03,Woodlands,Walk-in,Small,E-commerce,168.81,1,0
ENQ-01483,2025-06-25,Bukit Merah,Google Search,Locker,Household,87.87,0,0
ENQ-01484,2025-08-17,Simpang,Referral,Medium,Student/Expats,292.16,0,0
ENQ-01485,2025-12-22,Pasir Ris,Referral,Large,Household,514.28,1,0
ENQ-01486,2025-07-15,Toa Payoh,Google Search,Medium,Household,309.37,0,0
ENQ-01487,2025-10-02,Outram,Meta Ads,Locker,E-commerce,102.76,0,0
ENQ-01488,2025-06-29,Simpang,Referral,Small,SME,171.97,0,0
ENQ-01489,2025-11-04,North-Eastern Islands,Meta Ads,Medium,Household,320.3,0,0
ENQ-01490,2025-08-26,Choa Chu Kang,Organic,Locker,Household,99.03,0,0
ENQ-01491,2025-12-16,Pioneer,Meta Ads,Locker,SME,83.1,0,1
ENQ-01492,2025-05-25,Orchard,Walk-in,Large,SME,421.25,0,0
ENQ-01493,2025-05-01,Rochor,Walk-in,Large,Household,515.29,0,0
ENQ-01494,2025-01-24,Jurong West,Meta Ads,Small,Household,196.12,0,1
ENQ-01495,2025-05-21,Orchard,Partner,Medium,Relocation,317.96,0,0
ENQ-01496,2025-05-28,Toa Payoh,Referral,Small,Household,163.5,1,0
ENQ-01497,2025-05-08,Newton,Referral,Medium,Student/Expats,276.71,1,1
ENQ-01498,2025-06-10,Downtown Core,Referral,Small,Household,179.91,0,0
ENQ-01499,2025-11-07,Tanglin,Referral,Medium,Household,295.85,0,0
ENQ-01500,2025-01-24,Hougang,Google Search,Medium,SME,290.15,0,0
ENQ-01501,2025-08-02,Boon Lay,Organic,Small,Household,200.55,0,0
ENQ-01502,2025-04-18,Punggol,Referral,Locker,Household,86.46,0,0
ENQ-01503,2025-01-25,Tengah,Meta Ads,Locker,Household,91.13,0,0
ENQ-01504,2025-10-01,Tampines,Google Search,Medium,SME,272.79,0,0
ENQ-01505,2025-03-31,Marina East,Referral,Small,Household,166.09,1,0
ENQ-01506,2025-05-06,Tengah,Organic,Large,Student/Expats,445.33,0,0
ENQ-01507,2025-10-31,Punggol,Meta Ads,Locker,Household,99.73,0,0
ENQ-01508,2025-12-18,Boon Lay,Google Search,Small,Household,168.17,0,0
ENQ-01509,2025-03-29,Sengkang,Partner,Medium,Household,293.18,0,0
ENQ-01510,2025-01-25,River Valley,Meta Ads,Medium,Household,293.45,0,0
ENQ-01511,2025-09-10,Downtown Core,Referral,Locker,Household,90.03,0,0
ENQ-01512,2025-01-07,Bishan,Meta Ads,Locker,Household,99.85,0,0
ENQ-01513,2025-12-26,Choa Chu Kang,Referral,Large,Relocation,422.13,0,0
ENQ-01514,2025-07-12,Bishan,Walk-in,Medium,SME,292.08,0,0
ENQ-01515,2025-03-18,Bukit Timah,Walk-in,Large,Household,511.48,1,0
ENQ-01516,2025-04-17,Singapore River,Organic,Large,Student/Expats,495.12,0,0
ENQ-01517,2025-07-22,Simpang,Google Search,Small,SME,178.95,0,0
ENQ-01518,2025-09-11,Newton,Google Search,Locker,Relocation,82.1,0,0
ENQ-01519,2025-04-06,Rochor,Partner,Small,Household,182.61,0,0
ENQ-01520,2025-02-12,Changi,Meta Ads,Small,Relocation,169.2,0,0
ENQ-01521,2025-07-09,Pioneer,Referral,Medium,E-commerce,319.78,0,0
ENQ-01522,2025-10-05,Southern Islands,Referral,Large,E-commerce,488.38,0,0
ENQ-01523,2025-01-03,Jurong East,Organic,Large,Student/Expats,467.33,0,0
ENQ-01524,2025-09-22,Bukit Timah,Google Search,Small,Student/Expats,186.65,1,0
ENQ-01525,2025-07-28,Mandai,Google Search,Medium,Household,266.39,0,0
ENQ-01526,2025-04-27,Sengkang,Google Search,Medium,SME,278.73,1,0
ENQ-01527,2025-07-16,Punggol,Meta Ads,Locker,Student/Expats,95.84,0,0
ENQ-01528,2025-05-22,Ang Mo Kio,Meta Ads,Medium,Household,316.02,0,0
ENQ-01529,2025-07-31,Ang Mo Kio,Meta Ads,Medium,Relocation,325.93,0,0
ENQ-01530,2025-08-07,Clementi,Meta Ads,Small,Student/Expats,175.49,0,0
ENQ-01531,2025-12-10,Pioneer,Referral,Small,Household,188.04,1,0
ENQ-01532,2025-03-09,Serangoon,Meta Ads,Small,Household,199.61,0,0
ENQ-01533,2025-11-17,Seletar,Partner,Medium,Household,293.78,0,0
ENQ-01534,2025-03-10,Bishan,Meta Ads,Locker,Relocation,97.58,0,0
ENQ-01535,2025-09-20,Choa Chu Kang,Google Search,Locker,E-commerce,88.29,0,0
ENQ-01536,2025-08-30,Serangoon,Walk-in,Medium,Household,278.87,0,0
ENQ-01537,2025-07-27,Novena,Google Search,Locker,Household,83.35,1,0
ENQ-01538,2025-04-15,North-Eastern Islands,Google Search,Medium,SME,304.9,0,0
ENQ-01539,2025-03-26,Bukit Batok,Organic,Large,SME,422.36,0,0
ENQ-01540,2025-04-29,Newton,Partner,Small,Household,172.5,0,0
ENQ-01541,2025-01-04,Jurong East,Google Search,Small,E-commerce,175.18,0,0
ENQ-01542,2025-08-25,Newton,Google Search,Locker,E-commerce,81.28,0,0
ENQ-01543,2025-11-03,Orchard,Referral,Small,SME,206.62,0,0
ENQ-01544,2025-02-19,Changi,Referral,Locker,SME,88.45,1,0
ENQ-01545,2025-07-09,Ang Mo Kio,Referral,Small,Household,183.0,1,0
ENQ-01546,2025-04-25,Sungei Kadut,Referral,Locker,Household,102.79,0,0
ENQ-01547,2025-11-18,Pasir Ris,Google Search,Large,Household,512.39,0,0
ENQ-01548,2025-05-09,Bukit Panjang,Walk-in,Locker,Household,96.03,0,0
ENQ-01549,2025-06-07,Seletar,Organic,Medium,SME,301.68,0,0
ENQ-01550,2025-07-28,Jurong East,Google Search,Small,E-commerce,196.96,0,0
ENQ-01551,2025-10-30,Punggol,Walk-in,Medium,Household,266.63,0,0
ENQ-01552,2025-09-05,Lim Chu Kang,Partner,Large,E-commerce,522.67,0,0
ENQ-01553,2025-02-05,Marina South,Google Search,Medium,Relocation,304.35,0,0
ENQ-01554,2025-04-09,Changi,Partner,Large,Household,516.26,0,0
ENQ-01555,2025-09-30,Marine Parade,Walk-in,Small,Household,171.26,0,0
ENQ-01556,2025-12-20,Changi Bay,Organic,Large,Household,490.99,1,0
ENQ-01557,2025-10-29,Choa Chu Kang,Google Search,Small,SME,180.88,1,1
ENQ-01558,2025-03-23,Marine Parade,Google Search,Small,Relocation,188.43,1,0
ENQ-01559,2025-01-19,Rochor,Google Search,Locker,Student/Expats,94.79,0,0
ENQ-01560,2025-12-19,Simpang,Google Search,Small,Household,184.52,0,0
ENQ-01561,2025-11-21,Tampines,Meta Ads,Medium,Relocation,265.86,0,0
ENQ-01562,2025-06-18,Straits View,Walk-in,Locker,Student/Expats,86.08,0,0
ENQ-01563,2025-06-29,River Valley,Meta Ads,Small,SME,183.48,0,0
ENQ-01564,2025-05-07,Sembawang,Google Search,Locker,SME,99.26,0,0
ENQ-01565,2025-10-04,Woodlands,Referral,Medium,Relocation,272.99,0,0
ENQ-01566,2025-07-17,Boon Lay,Organic,Small,Student/Expats,187.84,0,0
ENQ-01567,2025-11-08,Tampines,Organic,Small,E-commerce,205.13,0,0
ENQ-01568,2025-11-01,Lim Chu Kang,Meta Ads,Medium,Student/Expats,287.11,0,0
ENQ-01569,2025-10-17,Kallang,Partner,Small,SME,175.67,0,0
ENQ-01570,2025-08-31,Queenstown,Google Search,Medium,SME,269.9,0,0
ENQ-01571,2025-03-23,Jurong East,Meta Ads,Locker,Household,97.09,0,0
ENQ-01572,2025-04-19,Outram,Google Search,Large,SME,479.61,0,0
ENQ-01573,2025-05-06,Singapore River,Google Search,Medium,Relocation,325.27,0,0
ENQ-01574,2025-08-20,North-Eastern Islands,Google Search,Large,Household,428.88,0,0
ENQ-01575,2025-01-16,River Valley,Meta Ads,Locker,SME,81.96,0,0
ENQ-01576,2025-12-01,Marina East,Meta Ads,Small,SME,187.19,0,0
ENQ-01577,2025-08-26,Western Water Catchment,Meta Ads,Small,Household,206.55,0,0
ENQ-01578,2025-10-09,Bukit Panjang,Referral,Small,Household,189.24,0,0
ENQ-01579,2025-04-05,Outram,Organic,Small,SME,171.57,0,0
ENQ-01580,2025-07-26,Marine Parade,Google Search,Medium,Student/Expats,265.7,0,0
ENQ-01581,2025-08-15,Bedok,Organic,Medium,SME,298.43,0,0
ENQ-01582,2025-11-02,Sembawang,Meta Ads,Small,SME,185.03,0,0
ENQ-01583,2025-04-22,Jurong East,Walk-in,Medium,E-commerce,277.3,0,0
ENQ-01584,2025-10-07,Bukit Timah,Organic,Small,Household,178.22,0,0
ENQ-01585,2025-02-19,Novena,Walk-in,Medium,SME,285.77,0,0
ENQ-01586,2025-06-21,Marina East,Partner,Locker,Household,85.25,0,0
ENQ-01587,2025-08-07,Geylang,Partner,Small,Household,191.78,0,0
ENQ-01588,2025-06-22,Sembawang,Walk-in,Locker,Household,85.9,0,0
ENQ-01589,2025-07-16,Outram,Meta Ads,Medium,SME,296.27,1,0
ENQ-01590,2025-01-26,Sembawang,Partner,Small,SME,201.66,0,0
ENQ-01591,2025-11-17,Singapore River,Meta Ads,Large,Household,497.35,1,0
ENQ-01592,2025-05-22,Kallang,Google Search,Large,E-commerce,428.0,0,0
ENQ-01593,2025-09-26,Seletar,Google Search,Medium,Household,319.14,0,0
ENQ-01594,2025-07-01,Boon Lay,Google Search,Small,Household,196.43,0,0
ENQ-01595,2025-06-28,Clementi,Organic,Medium,Household,266.46,1,0
ENQ-01596,2025-03-21,North-Eastern Islands,Google Search,Medium,SME,295.5,0,0
ENQ-01597,2025-01-09,Mandai,Walk-in,Small,SME,200.98,0,0
ENQ-01598,2025-04-04,Tampines,Walk-in,Small,Household,191.22,1,0
ENQ-01599,2025-09-22,Pioneer,Organic,Large,Household,441.64,0,0
ENQ-01600,2025-10-20,Downtown Core,Google Search,Medium,SME,265.65,0,0
ENQ-01601,2025-08-11,Rochor,Meta Ads,Medium,Household,302.17,0,0
ENQ-01602,2025-11-13,Orchard,Meta Ads,Locker,Household,82.92,0,0
ENQ-01603,2025-06-09,Toa Payoh,Google Search,Locker,Household,102.19,0,0
ENQ-01604,2025-08-11,Tanglin,Google Search,Small,E-commerce,189.15,0,0
ENQ-01605,2025-05-30,Outram,Meta Ads,Small,Student/Expats,176.46,1,1
ENQ-01606,2025-12-23,Southern Islands,Meta Ads,Medium,SME,271.92,0,0
ENQ-01607,2025-11-13,Changi,Walk-in,Locker,Household,86.68,0,0
ENQ-01608,2025-06-04,Serangoon,Partner,Medium,Household,314.22,0,0
ENQ-01609,2025-08-16,Museum,Meta Ads,Medium,Household,328.85,0,0
ENQ-01610,2025-04-16,Hougang,Google Search,Medium,E-commerce,324.58,1,0
ENQ-01611,2025-10-29,Yishun,Partner,Small,Household,181.65,1,0
ENQ-01612,2025-10-12,Bukit Timah,Google Search,Medium,E-commerce,301.62,1,0
ENQ-01613,2025-12-27,North-Eastern Islands,Meta Ads,Medium,Relocation,321.07,0,0
ENQ-01614,2025-01-24,Hougang,Google Search,Small,SME,173.64,0,0
ENQ-01615,2025-07-16,Sengkang,Partner,Medium,SME,296.38,1,0
ENQ-01616,2025-12-16,Mandai,Google Search,Locker,E-commerce,89.37,1,0
ENQ-01617,2025-06-12,Boon Lay,Meta Ads,Locker,SME,89.4,0,0
ENQ-01618,2025-09-14,Tuas,Organic,Locker,SME,94.8,0,0
ENQ-01619,2025-02-21,Jurong East,Organic,Large,Household,496.54,0,0
ENQ-01620,2025-11-06,Southern Islands,Google Search,Small,Household,203.6,0,0
ENQ-01621,2025-09-03,Toa Payoh,Google Search,Large,Household,476.41,0,0
ENQ-01622,2025-11-11,Kallang,Organic,Small,Household,169.85,0,0
ENQ-01623,2025-05-09,Newton,Organic,Small,Household,172.99,0,0
ENQ-01624,2025-04-11,Kallang,Partner,Medium,Household,325.97,1,0
ENQ-01625,2025-04-14,Tengah,Organic,Medium,Household,297.77,0,0
ENQ-01626,2025-07-26,Changi,Organic,Small,Household,189.63,0,0
ENQ-01627,2025-02-10,Simpang,Google Search,Large,Household,505.21,0,0
ENQ-01628,2025-04-19,Simpang,Organic,Locker,SME,93.52,1,0
ENQ-01629,2025-06-28,Woodlands,Google Search,Small,SME,202.13,0,0
ENQ-01630,2025-04-23,Clementi,Referral,Large,Household,475.82,0,0
ENQ-01631,2025-04-02,Choa Chu Kang,Organic,Locker,Household,93.73,0,0
ENQ-01632,2025-05-26,Pasir Ris,Referral,Small,Relocation,180.03,0,0
ENQ-01633,2025-10-26,Sengkang,Organic,Small,Student/Expats,164.78,0,0
ENQ-01634,2025-10-27,Yishun,Walk-in,Small,SME,190.11,0,0
ENQ-01635,2025-04-08,Clementi,Walk-in,Medium,E-commerce,266.21,0,0
ENQ-01636,2025-03-29,Bedok,Referral,Locker,Household,90.26,0,0
ENQ-01637,2025-09-01,Western Water Catchment,Walk-in,Small,Student/Expats,162.49,0,0
ENQ-01638,2025-07-21,Marine Parade,Partner,Medium,Student/Expats,302.65,0,0
ENQ-01639,2025-06-29,Serangoon,Walk-in,Medium,Relocation,269.45,0,0
ENQ-01640,2025-05-27,River Valley,Meta Ads,Small,Relocation,191.05,0,0
ENQ-01641,2025-02-13,Singapore River,Referral,Small,Household,190.44,0,0
ENQ-01642,2025-06-05,River Valley,Meta Ads,Small,SME,187.11,1,0
ENQ-01643,2025-08-08,Southern Islands,Meta Ads,Medium,E-commerce,275.98,1,0
ENQ-01644,2025-05-04,Museum,Partner,Medium,Household,263.27,1,0
ENQ-01645,2025-09-08,Central Water Catchment,Meta Ads,Locker,Household,93.82,0,0
ENQ-01646,2025-04-14,Tengah,Partner,Locker,Household,84.07,0,0
ENQ-01647,2025-04-21,Changi,Meta Ads,Large,Household,428.85,0,0
ENQ-01648,2025-10-04,Ang Mo Kio,Meta Ads,Locker,Household,85.13,0,0
ENQ-01649,2025-09-28,Tuas,Google Search,Large,Relocation,467.38,1,0
ENQ-01650,2025-09-03,Woodlands,Organic,Locker,Household,102.16,0,0
ENQ-01651,2025-11-10,Jurong West,Google Search,Locker,Relocation,102.32,0,1
ENQ-01652,2025-04-22,Serangoon,Walk-in,Medium,SME,314.3,1,0
ENQ-01653,2025-09-26,Rochor,Meta Ads,Locker,Household,102.6,0,0
ENQ-01654,2025-01-31,Straits View,Partner,Medium,Relocation,300.8,1,1
ENQ-01655,2025-12-09,Museum,Organic,Small,Household,180.92,1,1
ENQ-01656,2025-12-21,Pasir Ris,Partner,Small,Household,199.25,0,0
ENQ-01657,2025-08-20,Rochor,Google Search,Small,SME,187.22,0,0
ENQ-01658,2025-03-02,Toa Payoh,Referral,Small,Relocation,163.9,0,0
ENQ-01659,2025-05-03,Pioneer,Meta Ads,Medium,Household,281.9,0,0
ENQ-01660,2025-05-26,Toa Payoh,Organic,Medium,Household,297.73,0,0
ENQ-01661,2025-12-10,Central Water Catchment,Google Search,Large,Household,526.6,0,0
ENQ-01662,2025-11-04,Clementi,Meta Ads,Small,Household,201.72,0,0
ENQ-01663,2025-05-11,Kallang,Partner,Locker,E-commerce,87.17,0,0
ENQ-01664,2025-12-21,Woodlands,Google Search,Large,Relocation,420.27,0,0
ENQ-01665,2025-07-13,Bukit Batok,Organic,Medium,E-commerce,302.0,0,1
ENQ-01666,2025-07-18,Bukit Timah,Google Search,Large,Household,453.62,1,0
ENQ-01667,2025-09-26,Geylang,Partner,Medium,Household,310.65,0,0
ENQ-01668,2025-03-07,Marina South,Organic,Large,SME,433.64,0,0
ENQ-01669,2025-05-31,Jurong East,Referral,Medium,Household,262.97,1,0
ENQ-01670,2025-04-17,Bukit Batok,Organic,Locker,Relocation,89.6,1,0
ENQ-01671,2025-09-07,Museum,Meta Ads,Medium,E-commerce,280.05,1,1
ENQ-01672,2025-10-21,River Valley,Google Search,Small,Household,167.6,0,0
ENQ-01673,2025-07-03,North-Eastern Islands,Referral,Medium,Household,319.31,0,0
ENQ-01674,2025-04-02,Bedok,Partner,Medium,SME,321.42,0,0
ENQ-01675,2025-11-06,Outram,Organic,Medium,Household,295.11,1,1
ENQ-01676,2025-06-03,Central Water Catchment,Google Search,Large,Household,462.49,0,0
ENQ-01677,2025-08-23,Kallang,Organic,Small,Household,198.97,1,0
ENQ-01678,2025-08-14,Marine Parade,Organic,Locker,E-commerce,94.09,1,0
ENQ-01679,2025-08-06,Choa Chu Kang,Google Search,Small,SME,191.25,0,0
ENQ-01680,2025-03-30,Woodlands,Google Search,Medium,SME,296.26,1,0
ENQ-01681,2025-09-28,Bukit Panjang,Walk-in,Small,Household,197.28,0,0
ENQ-01682,2025-08-13,Queenstown,Google Search,Small,E-commerce,174.17,1,0
ENQ-01683,2025-01-30,Bedok,Walk-in,Locker,SME,86.33,0,0
ENQ-01684,2025-06-26,River Valley,Google Search,Small,Household,193.59,0,0
ENQ-01685,2025-09-29,North-Eastern Islands,Meta Ads,Medium,SME,293.0,0,0
ENQ-01686,2025-11-06,Southern Islands,Organic,Small,Household,163.65,1,0
ENQ-01687,2025-11-03,Queenstown,Partner,Medium,E-commerce,330.51,1,0
ENQ-01688,2025-10-29,Jurong East,Organic,Medium,Household,273.5,0,0
ENQ-01689,2025-03-15,Singapore River,Walk-in,Medium,Household,273.65,0,0
ENQ-01690,2025-05-28,Sembawang,Meta Ads,Medium,Relocation,290.33,0,0
ENQ-01691,2025-02-20,Western Water Catchment,Google Search,Locker,SME,88.29,1,0
ENQ-01692,2025-02-11,Novena,Google Search,Locker,SME,93.07,0,0
ENQ-01693,2025-01-04,Changi,Google Search,Locker,Household,84.17,0,0
ENQ-01694,2025-01-04,Sengkang,Organic,Small,Household,167.68,0,0
ENQ-01695,2025-02-11,North-Eastern Islands,Organic,Small,SME,191.66,1,0
ENQ-01696,2025-04-09,Sungei Kadut,Google Search,Small,Relocation,176.01,0,0
ENQ-01697,2025-05-02,Seletar,Walk-in,Large,E-commerce,449.21,1,0
ENQ-01698,2025-10-24,Tuas,Meta Ads,Medium,Relocation,301.24,0,0
ENQ-01699,2025-12-04,Marina East,Walk-in,Medium,Household,322.93,1,0
ENQ-01700,2025-09-18,Sembawang,Organic,Large,Student/Expats,443.6,0,0
ENQ-01701,2025-07-31,Bedok,Google Search,Small,SME,200.07,0,0
ENQ-01702,2025-02-05,Outram,Meta Ads,Medium,SME,277.87,0,0
ENQ-01703,2025-12-15,Bukit Panjang,Referral,Large,Household,489.71,1,0
ENQ-01704,2025-05-21,Pasir Ris,Partner,Medium,Household,273.6,1,0
ENQ-01705,2025-06-10,Southern Islands,Referral,Large,E-commerce,502.6,0,0
ENQ-01706,2025-12-01,Jurong East,Meta Ads,Small,SME,182.67,0,0
ENQ-01707,2025-02-08,Pasir Ris,Walk-in,Large,Household,487.29,0,0
ENQ-01708,2025-09-19,Tengah,Referral,Locker,E-commerce,96.8,0,0
ENQ-01709,2025-07-23,Jurong West,Meta Ads,Medium,Household,288.84,0,0
ENQ-01710,2025-01-15,Toa Payoh,Google Search,Medium,SME,326.45,0,0
ENQ-01711,2025-12-19,Changi,Organic,Small,SME,196.61,0,0
ENQ-01712,2025-10-10,Bukit Merah,Meta Ads,Small,Household,190.16,0,0
ENQ-01713,2025-02-13,Toa Payoh,Walk-in,Medium,SME,273.47,0,0
ENQ-01714,2025-06-09,Hougang,Partner,Small,Household,163.24,1,0
ENQ-01715,2025-04-21,Sengkang,Organic,Small,Household,164.34,0,0
ENQ-01716,2025-07-24,Hougang,Organic,Large,Household,471.91,1,0
ENQ-01717,2025-01-06,Punggol,Google Search,Small,E-commerce,206.22,0,0
ENQ-01718,2025-06-21,Ang Mo Kio,Google Search,Small,Household,184.39,0,0
ENQ-01719,2025-03-04,Western Water Catchment,Google Search,Medium,Student/Expats,290.31,0,0
ENQ-01720,2025-05-08,Marine Parade,Referral,Medium,Household,263.35,0,0
ENQ-01721,2025-09-11,Bedok,Partner,Medium,Household,296.88,0,0
ENQ-01722,2025-08-10,Sengkang,Walk-in,Small,Household,205.48,0,0
ENQ-01723,2025-02-20,Novena,Partner,Large,Relocation,494.64,1,0
ENQ-01724,2025-11-28,Queenstown,Google Search,Large,Household,525.47,0,0
ENQ-01725,2025-04-17,Pasir Ris,Organic,Medium,Student/Expats,295.0,0,0
ENQ-01726,2025-07-04,Ang Mo Kio,Partner,Small,SME,186.88,0,0
ENQ-01727,2025-05-25,Straits View,Walk-in,Medium,E-commerce,264.82,1,0
ENQ-01728,2025-06-05,Queenstown,Partner,Locker,Household,97.6,0,0
ENQ-01729,2025-09-20,Choa Chu Kang,Meta Ads,Small,Relocation,168.54,1,0
ENQ-01730,2025-05-24,Hougang,Organic,Small,E-commerce,183.69,0,0
ENQ-01731,2025-12-15,Tampines,Meta Ads,Locker,Household,87.65,1,0
ENQ-01732,2025-08-28,Sungei Kadut,Google Search,Locker,Household,90.5,0,0
ENQ-01733,2025-04-28,Sungei Kadut,Organic,Medium,SME,265.16,0,0
ENQ-01734,2025-09-06,Clementi,Meta Ads,Large,Household,515.78,0,0
ENQ-01735,2025-06-18,Marina South,Meta Ads,Large,Household,527.87,0,0
ENQ-01736,2025-07-31,Newton,Google Search,Large,Household,427.14,1,0
ENQ-01737,2025-08-02,Marina East,Partner,Medium,E-commerce,305.18,1,0
ENQ-01738,2025-07-01,Clementi,Walk-in,Medium,Household,326.45,0,0
ENQ-01739,2025-07-21,Novena,Partner,Small,Household,166.7,0,0
ENQ-01740,2025-10-17,Sembawang,Organic,Small,Household,184.47,0,0
ENQ-01741,2025-04-06,North-Eastern Islands,Partner,Medium,Household,300.64,0,0
ENQ-01742,2025-10-06,North-Eastern Islands,Google Search,Locker,E-commerce,94.7,0,0
ENQ-01743,2025-11-25,Simpang,Google Search,Large,Student/Expats,416.99,1,0
ENQ-01744,2025-03-27,Simpang,Walk-in,Medium,Household,293.85,0,0
ENQ-01745,2025-05-27,Museum,Organic,Small,Household,179.53,1,0
ENQ-01746,2025-06-03,Clementi,Organic,Medium,Household,333.12,0,0
ENQ-01747,2025-07-17,River Valley,Organic,Medium,Household,315.8,1,0
ENQ-01748,2025-02-12,Hougang,Google Search,Medium,E-commerce,325.55,0,0
ENQ-01749,2025-09-29,Rochor,Organic,Locker,Student/Expats,88.01,0,0
ENQ-01750,2025-05-26,Boon Lay,Google Search,Large,Household,513.13,0,0
ENQ-01751,2025-10-29,Sengkang,Meta Ads,Small,Household,190.41,1,0
ENQ-01752,2025-06-28,Changi,Google Search,Small,Household,181.11,1,0
ENQ-01753,2025-07-13,Tampines,Referral,Medium,E-commerce,310.3,0,0
ENQ-01754,2025-06-29,Southern Islands,Google Search,Small,Student/Expats,176.66,0,0
ENQ-01755,2025-09-14,Southern Islands,Walk-in,Small,Household,165.44,1,0
ENQ-01756,2025-05-05,Marine Parade,Google Search,Medium,Relocation,288.24,0,0
ENQ-01757,2025-10-23,Tuas,Organic,Locker,E-commerce,92.95,0,0
ENQ-01758,2025-10-10,Ang Mo Kio,Google Search,Small,Household,193.37,1,0
ENQ-01759,2025-08-22,Southern Islands,Meta Ads,Small,Household,181.24,0,0
ENQ-01760,2025-12-07,Woodlands,Google Search,Medium,Household,306.59,0,0
ENQ-01761,2025-09-26,Yishun,Walk-in,Large,SME,506.98,0,1
ENQ-01762,2025-09-25,Marine Parade,Organic,Medium,Household,280.68,0,0
ENQ-01763,2025-06-25,Clementi,Google Search,Locker,Household,94.25,0,0
ENQ-01764,2025-06-28,Geylang,Google Search,Medium,Household,278.92,0,0
ENQ-01765,2025-07-06,Changi Bay,Referral,Locker,Household,89.97,1,0
ENQ-01766,2025-02-15,Pasir Ris,Walk-in,Small,SME,199.42,0,0
ENQ-01767,2025-08-15,Jurong East,Google Search,Large,Household,497.64,0,0
ENQ-01768,2025-02-17,North-Eastern Islands,Meta Ads,Medium,Relocation,275.55,0,0
ENQ-01769,2025-12-19,Sungei Kadut,Referral,Small,Household,184.99,0,0
ENQ-01770,2025-01-10,Outram,Partner,Large,E-commerce,505.86,0,0
ENQ-01771,2025-03-27,Jurong West,Partner,Medium,SME,299.25,0,0
ENQ-01772,2025-11-10,Hougang,Organic,Small,Household,168.27,0,0
ENQ-01773,2025-01-05,Clementi,Organic,Medium,Household,263.8,1,0
ENQ-01774,2025-12-13,Outram,Meta Ads,Medium,Student/Expats,264.5,0,0
ENQ-01775,2025-02-16,Punggol,Referral,Locker,Household,97.21,0,0
ENQ-01776,2025-09-15,Bishan,Google Search,Small,SME,193.95,0,0
ENQ-01777,2025-02-18,Boon Lay,Meta Ads,Small,E-commerce,195.14,0,0
ENQ-01778,2025-05-30,North-Eastern Islands,Google Search,Locker,Household,93.55,1,1
ENQ-01779,2025-04-18,Straits View,Organic,Medium,SME,325.83,1,0
ENQ-01780,2025-12-20,Pioneer,Meta Ads,Small,SME,181.32,0,0
ENQ-01781,2025-12-20,Woodlands,Google Search,Locker,Household,101.65,1,0
ENQ-01782,2025-03-21,Choa Chu Kang,Walk-in,Large,E-commerce,504.52,0,0
ENQ-01783,2025-10-02,Sungei Kadut,Organic,Small,SME,174.3,0,0
ENQ-01784,2025-01-12,Tuas,Partner,Small,Household,192.85,0,0
ENQ-01785,2025-08-02,Marina South,Meta Ads,Medium,Student/Expats,275.16,0,0
ENQ-01786,2025-03-19,Lim Chu Kang,Meta Ads,Small,Household,173.63,0,0
ENQ-01787,2025-05-15,Tanglin,Google Search,Locker,Household,83.31,1,0
ENQ-01788,2025-04-10,Bukit Timah,Google Search,Locker,Household,93.45,1,0
ENQ-01789,2025-02-19,Bishan,Walk-in,Small,E-commerce,179.48,0,0
ENQ-01790,2025-05-26,Marina South,Google Search,Medium,Student/Expats,317.01,0,0
ENQ-01791,2025-01-11,Kallang,Google Search,Locker,Relocation,99.44,0,0
ENQ-01792,2025-06-15,Bukit Timah,Partner,Medium,Household,262.13,1,1
ENQ-01793,2025-12-05,Bishan,Referral,Large,Household,502.36,0,0
ENQ-01794,2025-10-17,Mandai,Google Search,Locker,Household,95.1,1,0
ENQ-01795,2025-01-04,Marine Parade,Walk-in,Locker,Household,81.43,0,0
ENQ-01796,2025-04-07,Seletar,Meta Ads,Medium,Household,296.67,0,0
ENQ-01797,2025-05-15,Western Water Catchment,Referral,Medium,Relocation,295.34,0,0
ENQ-01798,2025-07-22,Tampines,Google Search,Small,E-commerce,186.55,1,0
ENQ-01799,2025-11-02,Sengkang,Organic,Medium,Household,288.77,0,0
ENQ-01800,2025-01-24,Ang Mo Kio,Meta Ads,Locker,Relocation,86.63,0,0
ENQ-01801,2025-12-19,Seletar,Referral,Locker,E-commerce,88.13,1,0
ENQ-01802,2025-09-25,Hougang,Organic,Medium,Relocation,290.44,0,0
ENQ-01803,2025-11-26,Jurong East,Referral,Medium,Household,279.08,0,0
ENQ-01804,2025-01-28,Lim Chu Kang,Walk-in,Small,Household,163.99,0,0
ENQ-01805,2025-03-02,Hougang,Google Search,Locker,Household,91.19,0,0
ENQ-01806,2025-08-06,Marina East,Referral,Small,Household,196.02,0,0
ENQ-01807,2025-11-24,Pasir Ris,Organic,Medium,Household,271.98,0,0
ENQ-01808,2025-05-14,Marina South,Google Search,Medium,SME,297.99,0,0
ENQ-01809,2025-05-23,Lim Chu Kang,Partner,Locker,Household,100.64,0,0
ENQ-01810,2025-09-23,Bukit Batok,Partner,Medium,Student/Expats,323.4,1,0
ENQ-01811,2025-06-11,Sengkang,Organic,Medium,Student/Expats,329.5,1,0
ENQ-01812,2025-02-25,Bukit Merah,Partner,Medium,Household,320.19,0,0
ENQ-01813,2025-11-05,Jurong West,Google Search,Locker,Household,88.09,0,0
ENQ-01814,2025-04-13,Rochor,Walk-in,Small,Household,175.33,0,0
ENQ-01815,2025-03-31,Central Water Catchment,Google Search,Small,E-commerce,165.13,1,0
ENQ-01816,2025-06-22,Changi,Walk-in,Medium,Household,316.59,0,0
ENQ-01817,2025-04-24,Jurong East,Walk-in,Small,Student/Expats,163.07,1,0
ENQ-01818,2025-08-21,Southern Islands,Google Search,Medium,Household,266.83,1,0
ENQ-01819,2025-03-02,Pasir Ris,Referral,Large,Household,474.01,0,0
ENQ-01820,2025-08-18,Central Water Catchment,Partner,Small,SME,176.18,0,0
ENQ-01821,2025-09-23,Mandai,Referral,Medium,Student/Expats,276.15,0,0
ENQ-01822,2025-07-19,Downtown Core,Meta Ads,Locker,Household,90.57,0,0
ENQ-01823,2025-07-23,Tanglin,Organic,Medium,Student/Expats,329.86,1,1
ENQ-01824,2025-12-09,Choa Chu Kang,Meta Ads,Large,SME,439.91,0,0
ENQ-01825,2025-06-28,Jurong West,Organic,Small,Household,196.67,0,0
ENQ-01826,2025-09-08,Boon Lay,Google Search,Small,E-commerce,172.42,0,0
ENQ-01827,2025-06-22,Sungei Kadut,Referral,Medium,E-commerce,286.74,0,0
ENQ-01828,2025-05-31,Marina South,Google Search,Locker,Household,98.56,0,0
ENQ-01829,2025-03-08,Bukit Merah,Google Search,Small,E-commerce,191.24,1,0
ENQ-01830,2025-09-26,Changi Bay,Google Search,Medium,Household,275.82,0,0
ENQ-01831,2025-03-14,Straits View,Meta Ads,Medium,Household,313.15,0,0
ENQ-01832,2025-03-15,Toa Payoh,Google Search,Locker,Household,95.14,0,0
ENQ-01833,2025-06-25,Pasir Ris,Partner,Medium,Household,300.07,0,0
ENQ-01834,2025-01-06,Ang Mo Kio,Google Search,Medium,Household,296.69,0,0
ENQ-01835,2025-08-16,North-Eastern Islands,Organic,Locker,Household,85.19,0,0
ENQ-01836,2025-06-24,Choa Chu Kang,Google Search,Small,Household,181.27,0,0
ENQ-01837,2025-05-03,Sengkang,Meta Ads,Medium,Relocation,308.82,0,0
ENQ-01838,2025-09-12,Bukit Timah,Meta Ads,Medium,Relocation,324.43,0,0
ENQ-01839,2025-06-15,Pioneer,Meta Ads,Large,Student/Expats,491.4,0,0
ENQ-01840,2025-10-02,Central Water Catchment,Google Search,Medium,Household,321.14,0,0
ENQ-01841,2025-10-24,Central Water Catchment,Meta Ads,Medium,E-commerce,302.38,1,0
ENQ-01842,2025-10-18,Seletar,Walk-in,Locker,SME,86.46,0,0
ENQ-01843,2025-09-15,Pasir Ris,Google Search,Medium,SME,263.94,0,0
ENQ-01844,2025-03-04,Novena,Partner,Medium,E-commerce,277.3,0,0
ENQ-01845,2025-10-28,Sungei Kadut,Google Search,Medium,Relocation,329.95,0,0
ENQ-01846,2025-03-31,Changi,Meta Ads,Small,E-commerce,163.81,0,0
ENQ-01847,2025-03-07,North-Eastern Islands,Meta Ads,Large,Household,519.73,0,0
ENQ-01848,2025-08-23,River Valley,Organic,Medium,Household,291.77,1,0
ENQ-01849,2025-11-19,Straits View,Referral,Large,SME,524.0,0,0
ENQ-01850,2025-01-27,Bukit Panjang,Organic,Large,Household,436.43,1,0
ENQ-01851,2025-11-24,Serangoon,Google Search,Medium,Household,332.44,0,0
ENQ-01852,2025-12-23,Changi Bay,Walk-in,Medium,Household,333.02,1,0
ENQ-01853,2025-06-11,Bishan,Google Search,Locker,E-commerce,90.42,0,0
ENQ-01854,2025-06-29,Orchard,Walk-in,Medium,Relocation,313.0,1,0
ENQ-01855,2025-10-29,Sengkang,Google Search,Small,Household,189.75,0,0
ENQ-01856,2025-06-07,Queenstown,Meta Ads,Medium,E-commerce,284.98,1,1
ENQ-01857,2025-10-08,River Valley,Walk-in,Medium,Student/Expats,262.87,0,0
ENQ-01858,2025-01-11,Central Water Catchment,Organic,Small,Household,200.65,0,0
ENQ-01859,2025-09-18,Tuas,Meta Ads,Large,Household,449.56,0,0
ENQ-01860,2025-04-26,Jurong West,Meta Ads,Small,Household,182.35,0,0
ENQ-01861,2025-07-10,North-Eastern Islands,Partner,Medium,SME,277.63,0,0
ENQ-01862,2025-10-30,Seletar,Organic,Medium,Household,291.21,0,0
ENQ-01863,2025-03-11,Changi,Walk-in,Locker,SME,102.79,0,0
ENQ-01864,2025-02-13,Geylang,Partner,Small,SME,163.87,0,0
ENQ-01865,2025-12-27,Changi Bay,Organic,Small,Household,192.59,0,0
ENQ-01866,2025-07-07,Ang Mo Kio,Organic,Large,SME,463.82,1,0
ENQ-01867,2025-10-01,Newton,Referral,Small,Household,180.85,0,0
ENQ-01868,2025-09-27,Orchard,Google Search,Small,SME,195.02,0,0
ENQ-01869,2025-09-24,Yishun,Walk-in,Small,Student/Expats,206.51,0,0
ENQ-01870,2025-08-13,Marina South,Google Search,Small,Household,196.56,0,0
ENQ-01871,2025-06-07,Bukit Panjang,Organic,Small,E-commerce,199.86,0,0
ENQ-01872,2025-11-04,Boon Lay,Organic,Large,Household,503.43,0,0
ENQ-01873,2025-01-31,Outram,Organic,Locker,Household,82.27,0,0
ENQ-01874,2025-06-26,Tengah,Partner,Small,Household,187.85,0,0
ENQ-01875,2025-02-08,Jurong West,Google Search,Medium,Household,315.51,1,0
ENQ-01876,2025-04-22,Bukit Timah,Meta Ads,Large,Relocation,470.64,0,0
ENQ-01877,2025-09-29,Bukit Merah,Meta Ads,Medium,Household,295.5,0,0
ENQ-01878,2025-11-15,Sembawang,Meta Ads,Small,Relocation,197.51,0,0
ENQ-01879,2025-08-22,Bukit Panjang,Referral,Small,Household,191.19,0,0
ENQ-01880,2025-09-09,Yishun,Google Search,Locker,E-commerce,81.83,1,0
ENQ-01881,2025-10-22,Marina East,Meta Ads,Small,Household,175.84,0,0
ENQ-01882,2025-06-20,Singapore River,Meta Ads,Locker,SME,102.55,0,0
ENQ-01883,2025-05-13,Jurong East,Organic,Small,Household,171.16,0,0
ENQ-01884,2025-05-22,Geylang,Partner,Small,Household,179.47,0,0
ENQ-01885,2025-07-14,Simpang,Meta Ads,Large,SME,475.27,0,0
ENQ-01886,2025-12-03,North-Eastern Islands,Organic,Large,Household,484.55,1,0
ENQ-01887,2025-06-02,Novena,Referral,Large,Student/Expats,473.84,0,0
ENQ-01888,2025-10-17,Tengah,Partner,Locker,Household,93.18,1,1
ENQ-01889,2025-12-24,Punggol,Partner,Small,Student/Expats,198.27,0,0
ENQ-01890,2025-05-06,Clementi,Walk-in,Medium,Household,278.7,1,0
ENQ-01891,2025-11-22,Simpang,Meta Ads,Locker,Student/Expats,92.2,0,0
ENQ-01892,2025-10-05,Woodlands,Organic,Large,Household,526.88,1,1
ENQ-01893,2025-04-11,Pioneer,Referral,Medium,Household,321.6,0,0
ENQ-01894,2025-11-11,Pasir Ris,Walk-in,Large,Relocation,485.95,0,0
ENQ-01895,2025-10-16,Bedok,Referral,Large,Student/Expats,475.76,0,0
ENQ-01896,2025-10-06,Boon Lay,Google Search,Small,SME,205.84,0,0
ENQ-01897,2025-05-01,River Valley,Meta Ads,Small,SME,187.5,0,0
ENQ-01898,2025-10-20,Choa Chu Kang,Partner,Locker,Household,83.21,1,1
ENQ-01899,2025-05-21,Tuas,Organic,Small,Household,162.76,0,0
ENQ-01900,2025-01-16,Jurong East,Google Search,Medium,Student/Expats,295.96,0,0
ENQ-01901,2025-03-10,Downtown Core,Partner,Large,Household,444.92,0,0
ENQ-01902,2025-03-16,Rochor,Referral,Large,E-commerce,515.97,0,0
ENQ-01903,2025-05-13,Choa Chu Kang,Organic,Medium,E-commerce,332.69,0,0
ENQ-01904,2025-05-01,Lim Chu Kang,Google Search,Medium,E-commerce,294.95,0,0
ENQ-01905,2025-08-19,Kallang,Organic,Medium,Student/Expats,302.72,1,0
ENQ-01906,2025-08-15,Punggol,Organic,Locker,SME,83.79,0,0
ENQ-01907,2025-10-09,Sengkang,Meta Ads,Small,E-commerce,189.32,1,0
ENQ-01908,2025-04-30,Jurong East,Organic,Medium,Household,266.34,0,0
ENQ-01909,2025-08-08,Toa Payoh,Google Search,Medium,Household,281.37,0,0
ENQ-01910,2025-12-18,Simpang,Referral,Locker,Household,84.6,1,0
ENQ-01911,2025-08-02,Outram,Meta Ads,Locker,Household,99.2,0,0
ENQ-01912,2025-09-02,Rochor,Referral,Locker,Household,97.64,0,0
ENQ-01913,2025-04-07,Marine Parade,Meta Ads,Medium,Household,298.19,0,0
ENQ-01914,2025-01-08,Straits View,Google Search,Small,SME,173.28,1,0
ENQ-01915,2025-06-06,Hougang,Organic,Small,SME,165.22,0,0
ENQ-01916,2025-11-05,Sengkang,Referral,Small,E-commerce,171.05,1,0
ENQ-01917,2025-03-05,Sembawang,Partner,Large,SME,462.16,0,0
ENQ-01918,2025-12-09,Bukit Batok,Meta Ads,Medium,Household,285.11,0,0
ENQ-01919,2025-03-19,Jurong East,Organic,Small,SME,204.25,0,0
ENQ-01920,2025-08-03,Bukit Panjang,Meta Ads,Medium,SME,279.15,0,0
ENQ-01921,2025-03-05,Clementi,Partner,Small,Student/Expats,200.33,0,0
ENQ-01922,2025-03-27,Singapore River,Organic,Small,Relocation,196.24,0,0
ENQ-01923,2025-06-01,Straits View,Walk-in,Medium,Student/Expats,303.05,1,0
ENQ-01924,2025-09-02,Southern Islands,Google Search,Medium,Household,310.51,0,0
ENQ-01925,2025-01-16,Seletar,Google Search,Medium,Household,276.9,0,0
ENQ-01926,2025-02-02,Ang Mo Kio,Google Search,Medium,Relocation,265.52,1,0
ENQ-01927,2025-03-16,Central Water Catchment,Meta Ads,Medium,Student/Expats,287.89,0,0
ENQ-01928,2025-09-19,Punggol,Google Search,Medium,Household,307.82,0,0
ENQ-01929,2025-05-19,Bukit Merah,Partner,Locker,Student/Expats,99.16,0,0
ENQ-01930,2025-08-21,Newton,Google Search,Small,SME,169.14,0,0
ENQ-01931,2025-08-05,Sengkang,Organic,Locker,Household,92.15,0,0
ENQ-01932,2025-11-03,Sengkang,Meta Ads,Large,Household,430.1,0,0
ENQ-01933,2025-01-01,Ang Mo Kio,Partner,Locker,Household,85.34,0,0
ENQ-01934,2025-03-14,Newton,Walk-in,Locker,Relocation,86.07,0,0
ENQ-01935,2025-09-27,Geylang,Walk-in,Small,Household,169.61,0,0
ENQ-01936,2025-12-16,Clementi,Meta Ads,Small,Household,168.09,0,0
ENQ-01937,2025-02-04,Singapore River,Referral,Locker,SME,84.08,0,0
ENQ-01938,2025-03-05,Bukit Merah,Walk-in,Medium,Household,290.03,1,0
ENQ-01939,2025-10-12,Toa Payoh,Partner,Locker,Household,84.31,0,0
ENQ-01940,2025-12-30,Bishan,Meta Ads,Locker,Household,96.09,0,0
ENQ-01941,2025-11-29,Sengkang,Organic,Small,Household,177.92,0,0
ENQ-01942,2025-02-04,Mandai,Meta Ads,Small,E-commerce,184.42,0,0
ENQ-01943,2025-04-16,Bukit Timah,Organic,Medium,SME,283.97,0,0
ENQ-01944,2025-08-27,Simpang,Meta Ads,Medium,Household,333.46,0,0
ENQ-01945,2025-10-09,Punggol,Meta Ads,Locker,E-commerce,102.47,0,0
ENQ-01946,2025-05-22,Changi Bay,Google Search,Small,SME,177.01,0,0
ENQ-01947,2025-12-02,Jurong West,Google Search,Small,Household,164.13,1,0
ENQ-01948,2025-08-31,Southern Islands,Meta Ads,Locker,Household,87.87,0,0
ENQ-01949,2025-11-11,Novena,Google Search,Small,SME,167.3,1,0
ENQ-01950,2025-08-21,Simpang,Google Search,Small,Household,196.6,0,0
ENQ-01951,2025-05-04,Sengkang,Google Search,Small,Household,179.04,0,0
ENQ-01952,2025-03-28,Marina East,Referral,Medium,SME,292.47,1,0
ENQ-01953,2025-12-27,Jurong West,Google Search,Medium,E-commerce,267.42,0,0
ENQ-01954,2025-08-29,Hougang,Referral,Locker,SME,100.37,1,0
ENQ-01955,2025-10-03,Toa Payoh,Walk-in,Medium,Relocation,330.54,1,1
ENQ-01956,2025-08-02,Kallang,Organic,Locker,SME,92.81,0,0
ENQ-01957,2025-07-31,Tuas,Walk-in,Large,Relocation,505.2,0,0
ENQ-01958,2025-09-19,Bukit Timah,Google Search,Small,Relocation,170.52,0,0
ENQ-01959,2025-04-17,Pasir Ris,Referral,Small,Household,170.85,0,0
ENQ-01960,2025-12-20,Museum,Meta Ads,Medium,Household,307.53,0,0
ENQ-01961,2025-05-13,Sembawang,Organic,Small,SME,170.22,0,0
ENQ-01962,2025-12-24,Queenstown,Organic,Locker,SME,97.93,0,0
ENQ-01963,2025-02-19,Yishun,Walk-in,Medium,Household,328.87,0,0
ENQ-01964,2025-10-16,Hougang,Meta Ads,Small,E-commerce,202.08,0,0
ENQ-01965,2025-10-04,Ang Mo Kio,Meta Ads,Medium,SME,284.62,0,0
ENQ-01966,2025-11-21,Changi,Walk-in,Medium,Household,295.72,1,0
ENQ-01967,2025-08-28,Sungei Kadut,Google Search,Large,Student/Expats,528.24,0,0
ENQ-01968,2025-12-28,Lim Chu Kang,Google Search,Locker,Student/Expats,86.25,0,0
ENQ-01969,2025-04-23,Choa Chu Kang,Walk-in,Medium,Household,277.46,0,0
ENQ-01970,2025-06-18,Jurong East,Partner,Small,Household,170.58,0,0
ENQ-01971,2025-08-18,Bedok,Organic,Medium,Household,286.76,0,0
ENQ-01972,2025-05-22,Marina South,Google Search,Large,Household,526.03,0,0
ENQ-01973,2025-02-07,Mandai,Partner,Medium,Household,331.99,0,0
ENQ-01974,2025-03-15,Singapore River,Referral,Small,SME,192.32,0,0
ENQ-01975,2025-09-27,Bishan,Google Search,Small,E-commerce,197.21,1,0
ENQ-01976,2025-10-31,Tuas,Partner,Small,Student/Expats,179.89,0,0
ENQ-01977,2025-03-16,Marina East,Google Search,Large,Household,510.99,0,0
ENQ-01978,2025-11-28,Woodlands,Partner,Locker,Household,92.75,0,0
ENQ-01979,2025-06-24,Punggol,Organic,Small,Household,197.35,0,0
ENQ-01980,2025-10-16,Bishan,Partner,Small,E-commerce,172.45,0,0
ENQ-01981,2025-05-08,Hougang,Google Search,Small,Household,164.25,0,0
ENQ-01982,2025-12-05,Tampines,Organic,Small,Household,167.87,0,0
ENQ-01983,2025-11-02,Central Water Catchment,Partner,Small,Household,169.37,1,0
ENQ-01984,2025-10-31,Western Water Catchment,Walk-in,Small,Household,165.01,0,0
ENQ-01985,2025-05-24,Novena,Walk-in,Medium,Relocation,295.1,0,0
ENQ-01986,2025-03-25,Southern Islands,Organic,Medium,Household,330.55,0,1
ENQ-01987,2025-06-09,Woodlands,Referral,Large,SME,433.14,0,0
ENQ-01988,2025-12-11,Clementi,Meta Ads,Small,Student/Expats,196.59,0,0
ENQ-01989,2025-01-13,Changi Bay,Partner,Medium,Student/Expats,314.71,0,0
ENQ-01990,2025-02-07,Geylang,Google Search,Medium,SME,324.96,0,0
ENQ-01991,2025-01-12,Jurong West,Partner,Medium,Household,313.39,0,0
ENQ-01992,2025-07-07,Downtown Core,Meta Ads,Locker,Household,92.22,0,0
ENQ-01993,2025-03-03,Simpang,Organic,Small,E-commerce,163.19,1,0
ENQ-01994,2025-02-26,Pasir Ris,Walk-in,Locker,SME,89.21,0,0
ENQ-01995,2025-03-03,Singapore River,Google Search,Medium,Student/Expats,286.84,0,0
ENQ-01996,2025-06-15,Central Water Catchment,Meta Ads,Small,Household,175.05,0,0
ENQ-01997,2025-11-19,Clementi,Meta Ads,Locker,Student/Expats,86.15,0,0
ENQ-01998,2025-03-11,Serangoon,Walk-in,Locker,SME,83.1,1,0
ENQ-01999,2025-03-05,Marina East,Organic,Large,Relocation,494.19,0,0
ENQ-02000,2025-10-18,Singapore River,Meta Ads,Small,Relocation,195.94,0,0
ENQ-02001,2025-07-21,Jurong West,Walk-in,Small,E-commerce,202.35,0,0
ENQ-02002,2025-07-07,Bukit Merah,Google Search,Small,E-commerce,174.02,0,0
ENQ-02003,2025-12-13,Tanglin,Google Search,Medium,E-commerce,325.91,0,0
ENQ-02004,2025-11-28,Tampines,Meta Ads,Small,SME,195.81,0,0
ENQ-02005,2025-08-22,Straits View,Organic,Medium,Household,276.07,0,0
ENQ-02006,2025-02-13,Singapore River,Meta Ads,Medium,SME,308.88,1,0
ENQ-02007,2025-12-11,Simpang,Google Search,Medium,E-commerce,285.74,0,0
ENQ-02008,2025-09-13,Jurong West,Google Search,Small,E-commerce,190.75,0,0
ENQ-02009,2025-04-12,Western Water Catchment,Organic,Small,Student/Expats,186.58,0,0
ENQ-02010,2025-02-26,Bukit Timah,Meta Ads,Small,Student/Expats,194.9,0,0
ENQ-02011,2025-12-31,Hougang,Organic,Medium,SME,324.91,1,0
ENQ-02012,2025-09-27,Tengah,Partner,Medium,Household,273.0,0,0
ENQ-02013,2025-07-07,Yishun,Walk-in,Small,Household,198.42,0,0
ENQ-02014,2025-10-08,Jurong East,Meta Ads,Locker,Household,86.4,0,0
ENQ-02015,2025-09-04,Bukit Merah,Organic,Large,Household,448.63,1,0
ENQ-02016,2025-06-25,Punggol,Google Search,Medium,SME,306.12,0,0
ENQ-02017,2025-02-23,Boon Lay,Organic,Medium,SME,332.76,0,0
ENQ-02018,2025-06-01,Geylang,Google Search,Medium,Household,316.08,0,0
ENQ-02019,2025-09-05,Bishan,Google Search,Small,Student/Expats,192.7,0,0
ENQ-02020,2025-10-10,Hougang,Referral,Medium,Household,261.87,0,0
ENQ-02021,2025-02-27,Newton,Organic,Locker,Household,90.42,1,0
ENQ-02022,2025-07-16,Clementi,Meta Ads,Small,Household,188.81,0,0
ENQ-02023,2025-02-03,Pasir Ris,Meta Ads,Locker,Relocation,96.91,0,0
ENQ-02024,2025-04-17,Changi,Meta Ads,Locker,Household,89.85,0,0
ENQ-02025,2025-07-25,Museum,Referral,Large,Household,455.76,1,0
ENQ-02026,2025-09-15,River Valley,Meta Ads,Small,Household,203.3,0,0
ENQ-02027,2025-01-27,Outram,Google Search,Medium,Household,263.75,0,0
ENQ-02028,2025-03-08,Clementi,Walk-in,Large,Household,489.29,0,0
ENQ-02029,2025-06-19,Pasir Ris,Google Search,Medium,Household,274.13,0,0
ENQ-02030,2025-05-08,Bukit Merah,Google Search,Small,Household,172.19,0,0
ENQ-02031,2025-05-11,Downtown Core,Google Search,Large,SME,528.63,1,0
ENQ-02032,2025-10-10,Geylang,Google Search,Medium,Household,285.25,0,0
ENQ-02033,2025-09-15,Clementi,Meta Ads,Small,Household,169.07,0,0
ENQ-02034,2025-11-01,River Valley,Google Search,Locker,SME,93.8,0,0
ENQ-02035,2025-01-12,Jurong East,Google Search,Medium,Student/Expats,269.23,1,0
ENQ-02036,2025-05-20,Bukit Batok,Meta Ads,Small,SME,204.09,1,0
ENQ-02037,2025-12-10,Kallang,Google Search,Medium,SME,280.82,0,0
ENQ-02038,2025-12-31,Pioneer,Referral,Locker,Student/Expats,86.53,0,0
ENQ-02039,2025-08-07,River Valley,Meta Ads,Small,SME,165.04,0,0
ENQ-02040,2025-05-05,Simpang,Meta Ads,Locker,SME,98.4,1,0
ENQ-02041,2025-07-13,Kallang,Google Search,Locker,Student/Expats,87.56,0,0
ENQ-02042,2025-03-24,Simpang,Organic,Large,Household,505.66,1,0
ENQ-02043,2025-11-12,Simpang,Google Search,Small,Household,202.83,0,0
ENQ-02044,2025-02-23,Woodlands,Google Search,Small,Student/Expats,162.43,1,0
ENQ-02045,2025-12-25,Pasir Ris,Meta Ads,Small,Household,171.2,0,0
ENQ-02046,2025-02-02,Changi,Referral,Large,Household,512.26,0,0
ENQ-02047,2025-04-08,Tampines,Google Search,Medium,Student/Expats,266.19,0,0
ENQ-02048,2025-05-26,Marina East,Google Search,Small,Household,190.16,0,0
ENQ-02049,2025-01-04,Western Water Catchment,Organic,Small,Household,188.3,0,0
ENQ-02050,2025-03-02,Singapore River,Google Search,Medium,SME,282.07,0,0
ENQ-02051,2025-12-23,Outram,Google Search,Small,Relocation,206.51,1,0
ENQ-02052,2025-12-28,Bukit Batok,Google Search,Locker,Household,102.9,0,0
ENQ-02053,2025-01-28,Museum,Partner,Small,Household,168.39,0,0
ENQ-02054,2025-08-18,Western Water Catchment,Meta Ads,Medium,SME,329.75,1,0
ENQ-02055,2025-05-01,Newton,Google Search,Large,Household,423.28,0,0
ENQ-02056,2025-10-25,Seletar,Organic,Small,Household,196.57,0,0
ENQ-02057,2025-11-11,North-Eastern Islands,Organic,Small,SME,163.55,0,0
ENQ-02058,2025-06-14,Clementi,Google Search,Medium,Household,308.67,0,0
ENQ-02059,2025-03-02,Central Water Catchment,Walk-in,Small,Household,176.39,0,0
ENQ-02060,2025-02-16,Bishan,Walk-in,Small,Student/Expats,166.8,0,0
ENQ-02061,2025-11-23,Straits View,Google Search,Large,Household,468.31,1,0
ENQ-02062,2025-07-10,Tengah,Referral,Small,Household,179.1,1,0
ENQ-02063,2025-09-14,Changi,Meta Ads,Medium,Relocation,333.02,0,0
ENQ-02064,2025-04-06,Orchard,Meta Ads,Locker,Household,92.37,0,0
ENQ-02065,2025-04-22,Bishan,Google Search,Medium,Household,323.74,0,0
ENQ-02066,2025-10-17,Central Water Catchment,Partner,Small,E-commerce,179.58,1,0
ENQ-02067,2025-05-22,Bukit Batok,Google Search,Medium,Household,311.42,0,0
ENQ-02068,2025-02-07,Punggol,Google Search,Small,Student/Expats,194.63,1,0
ENQ-02069,2025-02-19,Woodlands,Google Search,Locker,Household,83.73,0,0
ENQ-02070,2025-12-21,Bedok,Partner,Large,Household,451.34,0,0
ENQ-02071,2025-09-15,North-Eastern Islands,Referral,Large,Household,487.85,0,0
ENQ-02072,2025-01-10,Marina East,Walk-in,Locker,Student/Expats,87.5,1,0
ENQ-02073,2025-02-22,Bukit Panjang,Meta Ads,Medium,Relocation,324.0,0,0
ENQ-02074,2025-12-05,Woodlands,Google Search,Small,Household,185.75,0,0
ENQ-02075,2025-04-29,Rochor,Organic,Locker,E-commerce,91.62,0,0
ENQ-02076,2025-10-19,Clementi,Partner,Medium,Household,294.85,0,0
ENQ-02077,2025-09-02,Seletar,Walk-in,Small,Household,198.46,1,0
ENQ-02078,2025-07-03,Boon Lay,Referral,Medium,SME,313.05,1,0
ENQ-02079,2025-04-23,Singapore River,Google Search,Large,Household,468.84,0,0
ENQ-02080,2025-08-13,Tampines,Google Search,Locker,Household,101.12,0,0
ENQ-02081,2025-06-03,Southern Islands,Organic,Medium,SME,325.34,0,0
ENQ-02082,2025-02-06,Punggol,Organic,Small,SME,175.6,1,0
ENQ-02083,2025-03-09,Tanglin,Organic,Medium,SME,291.54,0,0
ENQ-02084,2025-09-03,Woodlands,Google Search,Small,SME,191.4,0,0
ENQ-02085,2025-08-08,Downtown Core,Organic,Small,SME,187.37,1,0
ENQ-02086,2025-05-02,Boon Lay,Google Search,Small,Household,192.77,0,0
ENQ-02087,2025-03-05,Changi Bay,Google Search,Small,Household,206.55,0,0
ENQ-02088,2025-01-01,Newton,Meta Ads,Locker,SME,98.52,0,0
ENQ-02089,2025-10-30,Boon Lay,Organic,Locker,Relocation,96.51,0,0
ENQ-02090,2025-08-23,Southern Islands,Partner,Small,Household,167.9,0,0
ENQ-02091,2025-01-05,Singapore River,Organic,Medium,Household,298.49,1,0
ENQ-02092,2025-08-06,Museum,Meta Ads,Large,Household,431.48,1,0
ENQ-02093,2025-03-11,Pioneer,Meta Ads,Small,Household,190.75,0,0
ENQ-02094,2025-09-28,Punggol,Meta Ads,Locker,SME,103.09,0,0
ENQ-02095,2025-09-10,Bukit Timah,Organic,Small,SME,180.1,0,0
ENQ-02096,2025-09-03,Bukit Batok,Organic,Locker,Household,97.85,0,0
ENQ-02097,2025-09-01,Orchard,Organic,Medium,SME,288.06,0,0
ENQ-02098,2025-05-02,Straits View,Walk-in,Small,E-commerce,190.3,0,0
ENQ-02099,2025-07-22,Bukit Merah,Partner,Large,SME,518.38,0,0
ENQ-02100,2025-09-15,Southern Islands,Walk-in,Medium,E-commerce,318.66,0,0
ENQ-02101,2025-11-10,Museum,Google Search,Medium,E-commerce,326.5,1,0
ENQ-02102,2025-04-17,North-Eastern Islands,Meta Ads,Medium,Household,289.12,1,0
ENQ-02103,2025-11-10,Marina South,Organic,Locker,Household,95.15,0,0
ENQ-02104,2025-03-03,Central Water Catchment,Google Search,Medium,Household,296.94,1,0
ENQ-02105,2025-10-16,Toa Payoh,Walk-in,Small,Household,178.81,0,0
ENQ-02106,2025-05-29,Changi,Partner,Large,Household,499.84,0,0
ENQ-02107,2025-03-09,Serangoon,Referral,Small,Household,179.26,1,0
ENQ-02108,2025-03-09,Tampines,Referral,Small,Relocation,195.74,1,1
ENQ-02109,2025-05-10,Ang Mo Kio,Walk-in,Medium,SME,292.46,0,0
ENQ-02110,2025-11-23,Mandai,Meta Ads,Small,Household,199.13,1,0
ENQ-02111,2025-02-15,Punggol,Meta Ads,Large,Household,459.28,0,1
ENQ-02112,2025-11-24,Sembawang,Google Search,Small,Relocation,179.2,1,0
ENQ-02113,2025-05-13,Sungei Kadut,Google Search,Small,Household,182.56,1,0
ENQ-02114,2025-11-18,Boon Lay,Organic,Medium,Household,307.3,0,0
ENQ-02115,2025-06-30,Serangoon,Google Search,Small,Household,205.45,0,0
ENQ-02116,2025-06-23,Serangoon,Organic,Medium,Household,324.75,0,0
ENQ-02117,2025-01-22,Punggol,Organic,Small,Student/Expats,191.34,0,0
ENQ-02118,2025-12-23,Newton,Meta Ads,Medium,Relocation,290.38,0,0
ENQ-02119,2025-07-29,Tanglin,Google Search,Locker,Student/Expats,82.44,0,0
ENQ-02120,2025-01-05,Downtown Core,Google Search,Medium,E-commerce,282.79,0,0
ENQ-02121,2025-03-01,Pioneer,Organic,Medium,Household,279.47,1,0
ENQ-02122,2025-07-07,Yishun,Organic,Small,Household,198.9,0,0
ENQ-02123,2025-03-10,Marina East,Partner,Locker,Relocation,97.95,0,0
ENQ-02124,2025-09-16,Straits View,Organic,Medium,Household,323.04,0,0
ENQ-02125,2025-12-05,Marine Parade,Organic,Medium,E-commerce,267.0,0,0
ENQ-02126,2025-03-09,Bukit Timah,Walk-in,Medium,SME,296.13,0,0
ENQ-02127,2025-12-15,Southern Islands,Meta Ads,Locker,Household,84.38,0,0
ENQ-02128,2025-12-07,Singapore River,Organic,Medium,Relocation,303.1,0,0
ENQ-02129,2025-11-09,Sengkang,Organic,Locker,SME,91.6,0,0
ENQ-02130,2025-06-22,Tengah,Walk-in,Large,SME,479.82,1,0
ENQ-02131,2025-10-01,Marina East,Partner,Small,Household,173.68,0,0
ENQ-02132,2025-09-07,Ang Mo Kio,Organic,Locker,Household,87.18,0,0
ENQ-02133,2025-09-29,Simpang,Walk-in,Medium,Household,315.39,0,0
ENQ-02134,2025-12-03,Geylang,Walk-in,Medium,Household,295.23,0,0
ENQ-02135,2025-02-11,Pioneer,Partner,Medium,SME,298.46,0,0
ENQ-02136,2025-11-02,Bukit Merah,Organic,Locker,Household,84.5,0,0
ENQ-02137,2025-04-16,Bukit Timah,Meta Ads,Medium,SME,306.49,1,0
ENQ-02138,2025-04-16,Orchard,Walk-in,Small,Student/Expats,185.58,0,0
ENQ-02139,2025-03-02,Bedok,Walk-in,Small,Household,195.5,1,0
ENQ-02140,2025-10-24,Changi,Google Search,Locker,SME,99.66,1,0
ENQ-02141,2025-08-14,Central Water Catchment,Google Search,Medium,Household,264.14,0,0
ENQ-02142,2025-03-26,Marina East,Partner,Medium,SME,288.73,0,0
ENQ-02143,2025-05-02,Sengkang,Google Search,Locker,Household,86.24,0,0
ENQ-02144,2025-01-17,Tanglin,Referral,Small,Household,201.99,0,0
ENQ-02145,2025-10-19,Simpang,Google Search,Small,Household,187.73,0,0
ENQ-02146,2025-01-31,Tanglin,Google Search,Medium,Household,286.36,0,0
ENQ-02147,2025-02-07,Pasir Ris,Google Search,Medium,Household,304.94,0,0
ENQ-02148,2025-10-19,Boon Lay,Meta Ads,Medium,Household,323.36,0,0
ENQ-02149,2025-05-30,Yishun,Walk-in,Small,SME,204.62,0,0
ENQ-02150,2025-02-24,Novena,Referral,Large,SME,483.62,0,0
ENQ-02151,2025-02-12,Bukit Batok,Meta Ads,Small,Household,168.55,0,0
ENQ-02152,2025-02-03,Lim Chu Kang,Meta Ads,Medium,Student/Expats,286.27,0,0
ENQ-02153,2025-03-22,Kallang,Organic,Medium,SME,305.82,0,0
ENQ-02154,2025-11-20,Choa Chu Kang,Walk-in,Medium,Household,280.49,1,0
ENQ-02155,2025-07-11,Sembawang,Google Search,Medium,SME,278.03,0,0
ENQ-02156,2025-11-18,Tampines,Organic,Medium,Household,275.95,0,0
ENQ-02157,2025-01-19,Ang Mo Kio,Walk-in,Locker,Relocation,94.63,0,0
ENQ-02158,2025-05-19,North-Eastern Islands,Walk-in,Small,Student/Expats,203.72,0,0
ENQ-02159,2025-12-18,Newton,Organic,Small,Household,189.93,0,0
ENQ-02160,2025-06-15,Bukit Merah,Referral,Small,E-commerce,178.98,0,0
ENQ-02161,2025-01-27,Seletar,Google Search,Small,Household,197.01,1,0
ENQ-02162,2025-09-15,Western Water Catchment,Google Search,Large,Household,422.67,0,0
ENQ-02163,2025-09-25,Mandai,Meta Ads,Medium,Student/Expats,279.0,0,0
ENQ-02164,2025-03-20,Singapore River,Walk-in,Locker,Household,84.4,0,0
ENQ-02165,2025-08-20,Southern Islands,Organic,Medium,Household,315.69,0,0
ENQ-02166,2025-09-14,Mandai,Google Search,Medium,Household,312.51,1,0
ENQ-02167,2025-09-08,Pioneer,Organic,Medium,Student/Expats,283.79,0,0
ENQ-02168,2025-06-03,Choa Chu Kang,Partner,Small,SME,178.33,0,0
ENQ-02169,2025-03-04,Jurong East,Organic,Medium,Household,267.88,0,0
ENQ-02170,2025-02-24,Pioneer,Referral,Locker,Student/Expats,96.75,0,0
ENQ-02171,2025-06-05,Downtown Core,Referral,Small,Household,204.53,0,0
ENQ-02172,2025-08-17,Outram,Organic,Small,SME,185.88,0,0
ENQ-02173,2025-05-24,Central Water Catchment,Google Search,Small,Household,184.99,1,0
ENQ-02174,2025-09-23,Novena,Partner,Locker,SME,81.65,0,0
ENQ-02175,2025-02-10,Bukit Batok,Partner,Locker,SME,81.84,0,0
ENQ-02176,2025-03-10,Simpang,Google Search,Locker,Household,98.3,1,0
ENQ-02177,2025-06-07,Pasir Ris,Organic,Large,Household,493.84,0,0
ENQ-02178,2025-08-31,Pioneer,Organic,Locker,Student/Expats,91.04,0,0
ENQ-02179,2025-01-18,Museum,Meta Ads,Small,SME,175.37,0,0
ENQ-02180,2025-12-25,Singapore River,Meta Ads,Large,Household,473.92,0,0
ENQ-02181,2025-04-07,Marine Parade,Meta Ads,Small,SME,195.47,0,0
ENQ-02182,2025-11-12,Bukit Merah,Google Search,Large,SME,440.46,0,0
ENQ-02183,2025-01-31,Mandai,Partner,Medium,E-commerce,265.99,0,0
ENQ-02184,2025-03-18,Yishun,Organic,Small,Household,178.01,0,0
ENQ-02185,2025-05-07,Marina South,Referral,Locker,Student/Expats,81.72,0,0
ENQ-02186,2025-12-18,Orchard,Walk-in,Locker,Household,98.23,1,0
ENQ-02187,2025-06-19,Hougang,Walk-in,Large,Household,472.4,0,0
ENQ-02188,2025-05-11,Boon Lay,Organic,Small,Household,195.43,0,0
ENQ-02189,2025-05-10,Downtown Core,Meta Ads,Medium,SME,263.59,0,0
ENQ-02190,2025-09-04,Tanglin,Google Search,Medium,Relocation,286.3,0,0
ENQ-02191,2025-11-02,Sengkang,Referral,Large,Relocation,432.72,1,0
ENQ-02192,2025-01-30,Bukit Merah,Organic,Medium,SME,277.2,0,0
ENQ-02193,2025-01-22,Yishun,Walk-in,Medium,SME,265.41,1,0
ENQ-02194,2025-02-28,Seletar,Referral,Locker,Student/Expats,88.8,0,0
ENQ-02195,2025-12-02,Sembawang,Partner,Locker,Household,99.25,0,0
ENQ-02196,2025-04-08,Seletar,Meta Ads,Medium,Household,268.53,1,1
ENQ-02197,2025-02-13,Orchard,Organic,Medium,Relocation,276.42,0,0
ENQ-02198,2025-06-10,Bukit Panjang,Meta Ads,Small,Student/Expats,181.73,0,0
ENQ-02199,2025-07-04,Boon Lay,Walk-in,Small,Household,185.04,0,0
ENQ-02200,2025-09-17,Southern Islands,Organic,Medium,Student/Expats,308.63,0,0
ENQ-02201,2025-07-01,Bukit Panjang,Meta Ads,Locker,SME,94.74,0,0
ENQ-02202,2025-05-20,Choa Chu Kang,Meta Ads,Small,Student/Expats,162.98,0,0
ENQ-02203,2025-08-09,Bukit Panjang,Referral,Medium,SME,276.61,0,0
ENQ-02204,2025-04-19,Queenstown,Referral,Medium,Student/Expats,270.94,0,0
ENQ-02205,2025-12-27,Changi,Referral,Small,Household,163.01,0,0
ENQ-02206,2025-07-09,Simpang,Meta Ads,Large,Household,478.61,0,0
ENQ-02207,2025-11-06,Changi,Referral,Medium,Household,305.62,0,0
ENQ-02208,2025-11-28,Boon Lay,Meta Ads,Locker,Household,101.61,0,0
ENQ-02209,2025-10-31,Geylang,Meta Ads,Medium,E-commerce,279.59,0,0
ENQ-02210,2025-02-06,Bishan,Organic,Medium,Relocation,323.45,0,0
ENQ-02211,2025-02-11,Outram,Google Search,Medium,Household,270.93,0,0
ENQ-02212,2025-03-01,Pioneer,Google Search,Small,Household,166.08,0,1
ENQ-02213,2025-12-29,Tampines,Meta Ads,Small,SME,173.29,0,0
ENQ-02214,2025-02-04,River Valley,Google Search,Locker,E-commerce,103.37,1,0
ENQ-02215,2025-09-09,Bukit Timah,Referral,Small,Household,200.36,0,0
ENQ-02216,2025-08-17,Pioneer,Meta Ads,Large,SME,506.16,0,0
ENQ-02217,2025-10-21,Marina South,Meta Ads,Medium,SME,309.57,0,0
ENQ-02218,2025-04-12,Southern Islands,Organic,Large,SME,457.55,0,0
ENQ-02219,2025-10-10,Seletar,Organic,Medium,SME,300.78,0,0
ENQ-02220,2025-06-02,Rochor,Referral,Locker,Household,89.02,0,0
ENQ-02221,2025-12-19,Geylang,Organic,Large,Household,490.56,0,0
ENQ-02222,2025-05-08,Queenstown,Meta Ads,Small,Household,171.97,1,0
ENQ-02223,2025-05-16,Hougang,Organic,Small,Household,183.35,1,1
ENQ-02224,2025-11-23,Marina East,Organic,Small,Household,174.78,1,0
ENQ-02225,2025-05-26,Western Water Catchment,Google Search,Small,Household,185.57,0,0
ENQ-02226,2025-02-27,Bukit Batok,Google Search,Locker,Household,81.37,0,0
ENQ-02227,2025-01-31,Western Water Catchment,Organic,Medium,SME,263.23,0,0
ENQ-02228,2025-05-16,Bedok,Referral,Large,Household,505.78,0,0
ENQ-02229,2025-02-09,Orchard,Meta Ads,Medium,E-commerce,316.88,0,0
ENQ-02230,2025-10-19,Singapore River,Google Search,Medium,Relocation,299.83,0,0
ENQ-02231,2025-04-09,Geylang,Meta Ads,Medium,Household,320.44,0,0
ENQ-02232,2025-01-14,Serangoon,Meta Ads,Small,SME,170.91,0,0
ENQ-02233,2025-11-17,Hougang,Partner,Medium,SME,308.62,0,0
ENQ-02234,2025-09-30,Pioneer,Google Search,Small,Relocation,188.4,0,0
ENQ-02235,2025-10-22,Bedok,Google Search,Locker,Household,102.62,0,0
ENQ-02236,2025-03-17,Bukit Panjang,Referral,Small,Household,182.74,0,0
ENQ-02237,2025-08-10,Tuas,Google Search,Small,SME,183.0,1,0
ENQ-02238,2025-12-06,Straits View,Google Search,Locker,E-commerce,89.28,0,0
ENQ-02239,2025-10-25,Toa Payoh,Meta Ads,Small,Household,177.86,0,0
ENQ-02240,2025-01-07,Straits View,Organic,Large,SME,479.25,0,0
ENQ-02241,2025-11-06,Choa Chu Kang,Google Search,Small,Household,189.6,1,0
ENQ-02242,2025-11-07,Tuas,Meta Ads,Medium,Household,280.55,0,0
ENQ-02243,2025-12-23,Novena,Walk-in,Large,Household,414.84,0,0
ENQ-02244,2025-05-01,Changi,Google Search,Medium,SME,310.83,0,0
ENQ-02245,2025-09-22,Boon Lay,Partner,Medium,SME,274.12,0,0
ENQ-02246,2025-03-22,Marina South,Meta Ads,Small,Student/Expats,190.33,0,0
ENQ-02247,2025-08-10,Geylang,Google Search,Small,Household,164.02,1,1
ENQ-02248,2025-10-25,Straits View,Meta Ads,Small,Household,167.16,0,0
ENQ-02249,2025-11-05,Ang Mo Kio,Organic,Locker,Household,84.16,0,0
ENQ-02250,2025-02-11,Tanglin,Google Search,Locker,E-commerce,98.95,1,0
ENQ-02251,2025-09-22,Jurong East,Referral,Medium,Household,271.78,0,0
ENQ-02252,2025-03-24,Pasir Ris,Partner,Locker,Household,102.97,0,0
ENQ-02253,2025-03-29,Bukit Timah,Google Search,Small,Household,201.74,0,0
ENQ-02254,2025-02-11,Clementi,Google Search,Small,SME,179.43,0,0
ENQ-02255,2025-10-29,Orchard,Google Search,Medium,Household,324.19,0,0
ENQ-02256,2025-07-25,Southern Islands,Google Search,Locker,E-commerce,98.03,0,0
ENQ-02257,2025-08-07,Toa Payoh,Organic,Locker,SME,94.64,0,0
ENQ-02258,2025-04-30,Pasir Ris,Google Search,Large,Household,426.34,1,0
ENQ-02259,2025-02-02,Serangoon,Referral,Locker,Household,90.39,0,0
ENQ-02260,2025-12-07,Ang Mo Kio,Organic,Small,Relocation,190.91,0,0
ENQ-02261,2025-07-31,Downtown Core,Organic,Locker,E-commerce,102.63,0,0
ENQ-02262,2025-11-08,Bukit Panjang,Organic,Small,Household,177.41,1,0
ENQ-02263,2025-07-25,Tengah,Partner,Medium,Household,325.69,0,0
ENQ-02264,2025-11-25,Newton,Referral,Small,Household,200.27,0,0
ENQ-02265,2025-05-16,Novena,Google Search,Large,Household,473.22,0,0
ENQ-02266,2025-05-11,Lim Chu Kang,Google Search,Large,Household,519.88,1,0
ENQ-02267,2025-07-03,Kallang,Google Search,Small,SME,166.6,0,0
ENQ-02268,2025-01-05,Bukit Merah,Organic,Small,SME,181.86,1,0
ENQ-02269,2025-04-18,Kallang,Organic,Medium,Household,311.39,0,0
ENQ-02270,2025-12-20,Hougang,Meta Ads,Large,Student/Expats,495.92,0,0
ENQ-02271,2025-12-06,North-Eastern Islands,Meta Ads,Large,Household,523.06,0,0
ENQ-02272,2025-08-28,Seletar,Organic,Medium,Relocation,312.76,0,0
ENQ-02273,2025-08-07,Newton,Google Search,Medium,Household,289.52,0,0
ENQ-02274,2025-09-24,Boon Lay,Meta Ads,Small,Household,205.21,0,0
ENQ-02275,2025-01-14,Bukit Merah,Partner,Locker,E-commerce,95.88,0,0
ENQ-02276,2025-04-10,Punggol,Partner,Large,Relocation,426.52,0,0
ENQ-02277,2025-09-23,Kallang,Meta Ads,Locker,Household,92.28,0,0
ENQ-02278,2025-05-23,Sengkang,Partner,Small,Household,187.16,0,0
ENQ-02279,2025-09-30,Jurong West,Google Search,Medium,Household,317.73,0,0
ENQ-02280,2025-05-30,Novena,Google Search,Medium,Student/Expats,312.18,1,0
ENQ-02281,2025-02-26,Jurong East,Referral,Small,Relocation,190.47,0,0
ENQ-02282,2025-02-14,Tanglin,Meta Ads,Locker,SME,86.33,0,0
ENQ-02283,2025-03-18,Punggol,Walk-in,Medium,Relocation,296.1,0,0
ENQ-02284,2025-11-07,Rochor,Meta Ads,Medium,Student/Expats,297.02,0,0
ENQ-02285,2025-05-24,Singapore River,Google Search,Small,Household,183.98,0,0
ENQ-02286,2025-10-28,Woodlands,Google Search,Small,Household,201.47,1,1
ENQ-02287,2025-12-07,Woodlands,Google Search,Small,E-commerce,172.68,0,0
ENQ-02288,2025-06-15,Southern Islands,Google Search,Small,Household,202.84,1,0
ENQ-02289,2025-07-26,Punggol,Meta Ads,Medium,SME,272.0,0,0
ENQ-02290,2025-08-29,Mandai,Referral,Medium,Household,302.21,0,0
ENQ-02291,2025-01-29,Bukit Panjang,Google Search,Large,Household,454.37,0,0
ENQ-02292,2025-07-11,Boon Lay,Google Search,Medium,SME,269.93,1,1
ENQ-02293,2025-07-31,Changi,Walk-in,Medium,Relocation,308.5,0,0
ENQ-02294,2025-09-23,Marina East,Organic,Small,Relocation,168.88,0,0
ENQ-02295,2025-07-26,Seletar,Meta Ads,Large,Household,468.09,0,0
ENQ-02296,2025-10-08,Bukit Merah,Google Search,Large,Household,429.75,0,0
ENQ-02297,2025-11-15,Straits View,Meta Ads,Small,SME,190.88,0,0
ENQ-02298,2025-06-24,Tengah,Organic,Locker,E-commerce,88.72,0,0
ENQ-02299,2025-07-31,Marina East,Google Search,Small,Household,192.08,0,0
ENQ-02300,2025-11-23,Yishun,Google Search,Medium,E-commerce,300.33,0,0
ENQ-02301,2025-06-30,Kallang,Partner,Small,E-commerce,167.39,1,0
ENQ-02302,2025-12-05,Jurong West,Google Search,Small,SME,176.01,1,0
ENQ-02303,2025-10-10,River Valley,Organic,Small,Household,189.67,0,0
ENQ-02304,2025-12-17,Tampines,Organic,Small,SME,185.84,0,0
ENQ-02305,2025-03-24,Marina South,Google Search,Small,Household,190.42,0,0
ENQ-02306,2025-09-20,Kallang,Google Search,Small,Relocation,169.88,1,0
ENQ-02307,2025-07-22,Museum,Walk-in,Medium,Relocation,280.28,1,0
ENQ-02308,2025-02-27,Tuas,Organic,Small,E-commerce,174.03,0,0
ENQ-02309,2025-11-30,Tampines,Google Search,Small,SME,183.22,0,0
ENQ-02310,2025-06-18,Rochor,Partner,Medium,Household,292.22,1,0
ENQ-02311,2025-12-03,Marina East,Organic,Large,Household,499.48,0,0
ENQ-02312,2025-12-18,Kallang,Referral,Small,Household,171.85,1,0
ENQ-02313,2025-07-29,Outram,Meta Ads,Medium,Relocation,261.56,1,0
ENQ-02314,2025-03-29,Downtown Core,Google Search,Medium,SME,294.97,0,0
ENQ-02315,2025-03-05,Tampines,Referral,Small,Household,166.06,0,0
ENQ-02316,2025-08-25,Toa Payoh,Walk-in,Small,SME,187.92,0,0
ENQ-02317,2025-09-10,Jurong East,Google Search,Small,Household,162.35,1,0
ENQ-02318,2025-01-20,Downtown Core,Organic,Small,Household,198.34,0,0
ENQ-02319,2025-09-07,Lim Chu Kang,Referral,Small,Household,197.14,0,0
ENQ-02320,2025-08-04,Yishun,Referral,Small,Relocation,203.57,0,0
ENQ-02321,2025-11-26,Changi Bay,Meta Ads,Medium,SME,324.95,1,0
ENQ-02322,2025-07-01,Jurong West,Google Search,Large,Relocation,427.7,0,0
ENQ-02323,2025-10-06,Boon Lay,Meta Ads,Locker,Household,90.59,0,0
ENQ-02324,2025-02-25,Tampines,Meta Ads,Locker,Student/Expats,86.93,0,0
ENQ-02325,2025-03-28,Western Water Catchment,Google Search,Locker,SME,99.44,0,0
ENQ-02326,2025-11-24,Kallang,Meta Ads,Locker,SME,96.98,0,0
ENQ-02327,2025-04-16,Pasir Ris,Organic,Medium,SME,283.23,0,0
ENQ-02328,2025-09-14,Woodlands,Referral,Small,E-commerce,165.05,0,0
ENQ-02329,2025-08-01,Central Water Catchment,Google Search,Small,Relocation,205.26,0,1
ENQ-02330,2025-04-23,Simpang,Google Search,Small,Household,173.78,0,0
ENQ-02331,2025-06-04,Geylang,Meta Ads,Locker,Household,89.25,0,0
ENQ-02332,2025-02-02,Downtown Core,Google Search,Medium,Household,266.87,0,0
ENQ-02333,2025-08-11,Boon Lay,Google Search,Locker,Household,88.22,1,0
ENQ-02334,2025-08-15,Novena,Meta Ads,Locker,SME,94.99,0,0
ENQ-02335,2025-12-18,Changi Bay,Organic,Medium,SME,295.21,0,0
ENQ-02336,2025-06-19,Clementi,Referral,Small,Relocation,170.05,0,0
ENQ-02337,2025-04-03,Bishan,Meta Ads,Medium,Household,299.12,0,0
ENQ-02338,2025-10-08,Simpang,Meta Ads,Small,Household,205.07,0,0
ENQ-02339,2025-12-12,Pioneer,Partner,Medium,SME,309.3,0,0
ENQ-02340,2025-03-01,Lim Chu Kang,Meta Ads,Locker,SME,92.08,0,0
ENQ-02341,2025-02-27,Tampines,Walk-in,Small,Relocation,203.22,1,0
ENQ-02342,2025-06-21,Sembawang,Referral,Medium,Student/Expats,295.83,1,0
ENQ-02343,2025-08-20,Boon Lay,Referral,Locker,Household,96.4,1,0
ENQ-02344,2025-02-09,Marina South,Meta Ads,Large,E-commerce,505.31,0,0
ENQ-02345,2025-09-10,Ang Mo Kio,Meta Ads,Medium,Household,326.31,0,0
ENQ-02346,2025-06-14,Lim Chu Kang,Organic,Large,SME,446.52,0,0
ENQ-02347,2025-12-17,Boon Lay,Google Search,Small,Household,178.76,1,0
ENQ-02348,2025-02-25,North-Eastern Islands,Walk-in,Medium,Relocation,292.45,0,0
ENQ-02349,2025-01-29,Bukit Timah,Google Search,Locker,SME,81.94,0,0
ENQ-02350,2025-06-17,Punggol,Google Search,Medium,Household,322.79,1,0
ENQ-02351,2025-07-13,Punggol,Walk-in,Locker,Household,97.29,0,0
ENQ-02352,2025-06-18,Sengkang,Organic,Locker,Relocation,92.64,1,0
ENQ-02353,2025-10-01,Bukit Merah,Meta Ads,Medium,E-commerce,278.23,0,0
ENQ-02354,2025-06-27,Sungei Kadut,Walk-in,Locker,Relocation,83.14,0,0
ENQ-02355,2025-03-26,Straits View,Referral,Small,SME,193.96,0,0
ENQ-02356,2025-03-10,Rochor,Organic,Small,Household,181.45,0,1
ENQ-02357,2025-01-13,Toa Payoh,Meta Ads,Medium,SME,319.86,0,0
ENQ-02358,2025-06-16,Newton,Google Search,Large,SME,447.67,0,0
ENQ-02359,2025-09-05,Marina East,Meta Ads,Medium,Household,318.6,0,0
ENQ-02360,2025-10-01,Newton,Organic,Large,Household,527.66,0,0
ENQ-02361,2025-02-08,Outram,Google Search,Locker,Household,97.44,0,0
ENQ-02362,2025-03-30,Outram,Walk-in,Small,Household,167.83,1,0
ENQ-02363,2025-04-11,Southern Islands,Meta Ads,Small,Household,178.34,0,0
ENQ-02364,2025-09-06,Jurong East,Meta Ads,Small,SME,172.24,0,1
ENQ-02365,2025-11-06,Bukit Panjang,Google Search,Locker,Household,94.05,0,0
ENQ-02366,2025-06-04,Sengkang,Meta Ads,Small,E-commerce,197.31,0,0
ENQ-02367,2025-06-07,Serangoon,Google Search,Locker,SME,82.49,1,0
ENQ-02368,2025-12-15,Museum,Google Search,Small,Household,175.07,0,0
ENQ-02369,2025-10-26,Jurong East,Walk-in,Small,Household,194.53,0,0
ENQ-02370,2025-10-05,Western Water Catchment,Meta Ads,Locker,Household,87.88,0,0
ENQ-02371,2025-04-05,Tanglin,Meta Ads,Large,SME,489.71,0,0
ENQ-02372,2025-03-07,Clementi,Partner,Locker,Household,98.6,0,0
ENQ-02373,2025-02-04,Downtown Core,Meta Ads,Small,Household,204.87,0,0
ENQ-02374,2025-10-21,Bedok,Meta Ads,Locker,Household,93.99,0,0
ENQ-02375,2025-08-01,Bukit Merah,Referral,Locker,Household,101.33,1,0
ENQ-02376,2025-04-01,Choa Chu Kang,Meta Ads,Medium,SME,299.55,0,0
ENQ-02377,2025-03-07,River Valley,Referral,Small,E-commerce,174.93,0,0
ENQ-02378,2025-11-02,Tengah,Meta Ads,Small,Relocation,164.5,0,0
ENQ-02379,2025-01-29,Toa Payoh,Meta Ads,Small,SME,172.76,0,0
ENQ-02380,2025-12-18,Bukit Panjang,Partner,Locker,Household,98.53,0,0
ENQ-02381,2025-01-27,Pasir Ris,Walk-in,Large,Household,437.35,1,0
ENQ-02382,2025-03-29,Tampines,Walk-in,Medium,Household,269.66,1,0
ENQ-02383,2025-04-18,Lim Chu Kang,Google Search,Medium,Household,265.3,0,0
ENQ-02384,2025-01-06,Bishan,Google Search,Medium,Relocation,285.38,0,0
ENQ-02385,2025-01-17,River Valley,Google Search,Locker,Household,102.19,0,0
ENQ-02386,2025-03-29,Choa Chu Kang,Google Search,Medium,SME,295.34,0,0
ENQ-02387,2025-03-31,Changi Bay,Google Search,Medium,SME,298.48,1,0
ENQ-02388,2025-12-22,Tengah,Meta Ads,Locker,E-commerce,84.72,0,0
ENQ-02389,2025-06-25,Novena,Organic,Locker,SME,88.95,0,1
ENQ-02390,2025-04-02,Bukit Panjang,Partner,Medium,Relocation,265.01,1,0
ENQ-02391,2025-06-20,North-Eastern Islands,Referral,Small,SME,205.52,0,0
ENQ-02392,2025-05-25,Orchard,Meta Ads,Large,Household,495.52,0,0
ENQ-02393,2025-02-09,Seletar,Walk-in,Large,Household,518.59,0,0
ENQ-02394,2025-11-25,Pasir Ris,Google Search,Small,E-commerce,186.28,0,0
ENQ-02395,2025-11-15,Novena,Meta Ads,Locker,Household,87.08,0,0
ENQ-02396,2025-10-27,Museum,Walk-in,Large,Household,472.12,0,0
ENQ-02397,2025-06-15,Museum,Meta Ads,Locker,SME,97.91,1,0
ENQ-02398,2025-10-02,Clementi,Meta Ads,Large,Household,512.89,0,0
ENQ-02399,2025-02-22,Queenstown,Walk-in,Small,Relocation,174.83,1,0
ENQ-02400,2025-05-21,Hougang,Walk-in,Small,Household,187.93,0,0
ENQ-02401,2025-02-21,Rochor,Walk-in,Medium,Household,324.94,0,0
ENQ-02402,2025-10-12,Bedok,Meta Ads,Small,Household,182.42,0,0
ENQ-02403,2025-10-06,Jurong West,Google Search,Small,SME,179.97,0,0
ENQ-02404,2025-12-17,Novena,Meta Ads,Small,E-commerce,200.69,0,0
ENQ-02405,2025-03-19,Sembawang,Google Search,Locker,SME,92.25,0,0
ENQ-02406,2025-07-31,Bukit Batok,Organic,Small,E-commerce,172.47,0,0
ENQ-02407,2025-04-28,Changi Bay,Organic,Small,Relocation,202.61,0,0
ENQ-02408,2025-05-22,Bishan,Google Search,Locker,Relocation,90.1,0,0
ENQ-02409,2025-07-27,Jurong East,Organic,Large,Household,517.83,0,0
ENQ-02410,2025-07-07,Central Water Catchment,Organic,Medium,Household,323.02,1,0
ENQ-02411,2025-01-03,Geylang,Walk-in,Locker,Household,93.53,0,0
ENQ-02412,2025-03-29,Lim Chu Kang,Meta Ads,Large,E-commerce,501.97,0,0
ENQ-02413,2025-01-13,Pioneer,Walk-in,Small,Household,185.61,0,0
ENQ-02414,2025-02-16,Seletar,Meta Ads,Locker,E-commerce,91.33,0,0
ENQ-02415,2025-06-20,Straits View,Meta Ads,Medium,Household,316.17,0,0
ENQ-02416,2025-04-02,Queenstown,Walk-in,Locker,Household,87.73,0,0
ENQ-02417,2025-11-28,River Valley,Meta Ads,Locker,Household,87.28,0,0
ENQ-02418,2025-09-27,Bedok,Referral,Medium,Household,293.98,1,0
ENQ-02419,2025-04-25,Pasir Ris,Google Search,Medium,SME,279.53,0,0
ENQ-02420,2025-12-13,Marina East,Organic,Large,SME,493.74,1,0
ENQ-02421,2025-01-03,Jurong East,Google Search,Medium,E-commerce,287.38,1,0
ENQ-02422,2025-05-23,Southern Islands,Organic,Small,Household,195.63,0,0
ENQ-02423,2025-10-23,River Valley,Organic,Locker,Household,97.87,0,0
ENQ-02424,2025-01-03,Tuas,Meta Ads,Small,E-commerce,171.29,0,0
ENQ-02425,2025-09-28,Marina South,Google Search,Small,SME,180.21,1,0
ENQ-02426,2025-12-16,Bishan,Google Search,Small,Household,189.25,0,0
ENQ-02427,2025-01-19,Rochor,Organic,Medium,Student/Expats,308.9,0,0
ENQ-02428,2025-03-27,Bukit Timah,Meta Ads,Small,Student/Expats,178.94,0,0
ENQ-02429,2025-10-12,Changi,Google Search,Medium,Relocation,280.87,0,0
ENQ-02430,2025-07-10,Bukit Timah,Meta Ads,Locker,Household,98.26,0,1
ENQ-02431,2025-05-08,Choa Chu Kang,Organic,Small,E-commerce,192.54,0,0
ENQ-02432,2025-03-16,Marina South,Walk-in,Small,E-commerce,182.74,0,0
ENQ-02433,2025-07-03,Sengkang,Google Search,Large,Relocation,431.09,0,0
ENQ-02434,2025-12-26,Outram,Meta Ads,Medium,Relocation,261.74,0,0
ENQ-02435,2025-11-14,Bukit Timah,Meta Ads,Small,Student/Expats,189.73,0,0
ENQ-02436,2025-02-23,Novena,Referral,Large,Household,451.82,0,0
ENQ-02437,2025-03-24,Sengkang,Meta Ads,Large,Household,467.53,0,0
ENQ-02438,2025-06-29,Western Water Catchment,Referral,Locker,Student/Expats,98.37,1,0
ENQ-02439,2025-08-25,Tampines,Organic,Small,Household,201.79,0,0
ENQ-02440,2025-12-03,Tengah,Partner,Medium,Student/Expats,317.87,0,0
ENQ-02441,2025-03-18,Kallang,Meta Ads,Medium,Household,267.47,0,0
ENQ-02442,2025-04-05,Sungei Kadut,Meta Ads,Locker,Household,98.41,0,0
ENQ-02443,2025-03-07,Marina East,Referral,Large,Household,424.21,0,0
ENQ-02444,2025-05-05,Punggol,Referral,Medium,Relocation,321.23,0,0
ENQ-02445,2025-05-12,Mandai,Google Search,Large,Household,507.79,0,0
ENQ-02446,2025-03-09,Choa Chu Kang,Organic,Large,Household,432.53,0,0
ENQ-02447,2025-08-28,Jurong East,Organic,Large,SME,434.08,0,0
ENQ-02448,2025-01-26,Downtown Core,Referral,Small,Household,176.08,0,0
ENQ-02449,2025-05-20,Sengkang,Meta Ads,Medium,Household,262.17,0,0
ENQ-02450,2025-06-23,Hougang,Partner,Large,SME,514.01,0,0
ENQ-02451,2025-03-25,Sengkang,Google Search,Medium,Relocation,271.07,0,0
ENQ-02452,2025-12-16,Hougang,Organic,Locker,Relocation,90.65,0,0
ENQ-02453,2025-07-13,Orchard,Google Search,Locker,E-commerce,86.3,0,0
ENQ-02454,2025-08-20,Queenstown,Meta Ads,Locker,Household,83.03,0,0
ENQ-02455,2025-01-16,Marina South,Google Search,Medium,SME,304.16,0,0
ENQ-02456,2025-10-23,Choa Chu Kang,Meta Ads,Medium,Household,329.19,1,0
ENQ-02457,2025-06-15,Marine Parade,Organic,Small,SME,192.03,0,0
ENQ-02458,2025-11-14,Pioneer,Referral,Small,Household,203.48,0,1
ENQ-02459,2025-02-26,Marina South,Referral,Medium,E-commerce,279.11,0,0
ENQ-02460,2025-08-26,Serangoon,Referral,Medium,SME,268.67,0,0
ENQ-02461,2025-05-31,Bukit Timah,Meta Ads,Large,SME,480.0,0,0
ENQ-02462,2025-08-19,Newton,Referral,Locker,E-commerce,81.1,0,0
ENQ-02463,2025-08-29,Western Water Catchment,Walk-in,Medium,E-commerce,263.45,0,0
ENQ-02464,2025-11-06,Tanglin,Walk-in,Locker,SME,85.48,0,0
ENQ-02465,2025-03-07,Singapore River,Walk-in,Large,Household,493.49,0,0
ENQ-02466,2025-03-31,Marine Parade,Partner,Small,Student/Expats,168.35,0,0
ENQ-02467,2025-12-01,Southern Islands,Google Search,Locker,Household,93.07,0,0
ENQ-02468,2025-12-09,Singapore River,Walk-in,Medium,Household,307.69,0,0
ENQ-02469,2025-04-02,Punggol,Google Search,Medium,Student/Expats,288.12,0,0
ENQ-02470,2025-04-21,Seletar,Google Search,Locker,Household,89.77,1,0
ENQ-02471,2025-06-25,Museum,Google Search,Medium,Household,279.81,0,0
ENQ-02472,2025-04-16,Central Water Catchment,Meta Ads,Medium,Household,272.37,0,0
ENQ-02473,2025-10-22,Choa Chu Kang,Meta Ads,Locker,E-commerce,89.51,1,1
ENQ-02474,2025-06-01,Changi,Organic,Locker,Household,83.73,1,0
ENQ-02475,2025-07-25,Newton,Partner,Large,Household,437.54,0,0
ENQ-02476,2025-07-09,Bukit Batok,Walk-in,Large,SME,452.39,0,0
ENQ-02477,2025-06-14,Bukit Batok,Google Search,Medium,Relocation,312.34,0,0
ENQ-02478,2025-10-27,Orchard,Google Search,Small,Household,180.37,0,0
ENQ-02479,2025-01-05,Singapore River,Walk-in,Locker,Relocation,91.88,0,0
ENQ-02480,2025-09-16,Pasir Ris,Partner,Locker,Student/Expats,99.97,0,0
ENQ-02481,2025-08-08,Bukit Panjang,Google Search,Small,Household,180.47,1,0
ENQ-02482,2025-05-16,Bedok,Organic,Small,Household,191.0,0,0
ENQ-02483,2025-09-25,Seletar,Meta Ads,Medium,SME,276.62,0,0
ENQ-02484,2025-11-13,Bukit Merah,Google Search,Medium,Student/Expats,273.29,1,0
ENQ-02485,2025-08-22,Tanglin,Organic,Small,Household,192.06,0,0
ENQ-02486,2025-10-03,Jurong East,Walk-in,Medium,Household,297.48,0,0
ENQ-02487,2025-06-15,Jurong West,Referral,Large,SME,458.13,0,0
ENQ-02488,2025-12-04,Bedok,Referral,Medium,E-commerce,264.27,1,0
ENQ-02489,2025-07-28,Kallang,Walk-in,Medium,E-commerce,271.9,0,0
ENQ-02490,2025-12-26,Queenstown,Organic,Medium,Student/Expats,329.26,0,0
ENQ-02491,2025-02-27,Straits View,Walk-in,Large,Student/Expats,496.4,0,0
ENQ-02492,2025-07-02,Punggol,Walk-in,Small,Household,169.78,0,0
ENQ-02493,2025-09-07,Rochor,Walk-in,Locker,Household,86.99,0,0
ENQ-02494,2025-08-25,Hougang,Organic,Small,SME,186.92,1,0
ENQ-02495,2025-02-26,Bukit Timah,Google Search,Locker,Household,98.82,0,0
ENQ-02496,2025-05-15,Kallang,Organic,Small,Household,185.5,1,0
ENQ-02497,2025-04-17,Clementi,Organic,Large,Household,483.97,0,0
ENQ-02498,2025-09-28,Sengkang,Referral,Medium,Household,301.72,0,0
ENQ-02499,2025-10-20,Serangoon,Organic,Large,Household,476.32,1,1
ENQ-02500,2025-07-15,Tengah,Meta Ads,Medium,E-commerce,262.59,0,0
ENQ-02501,2025-05-23,Simpang,Meta Ads,Medium,Household,293.59,0,0
ENQ-02502,2025-02-25,Bukit Merah,Google Search,Small,SME,171.28,0,0
ENQ-02503,2025-03-30,Novena,Referral,Small,Household,184.26,1,0
ENQ-02504,2025-11-12,Bedok,Meta Ads,Small,SME,183.69,0,0
ENQ-02505,2025-03-21,Changi,Google Search,Large,SME,475.76,0,0
ENQ-02506,2025-08-24,Boon Lay,Organic,Small,E-commerce,190.19,0,0
ENQ-02507,2025-09-10,Geylang,Meta Ads,Locker,Household,81.85,0,0
ENQ-02508,2025-06-02,Boon Lay,Meta Ads,Medium,SME,264.19,0,0
ENQ-02509,2025-06-14,Queenstown,Walk-in,Medium,SME,264.18,1,0
ENQ-02510,2025-10-14,Bukit Panjang,Organic,Medium,Household,291.2,0,0
ENQ-02511,2025-07-19,Orchard,Partner,Medium,E-commerce,278.2,0,0
ENQ-02512,2025-06-07,Outram,Walk-in,Medium,Student/Expats,271.96,0,0
ENQ-02513,2025-05-01,Geylang,Meta Ads,Medium,E-commerce,333.29,0,0
ENQ-02514,2025-11-07,Marina East,Walk-in,Small,Household,188.8,0,0
ENQ-02515,2025-10-29,Woodlands,Google Search,Small,Relocation,206.35,0,0
ENQ-02516,2025-09-19,Tampines,Google Search,Large,Household,439.8,0,1
ENQ-02517,2025-11-25,River Valley,Google Search,Locker,Household,100.34,0,0
ENQ-02518,2025-05-25,Choa Chu Kang,Partner,Large,SME,480.28,0,0
ENQ-02519,2025-03-13,Seletar,Google Search,Medium,E-commerce,308.14,1,0
ENQ-02520,2025-03-15,Bedok,Google Search,Large,Household,422.86,0,0
ENQ-02521,2025-07-20,Marine Parade,Google Search,Large,Household,420.69,0,0
ENQ-02522,2025-05-12,Western Water Catchment,Walk-in,Small,Household,164.87,0,0
ENQ-02523,2025-03-08,Yishun,Meta Ads,Medium,Household,312.3,0,0
ENQ-02524,2025-09-02,Straits View,Partner,Small,E-commerce,162.57,0,0
ENQ-02525,2025-03-05,Ang Mo Kio,Referral,Large,Household,461.81,0,0
ENQ-02526,2025-06-02,Downtown Core,Referral,Medium,E-commerce,263.05,1,0
ENQ-02527,2025-01-27,Jurong East,Partner,Medium,Household,278.61,0,0
ENQ-02528,2025-05-25,River Valley,Meta Ads,Medium,SME,280.03,0,1
ENQ-02529,2025-03-18,Changi,Walk-in,Locker,Household,101.51,0,0
ENQ-02530,2025-01-12,Pasir Ris,Google Search,Small,Household,196.77,0,0
ENQ-02531,2025-02-23,Pasir Ris,Organic,Small,Household,206.79,0,0
ENQ-02532,2025-12-29,River Valley,Meta Ads,Small,Household,169.68,0,0
ENQ-02533,2025-06-17,Clementi,Google Search,Small,Household,198.12,0,0
ENQ-02534,2025-09-22,Bedok,Google Search,Medium,SME,286.43,0,0
ENQ-02535,2025-02-22,Downtown Core,Meta Ads,Medium,Household,285.38,0,0
ENQ-02536,2025-06-13,Orchard,Walk-in,Medium,E-commerce,281.42,0,0
ENQ-02537,2025-07-13,Ang Mo Kio,Organic,Small,Household,186.48,0,0
ENQ-02538,2025-12-18,Central Water Catchment,Partner,Medium,Household,309.74,0,0
ENQ-02539,2025-10-17,Orchard,Google Search,Locker,SME,95.76,0,0
ENQ-02540,2025-01-08,North-Eastern Islands,Organic,Medium,Household,299.41,1,0
ENQ-02541,2025-12-22,Choa Chu Kang,Organic,Medium,Household,328.54,0,0
ENQ-02542,2025-12-27,Choa Chu Kang,Organic,Locker,Household,86.75,0,1
ENQ-02543,2025-06-30,Serangoon,Partner,Locker,Household,101.14,0,0
ENQ-02544,2025-05-23,Simpang,Partner,Medium,E-commerce,282.13,0,0
ENQ-02545,2025-02-01,River Valley,Partner,Locker,Relocation,97.1,1,1
ENQ-02546,2025-06-28,Pioneer,Organic,Small,Household,187.27,1,0
ENQ-02547,2025-04-19,Toa Payoh,Google Search,Locker,Household,90.67,0,0
ENQ-02548,2025-03-02,Choa Chu Kang,Google Search,Medium,SME,292.95,0,0
ENQ-02549,2025-04-21,Marina East,Walk-in,Small,SME,199.4,0,0
ENQ-02550,2025-04-08,Changi Bay,Partner,Medium,Household,295.94,0,0
ENQ-02551,2025-11-22,Sembawang,Referral,Medium,Household,266.41,0,0
ENQ-02552,2025-01-24,Tampines,Referral,Small,E-commerce,165.89,0,0
ENQ-02553,2025-02-07,Sembawang,Meta Ads,Medium,E-commerce,272.29,0,0
ENQ-02554,2025-02-01,Sungei Kadut,Meta Ads,Large,Household,493.74,0,0
ENQ-02555,2025-02-25,Seletar,Partner,Small,Household,206.2,0,0
ENQ-02556,2025-07-03,Bishan,Walk-in,Small,SME,175.46,0,0
ENQ-02557,2025-09-18,Jurong East,Meta Ads,Medium,E-commerce,299.05,0,0
ENQ-02558,2025-01-28,River Valley,Partner,Small,Household,192.88,0,0
ENQ-02559,2025-10-22,Downtown Core,Organic,Large,SME,481.71,1,0
ENQ-02560,2025-04-01,Newton,Walk-in,Small,Household,185.88,0,0
ENQ-02561,2025-06-29,Central Water Catchment,Google Search,Medium,SME,282.54,0,0
ENQ-02562,2025-12-30,Choa Chu Kang,Google Search,Small,Household,193.8,0,0
ENQ-02563,2025-06-06,Outram,Partner,Locker,Household,95.16,0,0
ENQ-02564,2025-09-11,Serangoon,Partner,Medium,Student/Expats,309.16,0,0
ENQ-02565,2025-11-05,Downtown Core,Google Search,Medium,SME,330.13,0,0
ENQ-02566,2025-01-16,Pioneer,Referral,Large,Household,466.47,0,0
ENQ-02567,2025-02-05,Woodlands,Google Search,Locker,Household,90.21,0,0
ENQ-02568,2025-10-10,Jurong East,Partner,Medium,Household,310.65,0,0
ENQ-02569,2025-06-15,Yishun,Organic,Large,Household,467.39,1,0
ENQ-02570,2025-01-28,Serangoon,Google Search,Locker,Household,90.04,1,1
ENQ-02571,2025-01-23,Choa Chu Kang,Meta Ads,Medium,Household,284.87,0,0
ENQ-02572,2025-03-25,Tengah,Google Search,Large,Household,467.32,0,0
ENQ-02573,2025-03-05,Tanglin,Organic,Small,SME,181.0,0,0
ENQ-02574,2025-07-02,Downtown Core,Google Search,Locker,Household,92.85,0,0
ENQ-02575,2025-03-28,Museum,Google Search,Locker,Student/Expats,103.13,0,0
ENQ-02576,2025-04-06,Changi,Referral,Medium,SME,283.55,0,0
ENQ-02577,2025-07-13,Sengkang,Organic,Large,Student/Expats,451.57,0,0
ENQ-02578,2025-11-05,Toa Payoh,Organic,Locker,Student/Expats,90.59,0,0
ENQ-02579,2025-07-13,River Valley,Meta Ads,Small,SME,202.73,0,0
ENQ-02580,2025-01-15,Rochor,Google Search,Small,SME,187.08,0,0
ENQ-02581,2025-10-14,Pioneer,Referral,Locker,SME,82.36,0,0
ENQ-02582,2025-11-21,Marina South,Organic,Small,Student/Expats,204.59,1,0
ENQ-02583,2025-10-13,Lim Chu Kang,Partner,Small,E-commerce,162.81,0,0
ENQ-02584,2025-06-01,Bukit Merah,Organic,Large,Student/Expats,476.22,0,0
ENQ-02585,2025-09-19,Western Water Catchment,Google Search,Small,SME,183.27,0,0
ENQ-02586,2025-11-04,Southern Islands,Google Search,Medium,Relocation,299.56,0,0
ENQ-02587,2025-09-13,Kallang,Google Search,Large,Household,447.45,0,0
ENQ-02588,2025-11-19,Bishan,Meta Ads,Medium,E-commerce,311.82,1,0
ENQ-02589,2025-06-23,Changi,Organic,Locker,Household,86.42,1,0
ENQ-02590,2025-05-06,Queenstown,Meta Ads,Medium,Household,330.22,0,0
ENQ-02591,2025-01-28,Geylang,Meta Ads,Small,Relocation,194.7,0,0
ENQ-02592,2025-04-17,Boon Lay,Google Search,Medium,E-commerce,286.78,0,0
ENQ-02593,2025-11-08,Novena,Referral,Locker,Household,82.42,0,0
ENQ-02594,2025-07-26,Punggol,Referral,Locker,SME,103.11,0,0
ENQ-02595,2025-01-13,Marina South,Meta Ads,Medium,Household,321.13,0,0
ENQ-02596,2025-03-03,Tuas,Google Search,Large,Household,426.25,1,1
ENQ-02597,2025-08-04,Singapore River,Meta Ads,Small,Household,201.16,0,0
ENQ-02598,2025-10-02,Woodlands,Google Search,Small,Household,166.16,0,0
ENQ-02599,2025-07-15,Museum,Organic,Locker,SME,82.26,0,0
ENQ-02600,2025-03-21,Boon Lay,Google Search,Large,Relocation,500.73,0,0
ENQ-02601,2025-01-06,Toa Payoh,Meta Ads,Small,E-commerce,178.14,0,0
ENQ-02602,2025-06-12,Sembawang,Referral,Medium,Household,281.27,1,0
ENQ-02603,2025-03-07,Simpang,Partner,Small,Relocation,189.26,1,0
ENQ-02604,2025-07-04,Jurong East,Referral,Medium,Household,298.85,1,0
ENQ-02605,2025-05-28,Bukit Panjang,Meta Ads,Locker,Household,87.15,0,0
ENQ-02606,2025-04-02,Bukit Timah,Meta Ads,Medium,SME,316.34,0,0
ENQ-02607,2025-11-13,Seletar,Walk-in,Locker,Household,91.52,0,0
ENQ-02608,2025-05-17,Outram,Organic,Medium,Relocation,285.84,0,0
ENQ-02609,2025-02-20,Pasir Ris,Google Search,Medium,Household,272.49,0,0
ENQ-02610,2025-12-08,Marine Parade,Google Search,Medium,Student/Expats,268.65,0,0
ENQ-02611,2025-08-23,Bukit Panjang,Google Search,Medium,E-commerce,308.96,0,0
ENQ-02612,2025-08-03,Sungei Kadut,Partner,Medium,Relocation,278.52,0,0
ENQ-02613,2025-03-22,Kallang,Organic,Medium,SME,271.81,1,0
ENQ-02614,2025-08-19,Tuas,Referral,Small,Household,167.63,0,0
ENQ-02615,2025-01-16,Queenstown,Google Search,Large,Household,500.49,0,0
ENQ-02616,2025-11-02,Newton,Walk-in,Small,Household,175.72,0,0
ENQ-02617,2025-09-07,Jurong East,Partner,Large,E-commerce,516.98,0,0
ENQ-02618,2025-03-13,North-Eastern Islands,Google Search,Small,E-commerce,176.31,1,0
ENQ-02619,2025-02-06,North-Eastern Islands,Google Search,Medium,SME,301.7,0,0
ENQ-02620,2025-11-08,Queenstown,Google Search,Medium,SME,291.06,0,0
ENQ-02621,2025-12-19,Serangoon,Organic,Large,E-commerce,468.33,0,1
ENQ-02622,2025-12-09,Outram,Walk-in,Small,SME,204.65,1,0
ENQ-02623,2025-09-04,Kallang,Walk-in,Medium,Household,323.66,1,0
ENQ-02624,2025-04-24,Singapore River,Partner,Small,SME,201.8,0,0
ENQ-02625,2025-10-10,Rochor,Meta Ads,Small,Household,206.04,1,0
ENQ-02626,2025-02-08,Marina South,Meta Ads,Locker,Household,102.45,0,0
ENQ-02627,2025-06-13,Marine Parade,Google Search,Small,SME,174.81,0,0
ENQ-02628,2025-03-14,River Valley,Google Search,Medium,Household,266.42,0,0
ENQ-02629,2025-12-25,Singapore River,Google Search,Small,E-commerce,184.18,0,0
ENQ-02630,2025-03-23,North-Eastern Islands,Referral,Large,Household,515.66,1,1
ENQ-02631,2025-07-30,Sengkang,Google Search,Medium,Household,294.26,0,0
ENQ-02632,2025-06-25,Mandai,Partner,Medium,Relocation,317.76,0,0
ENQ-02633,2025-02-26,Bedok,Walk-in,Small,Student/Expats,165.24,1,0
ENQ-02634,2025-01-11,Punggol,Google Search,Locker,Student/Expats,88.11,1,0
ENQ-02635,2025-05-15,Bukit Merah,Meta Ads,Large,Household,449.56,0,0
ENQ-02636,2025-06-22,Sengkang,Google Search,Medium,SME,295.89,1,0
ENQ-02637,2025-09-11,Museum,Walk-in,Medium,Household,326.48,0,0
ENQ-02638,2025-07-18,Jurong East,Meta Ads,Medium,Household,309.65,0,0
ENQ-02639,2025-04-26,Sengkang,Organic,Small,Household,197.02,0,0
ENQ-02640,2025-11-10,Southern Islands,Google Search,Medium,Household,327.53,1,0
ENQ-02641,2025-04-18,Marina East,Meta Ads,Medium,Household,274.06,0,0
ENQ-02642,2025-11-26,Pasir Ris,Google Search,Medium,Household,269.57,0,0
ENQ-02643,2025-07-23,Changi Bay,Walk-in,Small,E-commerce,197.06,0,0
ENQ-02644,2025-08-31,Clementi,Walk-in,Locker,Household,87.86,1,0
ENQ-02645,2025-02-10,Tanglin,Referral,Small,Student/Expats,179.15,0,0
ENQ-02646,2025-05-19,Bukit Panjang,Google Search,Large,Household,482.63,0,0
ENQ-02647,2025-01-07,Singapore River,Walk-in,Medium,SME,318.05,1,0
ENQ-02648,2025-04-30,Queenstown,Google Search,Medium,Household,290.29,0,0
ENQ-02649,2025-03-05,Woodlands,Google Search,Medium,Household,323.46,0,0
ENQ-02650,2025-04-30,Hougang,Partner,Small,Household,203.09,0,0
ENQ-02651,2025-04-05,Changi,Walk-in,Locker,SME,99.34,0,0
ENQ-02652,2025-11-15,Changi Bay,Meta Ads,Small,SME,176.56,0,0
ENQ-02653,2025-04-25,Bishan,Meta Ads,Small,Student/Expats,174.49,0,0
ENQ-02654,2025-11-14,Downtown Core,Google Search,Medium,Household,298.74,0,0
ENQ-02655,2025-06-14,Central Water Catchment,Meta Ads,Small,Student/Expats,192.05,0,1
ENQ-02656,2025-07-08,Sengkang,Referral,Medium,Household,275.84,0,0
ENQ-02657,2025-10-14,Sungei Kadut,Organic,Medium,SME,269.18,0,0
ENQ-02658,2025-03-05,Mandai,Partner,Small,Household,203.85,0,0
ENQ-02659,2025-01-06,Woodlands,Organic,Small,Household,204.32,0,0
ENQ-02660,2025-08-19,Lim Chu Kang,Organic,Large,Household,428.53,0,0
ENQ-02661,2025-07-05,Tengah,Partner,Small,SME,200.53,0,0
ENQ-02662,2025-02-13,Museum,Organic,Small,Household,190.02,0,0
ENQ-02663,2025-05-19,Jurong East,Organic,Large,Household,416.62,0,0
ENQ-02664,2025-01-16,Kallang,Google Search,Medium,Household,316.76,0,0
ENQ-02665,2025-04-21,Pasir Ris,Organic,Medium,Household,327.6,0,0
ENQ-02666,2025-06-05,Bishan,Organic,Small,E-commerce,197.57,1,0
ENQ-02667,2025-09-02,Changi,Walk-in,Small,Household,170.69,0,0
ENQ-02668,2025-02-02,Tampines,Google Search,Locker,Household,101.55,0,0
ENQ-02669,2025-05-11,Southern Islands,Organic,Medium,SME,321.46,1,1
ENQ-02670,2025-10-02,Seletar,Partner,Small,Household,171.8,0,0
ENQ-02671,2025-11-27,Changi,Meta Ads,Medium,Household,263.67,0,0
ENQ-02672,2025-06-28,Downtown Core,Organic,Medium,Household,298.96,1,0
ENQ-02673,2025-09-02,Tengah,Google Search,Large,Household,516.5,0,0
ENQ-02674,2025-05-30,Newton,Google Search,Locker,Household,90.86,0,0
ENQ-02675,2025-08-23,Marina South,Google Search,Small,Student/Expats,200.61,0,0
ENQ-02676,2025-11-12,Yishun,Walk-in,Medium,Student/Expats,322.91,0,0
ENQ-02677,2025-03-14,Changi,Google Search,Large,Household,483.33,0,0
ENQ-02678,2025-02-01,Jurong East,Google Search,Locker,Relocation,89.69,0,0
ENQ-02679,2025-08-21,Simpang,Referral,Locker,SME,87.91,0,0
ENQ-02680,2025-11-12,Bedok,Partner,Medium,Relocation,273.42,0,0
ENQ-02681,2025-12-16,Choa Chu Kang,Walk-in,Locker,Relocation,102.08,0,0
ENQ-02682,2025-09-13,Tengah,Organic,Small,Household,191.88,1,0
ENQ-02683,2025-02-06,Western Water Catchment,Walk-in,Medium,Household,262.64,0,0
ENQ-02684,2025-11-11,Lim Chu Kang,Walk-in,Locker,Student/Expats,93.63,0,0
ENQ-02685,2025-12-15,Bedok,Meta Ads,Small,Household,177.89,0,0
ENQ-02686,2025-11-10,Changi Bay,Organic,Locker,SME,101.37,0,0
ENQ-02687,2025-12-06,Orchard,Partner,Medium,Household,299.44,0,0
ENQ-02688,2025-01-02,Sungei Kadut,Meta Ads,Medium,SME,320.75,0,0
ENQ-02689,2025-04-28,Changi Bay,Organic,Small,Student/Expats,178.85,0,0
ENQ-02690,2025-11-23,Choa Chu Kang,Meta Ads,Medium,SME,267.21,0,0
ENQ-02691,2025-01-15,Straits View,Meta Ads,Large,Relocation,450.29,0,0
ENQ-02692,2025-08-04,Lim Chu Kang,Meta Ads,Locker,Household,95.53,0,0
ENQ-02693,2025-11-03,Punggol,Google Search,Medium,Household,282.3,0,0
ENQ-02694,2025-11-15,Singapore River,Partner,Small,Student/Expats,193.22,0,0
ENQ-02695,2025-11-20,Tuas,Walk-in,Large,Relocation,507.75,0,0
ENQ-02696,2025-01-27,Marina South,Organic,Small,Household,187.01,0,0
ENQ-02697,2025-10-12,Toa Payoh,Meta Ads,Locker,Household,82.83,1,0
ENQ-02698,2025-08-31,Orchard,Meta Ads,Small,Household,196.5,0,0
ENQ-02699,2025-11-30,Straits View,Meta Ads,Locker,E-commerce,102.88,0,0
ENQ-02700,2025-10-23,Southern Islands,Walk-in,Small,SME,188.52,0,0
ENQ-02701,2025-04-22,Yishun,Organic,Small,SME,200.16,1,0
ENQ-02702,2025-01-27,Pasir Ris,Google Search,Small,Household,180.03,0,0
ENQ-02703,2025-12-23,Hougang,Organic,Small,SME,199.36,0,0
ENQ-02704,2025-06-29,Yishun,Meta Ads,Medium,Relocation,288.42,0,0
ENQ-02705,2025-06-02,Seletar,Organic,Medium,Student/Expats,290.5,0,0
ENQ-02706,2025-04-22,Jurong West,Google Search,Large,Household,463.13,0,0
ENQ-02707,2025-07-16,Choa Chu Kang,Organic,Large,Household,469.52,0,1
ENQ-02708,2025-03-03,Orchard,Partner,Large,Household,414.53,0,0
ENQ-02709,2025-08-14,Serangoon,Meta Ads,Medium,Household,301.27,0,0
ENQ-02710,2025-07-31,Serangoon,Referral,Medium,Household,282.13,0,1
ENQ-02711,2025-09-03,Straits View,Meta Ads,Medium,SME,326.34,0,0
ENQ-02712,2025-09-23,Singapore River,Google Search,Medium,E-commerce,300.35,0,0
ENQ-02713,2025-06-13,Punggol,Google Search,Small,Household,174.56,0,0
ENQ-02714,2025-11-08,Toa Payoh,Walk-in,Small,Household,199.16,0,0
ENQ-02715,2025-09-04,Bishan,Organic,Small,Household,206.28,1,0
ENQ-02716,2025-09-20,Yishun,Organic,Locker,SME,101.38,0,0
ENQ-02717,2025-04-15,Straits View,Referral,Medium,Household,317.07,1,0
ENQ-02718,2025-07-04,Pioneer,Partner,Medium,Household,296.53,1,0
ENQ-02719,2025-08-17,River Valley,Google Search,Small,Student/Expats,174.7,0,0
ENQ-02720,2025-10-19,North-Eastern Islands,Meta Ads,Medium,Household,293.69,0,1
ENQ-02721,2025-09-21,Sembawang,Referral,Locker,SME,87.79,0,0
ENQ-02722,2025-08-08,Geylang,Referral,Locker,Student/Expats,94.93,0,0
ENQ-02723,2025-11-25,Tengah,Google Search,Medium,Household,305.12,0,0
ENQ-02724,2025-11-11,Central Water Catchment,Organic,Medium,Household,299.7,0,0
ENQ-02725,2025-09-06,Sengkang,Walk-in,Medium,SME,326.78,1,0
ENQ-02726,2025-10-30,Ang Mo Kio,Meta Ads,Medium,Household,277.59,0,0
ENQ-02727,2025-02-26,Choa Chu Kang,Organic,Small,Relocation,196.22,0,0
ENQ-02728,2025-09-27,Museum,Walk-in,Locker,Household,86.42,0,0
ENQ-02729,2025-11-02,Straits View,Google Search,Locker,SME,88.31,0,0
ENQ-02730,2025-01-12,Orchard,Meta Ads,Small,SME,184.56,0,0
ENQ-02731,2025-09-17,Sengkang,Organic,Small,Student/Expats,199.47,0,0
ENQ-02732,2025-03-12,Marina East,Meta Ads,Small,Household,166.76,0,0
ENQ-02733,2025-09-20,Changi,Meta Ads,Locker,SME,100.36,0,0
ENQ-02734,2025-09-05,Rochor,Meta Ads,Small,Household,206.67,0,1
ENQ-02735,2025-12-02,Choa Chu Kang,Organic,Small,Household,205.1,0,0
ENQ-02736,2025-04-18,Changi,Organic,Medium,Household,289.53,0,0
ENQ-02737,2025-04-30,Serangoon,Partner,Large,Student/Expats,472.29,0,0
ENQ-02738,2025-05-31,Novena,Referral,Large,Relocation,528.2,0,0
ENQ-02739,2025-11-08,Changi,Walk-in,Medium,SME,296.56,0,0
ENQ-02740,2025-02-13,Boon Lay,Google Search,Locker,SME,95.79,1,0
ENQ-02741,2025-04-13,Serangoon,Walk-in,Medium,Household,297.79,0,0
ENQ-02742,2025-05-15,Mandai,Referral,Small,SME,205.52,0,0
ENQ-02743,2025-12-18,Mandai,Google Search,Small,Household,202.5,0,0
ENQ-02744,2025-03-02,Straits View,Google Search,Small,Household,162.43,0,0
ENQ-02745,2025-06-14,Museum,Google Search,Small,SME,196.32,1,0
ENQ-02746,2025-08-22,Singapore River,Organic,Medium,Household,292.08,0,0
ENQ-02747,2025-09-01,Marina East,Referral,Locker,Household,102.31,1,1
ENQ-02748,2025-06-04,Straits View,Meta Ads,Small,E-commerce,169.19,0,0
ENQ-02749,2025-02-07,Seletar,Meta Ads,Medium,Relocation,331.54,1,1
ENQ-02750,2025-11-28,Singapore River,Organic,Large,Household,510.07,1,0
ENQ-02751,2025-11-10,Sengkang,Meta Ads,Large,E-commerce,453.41,0,0
ENQ-02752,2025-12-08,Choa Chu Kang,Meta Ads,Small,SME,162.04,0,0
ENQ-02753,2025-10-25,Southern Islands,Meta Ads,Locker,Student/Expats,81.45,1,0
ENQ-02754,2025-02-08,Southern Islands,Referral,Small,SME,205.2,0,0
ENQ-02755,2025-08-28,Singapore River,Google Search,Small,Household,179.09,0,0
ENQ-02756,2025-02-17,Boon Lay,Partner,Small,Household,167.98,0,0
ENQ-02757,2025-04-06,North-Eastern Islands,Google Search,Small,Household,191.47,1,0
ENQ-02758,2025-04-16,Woodlands,Walk-in,Medium,Household,284.9,1,0
ENQ-02759,2025-08-28,Choa Chu Kang,Referral,Medium,Household,271.51,1,0
ENQ-02760,2025-02-24,Pasir Ris,Referral,Medium,Household,307.25,0,0
ENQ-02761,2025-05-10,Clementi,Google Search,Medium,Household,309.11,0,0
ENQ-02762,2025-09-28,Bukit Merah,Google Search,Medium,Household,333.42,0,0
ENQ-02763,2025-06-04,Sembawang,Google Search,Medium,Household,318.89,0,0
ENQ-02764,2025-01-28,Queenstown,Meta Ads,Medium,Household,276.38,0,0
ENQ-02765,2025-04-09,Bukit Panjang,Meta Ads,Small,SME,169.92,0,0
ENQ-02766,2025-09-24,Tampines,Google Search,Locker,E-commerce,84.17,0,0
ENQ-02767,2025-10-27,Queenstown,Organic,Locker,SME,95.19,1,1
ENQ-02768,2025-06-26,Simpang,Google Search,Medium,SME,273.94,1,0
ENQ-02769,2025-11-07,Yishun,Partner,Small,Household,179.25,1,0
ENQ-02770,2025-07-13,Downtown Core,Google Search,Medium,E-commerce,272.07,0,0
ENQ-02771,2025-01-16,Yishun,Referral,Small,Student/Expats,201.85,0,0
ENQ-02772,2025-06-04,Toa Payoh,Walk-in,Medium,Household,307.17,0,0
ENQ-02773,2025-08-07,Jurong West,Walk-in,Medium,Household,314.87,0,0
ENQ-02774,2025-12-01,Kallang,Google Search,Locker,SME,95.94,1,0
ENQ-02775,2025-06-11,Sengkang,Google Search,Small,Household,180.63,0,0
ENQ-02776,2025-07-02,Clementi,Organic,Small,Household,204.0,0,0
ENQ-02777,2025-01-03,Changi Bay,Referral,Large,Household,466.11,1,0
ENQ-02778,2025-06-18,Tengah,Google Search,Medium,SME,273.03,0,0
ENQ-02779,2025-04-25,North-Eastern Islands,Walk-in,Locker,E-commerce,99.45,0,0
ENQ-02780,2025-03-19,Bedok,Meta Ads,Locker,Student/Expats,98.49,0,0
ENQ-02781,2025-01-22,Singapore River,Google Search,Small,Household,197.5,1,0
ENQ-02782,2025-08-21,Tuas,Organic,Small,Household,174.34,0,0
ENQ-02783,2025-05-05,Changi,Partner,Small,SME,184.72,1,0
ENQ-02784,2025-03-18,Queenstown,Meta Ads,Locker,E-commerce,93.34,1,0
ENQ-02785,2025-08-13,Yishun,Google Search,Small,Student/Expats,174.0,0,1
ENQ-02786,2025-11-30,Straits View,Walk-in,Medium,Household,314.92,0,0
ENQ-02787,2025-09-28,Central Water Catchment,Organic,Small,Household,188.36,0,0
ENQ-02788,2025-10-15,Queenstown,Organic,Small,Household,167.8,0,0
ENQ-02789,2025-01-11,Seletar,Google Search,Locker,Student/Expats,95.95,1,0
ENQ-02790,2025-03-15,Choa Chu Kang,Meta Ads,Small,E-commerce,197.8,0,0
ENQ-02791,2025-04-04,Sungei Kadut,Organic,Locker,Household,102.72,0,0
ENQ-02792,2025-12-07,Changi Bay,Walk-in,Large,SME,460.5,1,0
ENQ-02793,2025-04-03,Outram,Meta Ads,Small,SME,163.0,1,0
ENQ-02794,2025-09-27,Tuas,Organic,Medium,SME,307.39,0,0
ENQ-02795,2025-05-02,Yishun,Meta Ads,Medium,Household,328.98,0,0
ENQ-02796,2025-05-07,Orchard,Google Search,Medium,Household,324.43,0,0
ENQ-02797,2025-12-06,Museum,Organic,Small,Household,186.66,0,0
ENQ-02798,2025-02-10,Tanglin,Meta Ads,Small,Household,174.76,0,0
ENQ-02799,2025-09-28,Newton,Meta Ads,Small,Household,166.93,0,0
ENQ-02800,2025-06-06,Bishan,Google Search,Small,Student/Expats,185.41,1,0
ENQ-02801,2025-08-26,Geylang,Meta Ads,Medium,Student/Expats,272.06,0,1
ENQ-02802,2025-03-28,Rochor,Meta Ads,Medium,SME,267.84,0,0
ENQ-02803,2025-05-09,Sengkang,Walk-in,Medium,E-commerce,286.15,0,0
ENQ-02804,2025-10-21,Ang Mo Kio,Walk-in,Small,Household,167.5,0,0
ENQ-02805,2025-07-05,Outram,Organic,Locker,E-commerce,85.75,0,0
ENQ-02806,2025-01-04,River Valley,Organic,Large,SME,451.43,0,0
ENQ-02807,2025-01-04,Simpang,Referral,Small,Household,165.11,0,0
ENQ-02808,2025-09-27,Bukit Merah,Referral,Small,Household,172.47,0,0
ENQ-02809,2025-08-07,Tuas,Meta Ads,Small,Household,178.27,0,0
ENQ-02810,2025-03-23,Tanglin,Walk-in,Large,Household,471.23,0,0
ENQ-02811,2025-07-11,Downtown Core,Meta Ads,Medium,Household,285.98,0,0
ENQ-02812,2025-11-29,Orchard,Organic,Medium,SME,279.61,1,0
ENQ-02813,2025-09-30,Novena,Meta Ads,Small,Household,202.26,0,0
ENQ-02814,2025-03-14,Sengkang,Meta Ads,Large,E-commerce,500.81,0,0
ENQ-02815,2025-02-05,Newton,Google Search,Small,Student/Expats,180.64,0,0
ENQ-02816,2025-07-28,Pasir Ris,Referral,Locker,SME,84.21,0,0
ENQ-02817,2025-05-23,Seletar,Google Search,Small,Household,168.46,0,0
ENQ-02818,2025-11-28,Singapore River,Walk-in,Medium,Household,271.66,0,0
ENQ-02819,2025-08-06,Geylang,Meta Ads,Medium,Household,289.6,0,0
ENQ-02820,2025-06-05,Tampines,Referral,Medium,Household,303.42,0,0
ENQ-02821,2025-02-04,Western Water Catchment,Meta Ads,Medium,E-commerce,319.02,0,0
ENQ-02822,2025-02-27,Tuas,Organic,Medium,Household,321.26,0,0
ENQ-02823,2025-12-06,Museum,Meta Ads,Locker,Household,89.57,0,0
ENQ-02824,2025-10-31,Sungei Kadut,Partner,Locker,Household,94.67,0,0
ENQ-02825,2025-08-10,Choa Chu Kang,Partner,Locker,Household,82.2,0,0
ENQ-02826,2025-09-28,Marina East,Google Search,Small,SME,203.85,0,0
ENQ-02827,2025-04-14,Bedok,Partner,Locker,Household,95.59,0,0
ENQ-02828,2025-01-12,Jurong East,Referral,Locker,SME,95.74,0,0
ENQ-02829,2025-03-09,Sungei Kadut,Meta Ads,Small,E-commerce,178.09,0,0
ENQ-02830,2025-01-28,Southern Islands,Organic,Medium,Household,298.96,0,1
ENQ-02831,2025-09-06,Straits View,Google Search,Small,Household,202.35,0,0
ENQ-02832,2025-11-24,Pioneer,Partner,Locker,E-commerce,87.69,1,0
ENQ-02833,2025-01-15,Marina South,Partner,Medium,E-commerce,291.79,0,0
ENQ-02834,2025-02-13,Central Water Catchment,Partner,Large,Household,435.62,0,0
ENQ-02835,2025-09-12,Marine Parade,Organic,Locker,Relocation,89.8,1,0
ENQ-02836,2025-09-24,Straits View,Partner,Small,Household,188.26,0,0
ENQ-02837,2025-04-14,Rochor,Meta Ads,Locker,Relocation,84.57,0,0
ENQ-02838,2025-02-12,Serangoon,Walk-in,Locker,Student/Expats,96.22,1,0
ENQ-02839,2025-07-07,Marina South,Referral,Medium,SME,286.47,0,0
ENQ-02840,2025-11-14,Jurong West,Meta Ads,Medium,Household,320.43,0,1
ENQ-02841,2025-06-03,Downtown Core,Walk-in,Small,Household,191.32,0,0
ENQ-02842,2025-10-03,Bukit Panjang,Google Search,Small,Household,205.7,0,0
ENQ-02843,2025-08-10,Ang Mo Kio,Walk-in,Medium,Household,327.12,0,0
ENQ-02844,2025-07-11,Marina East,Referral,Large,Household,513.47,0,0
ENQ-02845,2025-01-05,Changi,Walk-in,Small,Relocation,170.16,0,0
ENQ-02846,2025-12-09,Sembawang,Meta Ads,Small,Household,180.0,0,0
ENQ-02847,2025-01-04,Simpang,Meta Ads,Medium,Household,332.73,0,0
ENQ-02848,2025-09-29,Hougang,Partner,Small,Household,172.34,1,1
ENQ-02849,2025-09-02,Marine Parade,Organic,Small,SME,206.28,0,0
ENQ-02850,2025-01-07,Bishan,Referral,Small,Household,195.8,1,0
ENQ-02851,2025-01-25,Ang Mo Kio,Google Search,Medium,E-commerce,287.45,0,0
ENQ-02852,2025-02-06,Ang Mo Kio,Referral,Medium,SME,311.14,1,0
ENQ-02853,2025-05-30,Jurong East,Google Search,Small,SME,190.52,1,0
ENQ-02854,2025-09-09,Sungei Kadut,Organic,Small,Household,203.32,0,0
ENQ-02855,2025-04-10,Hougang,Referral,Medium,SME,312.26,0,0
ENQ-02856,2025-01-30,Bukit Batok,Referral,Medium,Student/Expats,263.29,0,0
ENQ-02857,2025-08-07,Newton,Meta Ads,Small,Student/Expats,177.16,0,0
ENQ-02858,2025-02-05,Toa Payoh,Organic,Locker,E-commerce,97.16,0,0
ENQ-02859,2025-07-31,Straits View,Meta Ads,Small,SME,183.43,1,1
ENQ-02860,2025-07-21,Outram,Google Search,Small,Household,206.51,0,0
ENQ-02861,2025-03-14,Sembawang,Organic,Medium,Household,302.25,0,0
ENQ-02862,2025-12-06,Western Water Catchment,Google Search,Small,Student/Expats,170.78,0,0
ENQ-02863,2025-12-31,Tampines,Walk-in,Small,Household,183.94,1,0
ENQ-02864,2025-10-31,Clementi,Organic,Medium,Student/Expats,307.5,0,0
ENQ-02865,2025-10-07,Sengkang,Walk-in,Medium,SME,298.78,0,0
ENQ-02866,2025-09-14,Boon Lay,Meta Ads,Small,SME,183.08,1,0
ENQ-02867,2025-11-05,Changi,Walk-in,Medium,E-commerce,271.79,0,0
ENQ-02868,2025-10-26,Orchard,Partner,Locker,Household,96.76,0,0
ENQ-02869,2025-04-27,Marina South,Meta Ads,Locker,Relocation,95.86,0,0
ENQ-02870,2025-08-03,Punggol,Referral,Locker,Student/Expats,91.38,1,0
ENQ-02871,2025-09-05,Hougang,Google Search,Small,Household,186.83,0,0
ENQ-02872,2025-04-19,River Valley,Google Search,Small,Household,184.98,1,0
ENQ-02873,2025-02-06,Choa Chu Kang,Walk-in,Medium,Relocation,268.28,0,0
ENQ-02874,2025-04-16,Queenstown,Walk-in,Locker,Household,85.8,1,0
ENQ-02875,2025-05-23,Lim Chu Kang,Referral,Medium,Household,267.47,0,0
ENQ-02876,2025-01-13,Serangoon,Partner,Small,Household,178.64,1,0
ENQ-02877,2025-10-05,Bukit Panjang,Google Search,Large,Household,462.07,0,0
ENQ-02878,2025-04-16,Novena,Meta Ads,Large,SME,527.33,1,0
ENQ-02879,2025-11-18,Singapore River,Walk-in,Medium,E-commerce,293.96,0,0
ENQ-02880,2025-04-07,Tampines,Google Search,Medium,Household,274.59,1,0
ENQ-02881,2025-11-19,Downtown Core,Walk-in,Small,Student/Expats,183.94,0,0
ENQ-02882,2025-03-01,Straits View,Organic,Medium,SME,303.2,0,0
ENQ-02883,2025-12-17,Queenstown,Meta Ads,Small,Household,170.16,0,0
ENQ-02884,2025-07-30,Marine Parade,Referral,Medium,Household,318.56,0,0
ENQ-02885,2025-08-16,Bukit Timah,Referral,Large,Household,452.21,1,0
ENQ-02886,2025-06-02,Changi Bay,Meta Ads,Medium,Household,296.7,0,0
ENQ-02887,2025-05-15,Tanglin,Meta Ads,Medium,SME,291.29,0,0
ENQ-02888,2025-08-13,Sembawang,Partner,Large,Household,492.35,0,0
ENQ-02889,2025-09-28,Bukit Panjang,Meta Ads,Small,SME,190.59,0,0
ENQ-02890,2025-01-12,Simpang,Partner,Medium,Household,296.39,0,0
ENQ-02891,2025-01-22,Rochor,Walk-in,Small,Household,181.22,0,0
ENQ-02892,2025-03-20,Pasir Ris,Meta Ads,Small,SME,174.37,0,0
ENQ-02893,2025-05-27,North-Eastern Islands,Google Search,Small,Student/Expats,162.16,0,0
ENQ-02894,2025-01-21,Bishan,Organic,Small,Student/Expats,202.15,0,0
ENQ-02895,2025-03-02,Simpang,Walk-in,Medium,Household,296.64,0,0
ENQ-02896,2025-02-17,Geylang,Meta Ads,Small,Household,188.86,0,0
ENQ-02897,2025-11-20,Sembawang,Google Search,Locker,E-commerce,97.24,1,0
ENQ-02898,2025-11-19,Lim Chu Kang,Google Search,Small,SME,178.72,0,0
ENQ-02899,2025-04-06,Novena,Walk-in,Large,Relocation,450.5,0,0
ENQ-02900,2025-11-24,Bedok,Meta Ads,Locker,Relocation,98.28,1,0
ENQ-02901,2025-12-22,Sembawang,Google Search,Small,Household,204.52,1,0
ENQ-02902,2025-10-31,Western Water Catchment,Google Search,Medium,Household,261.74,0,0
ENQ-02903,2025-06-04,Punggol,Organic,Medium,Relocation,282.09,0,0
ENQ-02904,2025-12-10,Marina East,Organic,Medium,Student/Expats,299.98,0,0
ENQ-02905,2025-04-19,Tengah,Organic,Small,SME,167.67,0,0
ENQ-02906,2025-01-27,Outram,Walk-in,Small,Household,187.56,0,0
ENQ-02907,2025-05-25,Queenstown,Meta Ads,Small,SME,183.83,0,0
ENQ-02908,2025-06-29,Newton,Organic,Large,Household,499.3,0,0
ENQ-02909,2025-09-29,Novena,Organic,Locker,E-commerce,85.0,1,0
ENQ-02910,2025-02-11,Geylang,Organic,Small,Household,180.46,0,0
ENQ-02911,2025-01-24,Marina South,Google Search,Medium,SME,289.35,0,0
ENQ-02912,2025-07-10,Rochor,Google Search,Small,Household,195.41,0,0
ENQ-02913,2025-03-21,Central Water Catchment,Referral,Small,E-commerce,173.32,0,0
ENQ-02914,2025-10-05,Tanglin,Organic,Medium,Student/Expats,299.1,1,0
ENQ-02915,2025-10-22,Bukit Timah,Partner,Large,Household,516.37,0,0
ENQ-02916,2025-12-31,Novena,Walk-in,Medium,Household,312.41,0,0
ENQ-02917,2025-08-11,Boon Lay,Organic,Medium,SME,291.72,0,0
ENQ-02918,2025-11-08,Seletar,Google Search,Locker,SME,87.49,0,0
ENQ-02919,2025-08-27,Simpang,Referral,Large,Household,507.97,1,0
ENQ-02920,2025-11-04,Central Water Catchment,Walk-in,Medium,Household,325.06,0,0
ENQ-02921,2025-08-05,Jurong West,Referral,Small,Household,206.87,0,0
ENQ-02922,2025-12-21,Southern Islands,Referral,Small,Student/Expats,198.6,0,0
ENQ-02923,2025-03-18,Mandai,Google Search,Small,Household,203.17,0,0
ENQ-02924,2025-05-20,Queenstown,Google Search,Medium,SME,331.23,0,0
ENQ-02925,2025-11-04,Bukit Panjang,Meta Ads,Medium,Household,289.58,0,0
ENQ-02926,2025-05-13,Downtown Core,Partner,Small,Relocation,162.25,0,0
ENQ-02927,2025-11-29,Serangoon,Google Search,Small,Household,174.76,0,0
ENQ-02928,2025-05-14,Marina East,Meta Ads,Locker,Household,99.74,1,0
ENQ-02929,2025-11-29,Tengah,Google Search,Large,SME,458.86,0,0
ENQ-02930,2025-01-26,Tampines,Organic,Small,SME,188.63,0,0
ENQ-02931,2025-07-14,Lim Chu Kang,Google Search,Small,E-commerce,203.29,0,0
ENQ-02932,2025-06-23,Central Water Catchment,Partner,Small,Household,185.64,0,0
ENQ-02933,2025-12-09,Pasir Ris,Partner,Medium,Household,267.83,0,0
ENQ-02934,2025-02-11,Sungei Kadut,Meta Ads,Large,SME,512.54,0,0
ENQ-02935,2025-04-07,Queenstown,Organic,Large,Household,434.14,0,0
ENQ-02936,2025-06-19,Serangoon,Meta Ads,Small,SME,167.89,0,0
ENQ-02937,2025-12-30,North-Eastern Islands,Google Search,Medium,Household,265.55,1,0
ENQ-02938,2025-03-11,Lim Chu Kang,Walk-in,Small,E-commerce,180.28,1,0
ENQ-02939,2025-09-02,Straits View,Google Search,Medium,Relocation,315.43,0,0
ENQ-02940,2025-01-18,Simpang,Meta Ads,Small,SME,174.71,1,0
ENQ-02941,2025-10-11,Bukit Timah,Google Search,Medium,Household,264.68,0,0
ENQ-02942,2025-04-09,Serangoon,Organic,Small,Household,177.05,0,0
ENQ-02943,2025-04-23,Tampines,Meta Ads,Large,Household,483.35,0,0
ENQ-02944,2025-12-27,Ang Mo Kio,Google Search,Large,Household,494.07,0,0
ENQ-02945,2025-02-27,Sembawang,Meta Ads,Small,Household,196.71,0,0
ENQ-02946,2025-05-07,Tuas,Partner,Medium,Relocation,320.54,0,0
ENQ-02947,2025-05-13,Southern Islands,Walk-in,Locker,E-commerce,88.63,0,0
ENQ-02948,2025-07-06,Sembawang,Meta Ads,Medium,SME,283.64,0,0
ENQ-02949,2025-12-17,Queenstown,Organic,Small,SME,197.8,1,0
ENQ-02950,2025-10-11,Toa Payoh,Walk-in,Medium,E-commerce,309.94,0,0
ENQ-02951,2025-07-23,Punggol,Meta Ads,Small,E-commerce,205.9,0,0
ENQ-02952,2025-01-07,Punggol,Walk-in,Locker,Household,89.12,0,0
ENQ-02953,2025-05-17,Yishun,Organic,Small,Household,178.42,0,0
ENQ-02954,2025-05-16,Tampines,Google Search,Small,E-commerce,196.75,0,0
ENQ-02955,2025-03-28,Seletar,Google Search,Locker,Household,85.29,1,0
ENQ-02956,2025-01-30,Kallang,Referral,Small,Relocation,187.81,0,0
ENQ-02957,2025-01-30,Lim Chu Kang,Organic,Medium,Household,322.8,0,0
ENQ-02958,2025-09-01,Sungei Kadut,Organic,Small,SME,177.78,0,0
ENQ-02959,2025-05-01,Southern Islands,Google Search,Medium,E-commerce,306.69,0,0
ENQ-02960,2025-05-08,Straits View,Meta Ads,Medium,Student/Expats,301.08,0,0
ENQ-02961,2025-07-24,Sembawang,Referral,Small,Relocation,191.81,1,0
ENQ-02962,2025-12-01,Museum,Partner,Small,SME,196.6,1,0
ENQ-02963,2025-07-25,Pioneer,Google Search,Small,SME,166.73,0,0
ENQ-02964,2025-11-02,Southern Islands,Meta Ads,Small,Household,192.86,1,0
ENQ-02965,2025-06-06,Toa Payoh,Organic,Small,Household,206.28,1,0
ENQ-02966,2025-07-28,Jurong West,Google Search,Small,Household,173.6,0,0
ENQ-02967,2025-02-06,Rochor,Meta Ads,Medium,Household,294.33,0,0
ENQ-02968,2025-05-27,Bukit Batok,Google Search,Small,Household,200.05,1,0
ENQ-02969,2025-02-06,Bukit Merah,Google Search,Small,Household,169.98,0,0
ENQ-02970,2025-08-12,Sembawang,Walk-in,Locker,Student/Expats,81.35,0,0
ENQ-02971,2025-09-20,Bishan,Referral,Small,SME,178.25,0,0
ENQ-02972,2025-10-25,Jurong West,Walk-in,Large,Relocation,515.35,0,0
ENQ-02973,2025-07-11,Queenstown,Organic,Large,Household,436.89,0,0
ENQ-02974,2025-06-12,Bishan,Google Search,Medium,Student/Expats,315.65,0,0
ENQ-02975,2025-12-13,Bishan,Organic,Large,E-commerce,478.85,0,0
ENQ-02976,2025-05-13,Simpang,Meta Ads,Small,SME,201.33,0,0
ENQ-02977,2025-09-06,Tampines,Meta Ads,Small,Household,198.5,0,0
ENQ-02978,2025-06-20,Ang Mo Kio,Meta Ads,Medium,Student/Expats,325.92,1,0
ENQ-02979,2025-08-21,Changi Bay,Partner,Locker,Household,89.14,0,0
ENQ-02980,2025-12-16,North-Eastern Islands,Google Search,Small,Household,198.0,0,0
ENQ-02981,2025-08-02,Tampines,Google Search,Locker,Household,86.74,1,0
ENQ-02982,2025-01-22,Singapore River,Organic,Large,Household,415.83,0,0
ENQ-02983,2025-12-09,Seletar,Google Search,Locker,Household,91.41,0,0
ENQ-02984,2025-06-06,Orchard,Meta Ads,Small,Household,206.89,0,0
ENQ-02985,2025-12-30,Pasir Ris,Organic,Small,Household,169.02,0,0
ENQ-02986,2025-11-07,Marina South,Meta Ads,Large,Student/Expats,527.48,0,0
ENQ-02987,2025-03-20,Straits View,Meta Ads,Locker,SME,101.65,0,0
ENQ-02988,2025-03-10,Mandai,Google Search,Small,Household,186.51,0,0
ENQ-02989,2025-01-14,Tampines,Meta Ads,Large,Household,517.83,0,0
ENQ-02990,2025-02-28,Yishun,Google Search,Medium,Household,280.2,1,0
ENQ-02991,2025-12-02,Tuas,Meta Ads,Medium,Relocation,328.18,0,0
ENQ-02992,2025-06-21,Yishun,Walk-in,Small,Student/Expats,182.33,1,0
ENQ-02993,2025-02-01,Rochor,Referral,Locker,E-commerce,96.42,0,0
ENQ-02994,2025-04-14,Tuas,Meta Ads,Small,Household,182.21,0,0
ENQ-02995,2025-07-24,Straits View,Partner,Large,Household,417.69,0,0
ENQ-02996,2025-05-13,Geylang,Organic,Medium,Household,299.83,0,0
ENQ-02997,2025-08-05,Downtown Core,Organic,Medium,Household,308.69,1,0
ENQ-02998,2025-06-30,Sungei Kadut,Google Search,Small,Household,184.18,0,0
ENQ-02999,2025-02-23,Bukit Timah,Referral,Small,Household,165.08,0,0
ENQ-03000,2025-12-20,Sembawang,Meta Ads,Small,Household,169.82,1,0
ENQ-03001,2025-01-23,Tampines,Google Search,Medium,Household,284.66,0,0
ENQ-03002,2025-04-02,Marina East,Meta Ads,Medium,SME,270.25,0,0
ENQ-03003,2025-10-27,Simpang,Organic,Small,Household,162.51,0,0
ENQ-03004,2025-12-11,Novena,Google Search,Large,Household,513.99,0,0
ENQ-03005,2025-02-12,North-Eastern Islands,Walk-in,Small,Household,193.87,1,0
ENQ-03006,2025-08-06,Jurong West,Google Search,Large,Relocation,427.82,0,0
ENQ-03007,2025-12-25,Newton,Google Search,Medium,Household,316.38,0,0
ENQ-03008,2025-05-21,Changi Bay,Organic,Medium,Student/Expats,277.02,0,0
ENQ-03009,2025-04-12,Bukit Panjang,Google Search,Small,Household,168.07,0,0
ENQ-03010,2025-12-16,Marina South,Referral,Locker,Household,92.51,1,0
ENQ-03011,2025-05-20,Geylang,Organic,Medium,Student/Expats,289.9,0,0
ENQ-03012,2025-08-12,Bedok,Google Search,Small,Student/Expats,206.67,0,0
ENQ-03013,2025-10-17,North-Eastern Islands,Google Search,Medium,SME,285.37,0,0
ENQ-03014,2025-09-22,Changi Bay,Walk-in,Small,Relocation,173.2,0,0
ENQ-03015,2025-08-31,Hougang,Organic,Medium,E-commerce,267.54,0,0
ENQ-03016,2025-05-14,Museum,Google Search,Small,E-commerce,192.58,1,0
ENQ-03017,2025-07-10,Pioneer,Organic,Large,Household,510.68,0,0
ENQ-03018,2025-01-04,Singapore River,Google Search,Medium,Household,288.77,0,0
ENQ-03019,2025-01-11,Marina South,Organic,Medium,Household,329.19,1,0
ENQ-03020,2025-01-12,Orchard,Walk-in,Small,Household,196.38,1,0
ENQ-03021,2025-06-27,Changi Bay,Walk-in,Small,SME,180.91,0,0
ENQ-03022,2025-05-10,Simpang,Google Search,Medium,SME,281.99,0,0
ENQ-03023,2025-05-10,Seletar,Meta Ads,Medium,Household,261.6,0,0
ENQ-03024,2025-05-07,Queenstown,Meta Ads,Small,Household,194.12,0,1
ENQ-03025,2025-08-06,Bukit Batok,Google Search,Small,Household,180.46,1,0
ENQ-03026,2025-01-04,Tampines,Walk-in,Medium,Household,331.01,1,0
ENQ-03027,2025-04-05,Tanglin,Referral,Small,Household,185.05,0,0
ENQ-03028,2025-03-13,Rochor,Google Search,Medium,SME,286.99,0,0
ENQ-03029,2025-03-21,Novena,Referral,Locker,SME,88.52,0,0
ENQ-03030,2025-01-30,Seletar,Google Search,Locker,Student/Expats,96.16,0,0
ENQ-03031,2025-08-07,Downtown Core,Referral,Small,E-commerce,188.68,0,0
ENQ-03032,2025-08-08,Straits View,Referral,Large,Household,423.92,0,0
ENQ-03033,2025-10-23,Jurong East,Google Search,Medium,SME,318.29,1,0
ENQ-03034,2025-07-29,Hougang,Google Search,Small,Household,199.71,0,0
ENQ-03035,2025-12-16,Marina South,Meta Ads,Medium,Student/Expats,313.32,0,0
ENQ-03036,2025-07-17,Outram,Walk-in,Medium,Student/Expats,266.51,0,0
ENQ-03037,2025-08-14,Jurong West,Organic,Medium,E-commerce,274.01,0,1
ENQ-03038,2025-08-15,North-Eastern Islands,Partner,Locker,Household,101.13,0,0
ENQ-03039,2025-08-25,Rochor,Referral,Small,Relocation,170.21,0,0
ENQ-03040,2025-08-30,Hougang,Referral,Small,Household,202.17,0,0
ENQ-03041,2025-06-26,Sungei Kadut,Partner,Small,Relocation,197.15,0,0
ENQ-03042,2025-02-11,Novena,Referral,Medium,SME,285.67,1,0
ENQ-03043,2025-10-21,Boon Lay,Meta Ads,Medium,E-commerce,328.92,0,0
ENQ-03044,2025-04-02,Changi,Organic,Locker,Household,85.88,0,0
ENQ-03045,2025-09-08,Changi Bay,Meta Ads,Large,Household,466.86,0,0
ENQ-03046,2025-03-26,Tengah,Meta Ads,Locker,SME,81.47,1,0
ENQ-03047,2025-08-21,Tengah,Google Search,Locker,Household,89.98,0,0
ENQ-03048,2025-04-16,Tanglin,Partner,Medium,Household,295.59,0,0
ENQ-03049,2025-02-20,Bukit Timah,Walk-in,Medium,Household,296.61,0,0
ENQ-03050,2025-02-17,Hougang,Organic,Small,SME,190.82,0,1
ENQ-03051,2025-05-11,Seletar,Google Search,Small,Relocation,170.46,0,0
ENQ-03052,2025-01-26,Marine Parade,Partner,Locker,Household,85.2,0,0
ENQ-03053,2025-04-18,Marine Parade,Meta Ads,Small,Household,181.5,0,0
ENQ-03054,2025-10-16,Tanglin,Partner,Small,Relocation,202.72,1,0
ENQ-03055,2025-02-22,Toa Payoh,Google Search,Large,Household,483.62,0,0
ENQ-03056,2025-11-27,Bukit Merah,Google Search,Large,Household,431.15,0,0
ENQ-03057,2025-05-02,Mandai,Organic,Small,Student/Expats,187.23,0,0
ENQ-03058,2025-06-29,Bishan,Google Search,Medium,Student/Expats,301.65,0,0
ENQ-03059,2025-12-19,Marine Parade,Google Search,Locker,SME,95.38,0,0
ENQ-03060,2025-01-03,Kallang,Partner,Locker,SME,95.9,0,0
ENQ-03061,2025-09-01,Jurong East,Walk-in,Medium,Student/Expats,296.22,0,1
ENQ-03062,2025-11-08,North-Eastern Islands,Google Search,Small,Household,176.45,0,0
ENQ-03063,2025-12-04,Western Water Catchment,Referral,Large,Household,488.41,1,0
ENQ-03064,2025-06-02,Pioneer,Google Search,Medium,SME,301.4,1,1
ENQ-03065,2025-06-13,Downtown Core,Google Search,Small,SME,186.42,1,0
ENQ-03066,2025-07-18,Yishun,Organic,Medium,Household,311.04,0,0
ENQ-03067,2025-06-02,Marina East,Meta Ads,Large,Household,476.48,0,0
ENQ-03068,2025-10-07,Bukit Timah,Meta Ads,Large,E-commerce,432.39,0,0
ENQ-03069,2025-07-02,Southern Islands,Google Search,Large,SME,444.89,1,0
ENQ-03070,2025-02-05,Jurong West,Partner,Small,Household,187.11,0,0
ENQ-03071,2025-02-05,Tengah,Google Search,Medium,Household,289.3,0,0
ENQ-03072,2025-07-18,Queenstown,Google Search,Small,E-commerce,186.3,1,0
ENQ-03073,2025-08-15,Toa Payoh,Referral,Locker,Student/Expats,101.74,0,0
ENQ-03074,2025-04-07,Geylang,Organic,Large,E-commerce,523.07,0,0
ENQ-03075,2025-03-15,Geylang,Google Search,Medium,SME,299.82,0,0
ENQ-03076,2025-10-07,Museum,Meta Ads,Small,SME,185.28,0,0
ENQ-03077,2025-12-29,Ang Mo Kio,Walk-in,Small,SME,195.48,1,0
ENQ-03078,2025-02-04,Woodlands,Meta Ads,Small,E-commerce,206.72,0,0
ENQ-03079,2025-11-11,Yishun,Meta Ads,Small,Household,199.8,0,0
ENQ-03080,2025-08-25,Jurong West,Walk-in,Medium,SME,323.98,0,0
ENQ-03081,2025-12-26,Jurong West,Partner,Small,Household,205.69,0,0
ENQ-03082,2025-07-22,Tampines,Meta Ads,Locker,E-commerce,95.18,1,0
ENQ-03083,2025-12-26,Sungei Kadut,Google Search,Small,Household,177.73,0,0
ENQ-03084,2025-02-09,Western Water Catchment,Referral,Medium,Household,327.82,1,0
ENQ-03085,2025-02-16,North-Eastern Islands,Walk-in,Medium,Household,279.28,0,0
ENQ-03086,2025-12-06,Changi,Meta Ads,Small,Household,175.96,1,0
ENQ-03087,2025-07-02,Serangoon,Walk-in,Small,E-commerce,199.82,0,0
ENQ-03088,2025-04-10,Bukit Merah,Meta Ads,Locker,E-commerce,90.88,1,0
ENQ-03089,2025-07-15,Southern Islands,Walk-in,Small,Household,175.49,0,0
ENQ-03090,2025-02-05,Marine Parade,Google Search,Medium,E-commerce,275.86,0,0
ENQ-03091,2025-04-12,Museum,Referral,Locker,Household,85.76,1,0
ENQ-03092,2025-07-01,Novena,Organic,Large,E-commerce,487.83,0,0
ENQ-03093,2025-08-16,River Valley,Organic,Small,SME,176.69,0,1
ENQ-03094,2025-02-21,Marine Parade,Google Search,Small,Student/Expats,172.71,0,0
ENQ-03095,2025-11-15,Tanglin,Partner,Medium,Student/Expats,287.3,0,0
ENQ-03096,2025-07-14,Straits View,Walk-in,Medium,Relocation,293.61,0,0
ENQ-03097,2025-03-29,Jurong East,Google Search,Medium,E-commerce,280.8,1,0
ENQ-03098,2025-02-05,Geylang,Walk-in,Medium,Household,285.84,0,0
ENQ-03099,2025-04-28,Singapore River,Google Search,Medium,Household,302.63,0,0
ENQ-03100,2025-09-08,Sungei Kadut,Organic,Large,Household,487.98,0,0
ENQ-03101,2025-10-28,Western Water Catchment,Partner,Medium,Household,267.35,0,0
ENQ-03102,2025-10-30,Newton,Meta Ads,Small,SME,177.3,1,0
ENQ-03103,2025-01-04,Southern Islands,Google Search,Locker,Household,88.83,0,0
ENQ-03104,2025-03-27,Rochor,Referral,Medium,Household,330.08,0,0
ENQ-03105,2025-03-28,Orchard,Organic,Small,Household,183.35,0,0
ENQ-03106,2025-12-23,Queenstown,Google Search,Small,Student/Expats,201.57,0,0
ENQ-03107,2025-12-29,Simpang,Partner,Locker,SME,95.3,0,0
ENQ-03108,2025-01-07,Sengkang,Partner,Large,Relocation,416.29,1,0
ENQ-03109,2025-07-22,Straits View,Meta Ads,Large,SME,508.86,0,0
ENQ-03110,2025-04-28,Straits View,Google Search,Medium,Relocation,314.94,0,0
ENQ-03111,2025-03-08,Clementi,Google Search,Small,Student/Expats,178.98,0,0
ENQ-03112,2025-12-09,Marina East,Walk-in,Locker,E-commerce,94.96,0,0
ENQ-03113,2025-08-18,Novena,Referral,Locker,SME,98.6,0,0
ENQ-03114,2025-03-21,Sembawang,Google Search,Small,Student/Expats,206.01,0,0
ENQ-03115,2025-08-22,Simpang,Google Search,Small,Household,183.38,1,0
ENQ-03116,2025-05-28,Marine Parade,Walk-in,Small,SME,193.28,0,0
ENQ-03117,2025-08-21,Serangoon,Meta Ads,Large,Household,448.62,0,0
ENQ-03118,2025-08-29,Straits View,Google Search,Large,Household,420.9,0,0
ENQ-03119,2025-01-11,Bukit Merah,Organic,Large,Relocation,431.28,1,0
ENQ-03120,2025-05-30,Boon Lay,Organic,Locker,Household,81.09,0,0
ENQ-03121,2025-11-20,Sungei Kadut,Walk-in,Small,Household,176.6,0,0
ENQ-03122,2025-05-11,Singapore River,Walk-in,Locker,E-commerce,102.38,0,0
ENQ-03123,2025-09-20,Seletar,Organic,Medium,Student/Expats,327.47,0,0
ENQ-03124,2025-07-15,Pasir Ris,Google Search,Medium,Household,266.81,0,0
ENQ-03125,2025-08-16,Serangoon,Referral,Small,SME,203.14,1,0
ENQ-03126,2025-07-09,Seletar,Organic,Medium,Relocation,267.49,0,0
ENQ-03127,2025-01-30,Kallang,Partner,Medium,Household,278.18,0,0
ENQ-03128,2025-06-20,Queenstown,Organic,Medium,Student/Expats,316.32,0,0
ENQ-03129,2025-06-28,Pasir Ris,Meta Ads,Medium,E-commerce,293.75,0,0
ENQ-03130,2025-08-20,Downtown Core,Walk-in,Small,SME,205.18,0,0
ENQ-03131,2025-07-19,Pasir Ris,Organic,Small,SME,194.66,0,0
ENQ-03132,2025-05-22,Marina South,Referral,Small,Household,184.8,0,0
ENQ-03133,2025-03-17,Queenstown,Meta Ads,Small,Household,198.25,0,0
ENQ-03134,2025-06-16,Clementi,Meta Ads,Medium,Household,317.15,0,0
ENQ-03135,2025-04-21,Seletar,Referral,Small,Household,164.09,0,0
ENQ-03136,2025-04-25,Boon Lay,Organic,Medium,Student/Expats,326.26,1,0
ENQ-03137,2025-12-10,Marina South,Organic,Small,Household,198.51,0,0
ENQ-03138,2025-08-05,Punggol,Google Search,Small,Household,185.52,0,0
ENQ-03139,2025-02-10,Singapore River,Meta Ads,Small,Household,190.98,0,0
ENQ-03140,2025-03-17,Pioneer,Google Search,Small,Household,178.71,0,0
ENQ-03141,2025-12-22,River Valley,Organic,Medium,SME,313.63,0,0
ENQ-03142,2025-03-04,Jurong West,Meta Ads,Medium,Household,272.77,0,0
ENQ-03143,2025-12-11,Simpang,Referral,Medium,SME,322.0,1,0
ENQ-03144,2025-05-03,Downtown Core,Meta Ads,Small,Student/Expats,203.88,0,0
ENQ-03145,2025-06-18,Bukit Timah,Organic,Small,Household,206.05,1,0
ENQ-03146,2025-10-23,Central Water Catchment,Google Search,Locker,SME,102.72,1,0
ENQ-03147,2025-11-17,Changi Bay,Meta Ads,Medium,Household,314.14,1,0
ENQ-03148,2025-05-10,River Valley,Google Search,Small,Household,166.49,0,0
ENQ-03149,2025-01-21,Pioneer,Google Search,Locker,E-commerce,87.94,0,0
ENQ-03150,2025-06-22,Southern Islands,Walk-in,Small,E-commerce,177.66,1,1
ENQ-03151,2025-12-17,Bishan,Organic,Locker,Household,97.91,0,0
ENQ-03152,2025-02-23,Southern Islands,Google Search,Small,SME,191.5,0,0
ENQ-03153,2025-08-17,Yishun,Organic,Medium,Household,320.3,0,0
ENQ-03154,2025-07-03,Yishun,Referral,Medium,SME,324.85,0,0
ENQ-03155,2025-07-17,Clementi,Google Search,Small,Household,202.9,0,0
ENQ-03156,2025-06-23,Changi,Google Search,Locker,Household,94.72,0,0
ENQ-03157,2025-11-16,Jurong East,Referral,Small,Student/Expats,164.69,1,0
ENQ-03158,2025-11-25,Southern Islands,Meta Ads,Medium,Household,308.5,0,0
ENQ-03159,2025-04-29,Clementi,Referral,Medium,Household,292.27,0,0
ENQ-03160,2025-05-12,Rochor,Organic,Locker,SME,86.04,0,0
ENQ-03161,2025-10-13,Bishan,Meta Ads,Small,Household,189.83,0,0
ENQ-03162,2025-06-05,Tanglin,Walk-in,Locker,Household,102.54,1,0
ENQ-03163,2025-06-03,Bukit Batok,Walk-in,Small,Household,193.74,1,0
ENQ-03164,2025-03-26,Bedok,Organic,Large,SME,458.37,1,0
ENQ-03165,2025-10-28,Kallang,Meta Ads,Small,SME,185.12,0,0
ENQ-03166,2025-10-26,Central Water Catchment,Google Search,Locker,SME,97.62,0,0
ENQ-03167,2025-08-23,Jurong West,Meta Ads,Small,SME,185.25,1,1
ENQ-03168,2025-12-12,Orchard,Partner,Small,E-commerce,188.17,0,0
ENQ-03169,2025-11-28,Tuas,Partner,Medium,Household,332.35,0,0
ENQ-03170,2025-03-18,Ang Mo Kio,Organic,Small,Household,162.01,0,0
ENQ-03171,2025-05-05,River Valley,Walk-in,Locker,Household,94.88,0,0
ENQ-03172,2025-05-22,Choa Chu Kang,Organic,Medium,Household,310.71,0,0
ENQ-03173,2025-09-25,Mandai,Meta Ads,Locker,SME,86.6,0,0
ENQ-03174,2025-08-27,Serangoon,Referral,Small,Household,204.74,0,0
ENQ-03175,2025-11-21,Bukit Panjang,Google Search,Medium,SME,307.01,0,1
ENQ-03176,2025-06-03,Straits View,Google Search,Small,Relocation,194.96,1,0
ENQ-03177,2025-11-04,Mandai,Partner,Medium,E-commerce,304.04,0,0
ENQ-03178,2025-12-23,Bukit Timah,Meta Ads,Locker,Household,81.96,0,0
ENQ-03179,2025-06-18,Jurong East,Google Search,Medium,E-commerce,272.3,0,0
ENQ-03180,2025-11-17,Bedok,Walk-in,Small,Relocation,197.05,1,0
ENQ-03181,2025-01-27,Tampines,Google Search,Locker,E-commerce,97.33,0,0
ENQ-03182,2025-04-24,Tanglin,Google Search,Large,Household,417.62,0,0
ENQ-03183,2025-10-31,North-Eastern Islands,Meta Ads,Medium,Household,273.93,1,0
ENQ-03184,2025-12-17,Lim Chu Kang,Meta Ads,Locker,E-commerce,83.67,0,0
ENQ-03185,2025-08-03,Punggol,Partner,Small,Household,193.59,0,0
ENQ-03186,2025-03-16,Sengkang,Referral,Large,E-commerce,484.31,1,0
ENQ-03187,2025-01-24,Novena,Meta Ads,Medium,Student/Expats,279.09,0,0
ENQ-03188,2025-10-25,Changi Bay,Walk-in,Locker,Student/Expats,98.44,0,0
ENQ-03189,2025-09-01,Marine Parade,Meta Ads,Locker,SME,87.46,1,0
ENQ-03190,2025-11-14,Downtown Core,Meta Ads,Small,E-commerce,170.7,0,0
ENQ-03191,2025-05-06,River Valley,Organic,Small,Household,172.48,0,0
ENQ-03192,2025-08-24,Marina East,Meta Ads,Medium,Household,302.91,0,0
ENQ-03193,2025-11-28,Sembawang,Partner,Small,SME,202.42,0,0
ENQ-03194,2025-10-15,Lim Chu Kang,Organic,Large,Student/Expats,417.34,0,0
ENQ-03195,2025-02-08,Newton,Google Search,Small,Student/Expats,181.78,1,0
ENQ-03196,2025-06-09,Serangoon,Referral,Medium,E-commerce,321.52,0,1
ENQ-03197,2025-04-01,Yishun,Google Search,Small,Household,164.39,0,0
ENQ-03198,2025-12-04,Kallang,Organic,Medium,SME,313.75,0,0
ENQ-03199,2025-05-29,Marine Parade,Meta Ads,Large,SME,414.13,0,0
ENQ-03200,2025-02-18,Seletar,Organic,Small,E-commerce,192.15,0,0
ENQ-03201,2025-11-08,Toa Payoh,Partner,Small,Household,167.22,1,0
ENQ-03202,2025-04-24,Simpang,Organic,Small,Household,197.54,0,0
ENQ-03203,2025-12-09,Novena,Organic,Medium,Household,275.2,0,0
ENQ-03204,2025-11-01,Serangoon,Organic,Medium,Household,306.91,0,0
ENQ-03205,2025-11-13,Sengkang,Partner,Medium,Household,294.04,0,0
ENQ-03206,2025-02-15,Changi,Google Search,Medium,Household,318.94,1,0
ENQ-03207,2025-09-18,Yishun,Partner,Medium,Household,299.72,0,0
ENQ-03208,2025-06-04,Changi,Google Search,Small,SME,165.1,0,0
ENQ-03209,2025-08-19,Tanglin,Google Search,Medium,Household,312.75,0,0
ENQ-03210,2025-07-28,Sembawang,Meta Ads,Small,Household,172.4,0,0
ENQ-03211,2025-01-30,Marine Parade,Partner,Medium,E-commerce,329.04,0,0
ENQ-03212,2025-06-19,Pioneer,Google Search,Large,SME,439.03,0,0
ENQ-03213,2025-12-09,Southern Islands,Google Search,Large,Relocation,429.91,0,0
ENQ-03214,2025-01-26,Sungei Kadut,Meta Ads,Medium,Household,305.23,0,0
ENQ-03215,2025-09-16,Hougang,Google Search,Small,E-commerce,191.54,1,0
ENQ-03216,2025-11-07,Tampines,Walk-in,Locker,Household,88.84,0,0
ENQ-03217,2025-01-07,Tanglin,Google Search,Small,Household,181.44,1,0
ENQ-03218,2025-12-16,Bishan,Referral,Small,Household,188.55,1,0
ENQ-03219,2025-07-19,Southern Islands,Google Search,Locker,Household,99.08,0,0
ENQ-03220,2025-06-19,Tuas,Organic,Medium,E-commerce,314.3,0,0
ENQ-03221,2025-09-29,North-Eastern Islands,Walk-in,Medium,Household,311.49,0,0
ENQ-03222,2025-01-06,Marine Parade,Google Search,Medium,E-commerce,280.98,0,0
ENQ-03223,2025-06-23,Geylang,Organic,Locker,Student/Expats,97.28,0,0
ENQ-03224,2025-11-18,Marine Parade,Walk-in,Medium,Household,329.55,1,0
ENQ-03225,2025-01-22,Toa Payoh,Partner,Small,Relocation,162.32,1,0
ENQ-03226,2025-11-01,Yishun,Google Search,Medium,Household,311.19,0,0
ENQ-03227,2025-06-03,Punggol,Meta Ads,Locker,Household,100.49,0,0
ENQ-03228,2025-01-22,Jurong East,Referral,Small,Household,171.73,0,0
ENQ-03229,2025-12-06,Orchard,Partner,Medium,Household,329.99,0,0
ENQ-03230,2025-02-28,Tanglin,Walk-in,Locker,Household,91.4,0,0
ENQ-03231,2025-04-16,Kallang,Organic,Locker,Household,95.19,1,0
ENQ-03232,2025-01-21,Novena,Meta Ads,Medium,E-commerce,292.97,0,0
ENQ-03233,2025-12-11,Choa Chu Kang,Google Search,Small,SME,168.87,0,0
ENQ-03234,2025-07-17,Simpang,Referral,Small,Student/Expats,188.39,0,0
ENQ-03235,2025-12-30,Punggol,Walk-in,Small,Household,206.24,1,1
ENQ-03236,2025-03-31,Bukit Timah,Partner,Small,Household,202.48,0,0
ENQ-03237,2025-05-29,Sengkang,Google Search,Locker,SME,89.83,0,0
ENQ-03238,2025-03-04,Singapore River,Organic,Medium,Student/Expats,305.75,0,0
ENQ-03239,2025-12-14,North-Eastern Islands,Meta Ads,Medium,SME,296.85,1,0
ENQ-03240,2025-12-15,Jurong West,Walk-in,Small,Student/Expats,182.41,0,0
ENQ-03241,2025-03-27,River Valley,Google Search,Large,SME,475.13,0,0
ENQ-03242,2025-04-19,Woodlands,Organic,Locker,Household,82.39,0,0
ENQ-03243,2025-03-30,Southern Islands,Referral,Locker,Household,85.26,0,1
ENQ-03244,2025-06-22,Straits View,Google Search,Large,Household,448.83,0,0
ENQ-03245,2025-09-10,Rochor,Google Search,Medium,Student/Expats,272.67,0,0
ENQ-03246,2025-05-22,Kallang,Google Search,Medium,E-commerce,306.28,1,0
ENQ-03247,2025-12-08,Tanglin,Google Search,Medium,SME,332.79,0,0
ENQ-03248,2025-09-13,Bedok,Organic,Medium,Student/Expats,316.77,1,0
ENQ-03249,2025-01-26,Simpang,Google Search,Small,Student/Expats,181.79,0,0
ENQ-03250,2025-09-23,Toa Payoh,Meta Ads,Small,SME,196.81,0,0
ENQ-03251,2025-11-03,Clementi,Walk-in,Large,Household,505.66,0,0
ENQ-03252,2025-01-16,Sengkang,Walk-in,Medium,Household,304.28,0,0
ENQ-03253,2025-10-08,Sungei Kadut,Walk-in,Medium,Household,294.78,0,0
ENQ-03254,2025-10-16,Tuas,Meta Ads,Small,SME,186.48,0,0
ENQ-03255,2025-09-04,Jurong West,Google Search,Small,Household,202.72,0,1
ENQ-03256,2025-04-21,Bedok,Google Search,Locker,Household,102.8,0,0
ENQ-03257,2025-04-24,Marine Parade,Google Search,Small,E-commerce,181.88,0,0
ENQ-03258,2025-03-23,Jurong East,Referral,Medium,Household,298.78,0,0
ENQ-03259,2025-01-10,Pasir Ris,Referral,Small,E-commerce,206.72,0,0
ENQ-03260,2025-05-28,Bukit Merah,Meta Ads,Small,Relocation,177.0,0,0
ENQ-03261,2025-11-10,Sungei Kadut,Meta Ads,Small,Household,170.06,0,0
ENQ-03262,2025-06-16,North-Eastern Islands,Referral,Medium,Household,331.0,0,0
ENQ-03263,2025-01-19,Sengkang,Google Search,Medium,Household,317.47,0,0
ENQ-03264,2025-02-27,Boon Lay,Google Search,Small,Student/Expats,200.87,0,0
ENQ-03265,2025-05-22,Ang Mo Kio,Organic,Locker,Household,99.48,0,0
ENQ-03266,2025-08-28,Lim Chu Kang,Organic,Small,E-commerce,182.86,0,0
ENQ-03267,2025-07-09,Pioneer,Meta Ads,Locker,SME,83.15,0,0
ENQ-03268,2025-02-08,Changi Bay,Organic,Small,Household,192.35,1,0
ENQ-03269,2025-02-20,Geylang,Walk-in,Small,Household,200.42,0,0
ENQ-03270,2025-06-24,Bukit Panjang,Google Search,Small,Household,186.44,0,0
ENQ-03271,2025-10-09,Bukit Batok,Meta Ads,Small,Household,177.86,0,0
ENQ-03272,2025-01-13,Clementi,Google Search,Small,SME,178.34,0,0
ENQ-03273,2025-06-10,Geylang,Partner,Small,Student/Expats,162.07,0,0
ENQ-03274,2025-11-12,Bukit Merah,Organic,Medium,Relocation,321.02,0,0
ENQ-03275,2025-07-03,Tampines,Partner,Locker,Household,89.78,0,1
ENQ-03276,2025-02-08,Museum,Organic,Medium,Household,302.29,0,0
ENQ-03277,2025-12-10,Changi Bay,Google Search,Medium,Student/Expats,282.78,1,0
ENQ-03278,2025-08-13,Bishan,Google Search,Small,Household,177.93,1,0
ENQ-03279,2025-07-11,Boon Lay,Meta Ads,Medium,Household,292.78,0,0
ENQ-03280,2025-02-19,Bishan,Walk-in,Small,Household,189.16,1,0
ENQ-03281,2025-05-05,Geylang,Meta Ads,Locker,E-commerce,82.84,0,0
ENQ-03282,2025-04-15,North-Eastern Islands,Meta Ads,Medium,Household,265.56,0,0
ENQ-03283,2025-07-03,Tengah,Partner,Medium,SME,324.75,0,0
ENQ-03284,2025-11-10,Bukit Batok,Meta Ads,Small,Student/Expats,186.03,1,0
ENQ-03285,2025-06-16,Pasir Ris,Meta Ads,Small,SME,173.99,0,0
ENQ-03286,2025-01-30,Kallang,Google Search,Medium,Household,269.66,1,0
ENQ-03287,2025-04-05,Marine Parade,Google Search,Small,Relocation,203.71,1,0
ENQ-03288,2025-04-19,North-Eastern Islands,Organic,Large,Student/Expats,414.52,0,0
ENQ-03289,2025-02-22,Toa Payoh,Meta Ads,Medium,Household,321.9,0,0
ENQ-03290,2025-05-05,Seletar,Google Search,Locker,Household,84.86,1,0
ENQ-03291,2025-06-17,Tengah,Referral,Small,Household,165.32,1,0
ENQ-03292,2025-11-05,Yishun,Google Search,Medium,SME,295.17,0,0
ENQ-03293,2025-05-17,North-Eastern Islands,Referral,Medium,Relocation,276.58,0,0
ENQ-03294,2025-03-20,North-Eastern Islands,Google Search,Small,Household,189.11,1,0
ENQ-03295,2025-08-11,Pasir Ris,Walk-in,Large,E-commerce,481.04,0,0
ENQ-03296,2025-12-20,Geylang,Organic,Locker,Household,96.2,0,0
ENQ-03297,2025-08-10,Punggol,Walk-in,Medium,Household,268.05,0,0
ENQ-03298,2025-04-30,Hougang,Google Search,Large,SME,417.32,0,0
ENQ-03299,2025-09-25,Geylang,Google Search,Small,E-commerce,200.11,0,0
ENQ-03300,2025-09-27,River Valley,Walk-in,Medium,Student/Expats,304.9,0,1
ENQ-03301,2025-12-08,Pioneer,Google Search,Locker,SME,102.16,1,0
ENQ-03302,2025-01-13,Downtown Core,Google Search,Small,Relocation,204.25,0,0
ENQ-03303,2025-04-07,Tuas,Google Search,Small,E-commerce,187.31,0,0
ENQ-03304,2025-03-30,Bukit Timah,Organic,Locker,Household,100.2,0,1
ENQ-03305,2025-09-09,Bishan,Google Search,Small,Household,195.74,0,0
ENQ-03306,2025-11-24,Choa Chu Kang,Meta Ads,Medium,E-commerce,296.24,0,0
ENQ-03307,2025-06-27,Central Water Catchment,Google Search,Large,Household,466.47,1,0
ENQ-03308,2025-04-04,Downtown Core,Walk-in,Medium,Household,304.63,1,0
ENQ-03309,2025-10-12,Central Water Catchment,Walk-in,Locker,SME,81.22,0,0
ENQ-03310,2025-06-25,Newton,Meta Ads,Medium,Household,261.32,0,0
ENQ-03311,2025-01-24,Pioneer,Walk-in,Small,Student/Expats,201.32,0,0
ENQ-03312,2025-06-30,Simpang,Referral,Small,Household,204.58,0,0
ENQ-03313,2025-04-28,Lim Chu Kang,Google Search,Small,Relocation,202.13,0,0
ENQ-03314,2025-10-13,Marina East,Google Search,Medium,Household,276.93,0,0
ENQ-03315,2025-09-06,Jurong West,Meta Ads,Small,SME,204.7,0,0
ENQ-03316,2025-09-28,Boon Lay,Partner,Small,Relocation,180.63,0,0
ENQ-03317,2025-03-06,Sungei Kadut,Meta Ads,Medium,Student/Expats,277.61,0,0
ENQ-03318,2025-07-16,Tanglin,Organic,Small,Household,190.04,0,0
ENQ-03319,2025-08-15,River Valley,Meta Ads,Small,E-commerce,182.94,0,0
ENQ-03320,2025-09-03,Seletar,Referral,Small,Household,167.59,0,0
ENQ-03321,2025-09-22,Bukit Panjang,Google Search,Small,Relocation,171.36,0,0
ENQ-03322,2025-01-26,Pasir Ris,Organic,Locker,Household,102.86,0,0
ENQ-03323,2025-08-26,Bukit Merah,Partner,Locker,Household,82.63,1,0
ENQ-03324,2025-08-19,Downtown Core,Meta Ads,Small,Household,190.81,0,0
ENQ-03325,2025-01-16,Geylang,Meta Ads,Small,Household,176.82,0,0
ENQ-03326,2025-12-29,Bukit Merah,Referral,Small,Relocation,190.59,0,0
ENQ-03327,2025-12-16,Jurong West,Google Search,Medium,Relocation,290.76,1,0
ENQ-03328,2025-06-02,Western Water Catchment,Organic,Small,Household,187.67,0,0
ENQ-03329,2025-07-20,Choa Chu Kang,Meta Ads,Large,SME,419.68,0,0
ENQ-03330,2025-05-17,Marina East,Meta Ads,Small,Household,165.63,0,0
ENQ-03331,2025-02-02,Orchard,Google Search,Large,Student/Expats,446.86,0,0
ENQ-03332,2025-04-28,Bukit Panjang,Referral,Medium,Household,301.06,0,0
ENQ-03333,2025-05-30,Ang Mo Kio,Meta Ads,Locker,Household,98.35,0,0
ENQ-03334,2025-09-07,Novena,Partner,Small,E-commerce,171.26,0,0
ENQ-03335,2025-03-15,Sembawang,Referral,Small,SME,182.74,0,0
ENQ-03336,2025-02-04,Simpang,Meta Ads,Locker,SME,91.3,0,0
ENQ-03337,2025-04-16,North-Eastern Islands,Referral,Medium,Student/Expats,274.49,1,0
ENQ-03338,2025-06-04,Mandai,Organic,Locker,Household,82.45,1,0
ENQ-03339,2025-10-28,Woodlands,Walk-in,Locker,Household,82.88,0,0
ENQ-03340,2025-08-03,Marina East,Walk-in,Large,Household,463.71,0,0
ENQ-03341,2025-05-19,Marina South,Meta Ads,Small,SME,169.81,0,0
ENQ-03342,2025-11-14,Bishan,Walk-in,Small,SME,192.36,0,0
ENQ-03343,2025-11-29,Woodlands,Organic,Locker,SME,85.96,0,0
ENQ-03344,2025-07-18,Marine Parade,Meta Ads,Medium,E-commerce,332.43,0,0
ENQ-03345,2025-05-11,Southern Islands,Meta Ads,Medium,Household,320.27,0,0
ENQ-03346,2025-12-26,Marina South,Meta Ads,Medium,SME,264.24,0,0
ENQ-03347,2025-05-12,Seletar,Organic,Small,Household,187.31,0,0
ENQ-03348,2025-12-28,Punggol,Referral,Medium,Household,330.13,0,0
ENQ-03349,2025-12-06,Changi,Google Search,Small,SME,193.31,0,0
ENQ-03350,2025-11-15,Sungei Kadut,Partner,Large,Household,417.83,0,0
ENQ-03351,2025-10-02,Hougang,Google Search,Small,E-commerce,203.59,0,0
ENQ-03352,2025-12-14,Queenstown,Partner,Small,SME,189.28,0,0
ENQ-03353,2025-02-11,Lim Chu Kang,Google Search,Medium,E-commerce,303.8,0,0
ENQ-03354,2025-11-21,Lim Chu Kang,Partner,Small,Household,183.22,0,0
ENQ-03355,2025-07-22,Bukit Panjang,Meta Ads,Large,Household,495.44,1,0
ENQ-03356,2025-12-30,Simpang,Referral,Medium,Household,279.36,1,0
ENQ-03357,2025-09-08,Serangoon,Walk-in,Medium,Relocation,296.66,0,0
ENQ-03358,2025-07-05,Newton,Referral,Small,SME,175.97,0,0
ENQ-03359,2025-09-01,Museum,Walk-in,Medium,Household,275.45,0,0
ENQ-03360,2025-05-21,Rochor,Meta Ads,Locker,Household,85.81,0,0
ENQ-03361,2025-07-12,Sembawang,Organic,Small,SME,167.79,0,0
ENQ-03362,2025-01-25,Jurong West,Google Search,Medium,Household,284.52,1,1
ENQ-03363,2025-10-03,Boon Lay,Meta Ads,Medium,Household,264.46,1,0
ENQ-03364,2025-12-25,Changi,Google Search,Medium,Household,307.69,0,0
ENQ-03365,2025-04-13,Serangoon,Organic,Small,Household,177.78,1,1
ENQ-03366,2025-08-19,Rochor,Walk-in,Medium,Household,280.29,0,0
ENQ-03367,2025-11-27,Southern Islands,Google Search,Medium,Household,307.44,0,0
ENQ-03368,2025-03-23,Queenstown,Google Search,Small,Household,162.27,1,0
ENQ-03369,2025-05-17,Yishun,Meta Ads,Medium,Household,290.35,0,0
ENQ-03370,2025-05-18,Seletar,Partner,Small,Household,181.13,0,0
ENQ-03371,2025-09-15,Downtown Core,Organic,Locker,Household,88.42,0,0
ENQ-03372,2025-07-12,Kallang,Partner,Small,E-commerce,191.41,0,0
ENQ-03373,2025-12-02,Singapore River,Partner,Small,Household,206.92,1,0
ENQ-03374,2025-08-24,Jurong West,Walk-in,Medium,SME,269.26,0,0
ENQ-03375,2025-08-02,Choa Chu Kang,Meta Ads,Large,E-commerce,475.3,0,0
ENQ-03376,2025-02-14,Singapore River,Google Search,Medium,Household,269.55,0,0
ENQ-03377,2025-04-22,Tanglin,Google Search,Small,Relocation,166.26,1,0
ENQ-03378,2025-12-29,Bedok,Walk-in,Small,Household,181.15,0,0
ENQ-03379,2025-12-28,Jurong East,Referral,Medium,Student/Expats,295.42,0,0
ENQ-03380,2025-05-24,Marina East,Meta Ads,Small,E-commerce,170.73,0,0
ENQ-03381,2025-02-21,Jurong East,Organic,Small,Household,185.07,0,0
ENQ-03382,2025-01-07,Sengkang,Google Search,Locker,SME,91.12,0,0
ENQ-03383,2025-04-24,Jurong East,Referral,Medium,Relocation,299.99,1,0
ENQ-03384,2025-05-14,Newton,Referral,Medium,Household,279.49,0,0
ENQ-03385,2025-11-26,Tuas,Google Search,Large,E-commerce,471.95,0,0
ENQ-03386,2025-12-23,Outram,Meta Ads,Medium,SME,320.11,0,0
ENQ-03387,2025-07-06,Outram,Google Search,Large,Household,432.02,0,0
ENQ-03388,2025-07-22,Tuas,Organic,Large,E-commerce,431.97,1,0
ENQ-03389,2025-01-06,Singapore River,Walk-in,Small,SME,185.34,0,1
ENQ-03390,2025-10-04,Tuas,Organic,Medium,SME,299.97,0,0
ENQ-03391,2025-10-10,Lim Chu Kang,Google Search,Small,Household,169.19,1,0
ENQ-03392,2025-03-03,Punggol,Meta Ads,Small,Household,164.26,0,0
ENQ-03393,2025-04-11,North-Eastern Islands,Google Search,Medium,Household,273.17,1,0
ENQ-03394,2025-10-27,Mandai,Referral,Medium,Household,279.67,0,0
ENQ-03395,2025-03-08,Punggol,Google Search,Medium,Student/Expats,326.07,1,0
ENQ-03396,2025-09-30,Jurong East,Walk-in,Locker,E-commerce,85.08,0,0
ENQ-03397,2025-02-07,Serangoon,Google Search,Small,Student/Expats,183.04,0,0
ENQ-03398,2025-02-10,Mandai,Walk-in,Small,SME,162.45,0,0
ENQ-03399,2025-02-19,Marina South,Google Search,Small,Household,202.38,1,0
ENQ-03400,2025-12-03,Woodlands,Referral,Locker,SME,93.91,0,0
ENQ-03401,2025-12-25,Newton,Google Search,Medium,Student/Expats,282.82,0,0
ENQ-03402,2025-03-01,Rochor,Walk-in,Small,Relocation,200.94,0,0
ENQ-03403,2025-02-24,Kallang,Organic,Small,E-commerce,177.47,0,0
ENQ-03404,2025-08-02,North-Eastern Islands,Google Search,Small,E-commerce,197.43,0,0
ENQ-03405,2025-04-07,Marina South,Organic,Medium,Household,310.24,0,1
ENQ-03406,2025-12-30,Rochor,Google Search,Large,Student/Expats,474.9,1,0
ENQ-03407,2025-06-04,Changi,Walk-in,Large,Relocation,437.48,1,0
ENQ-03408,2025-02-23,Geylang,Meta Ads,Small,Household,182.15,0,0
ENQ-03409,2025-03-02,Western Water Catchment,Meta Ads,Small,Relocation,204.89,0,0
ENQ-03410,2025-01-25,Jurong West,Meta Ads,Small,Household,165.81,0,0
ENQ-03411,2025-03-15,Sungei Kadut,Referral,Locker,SME,88.28,0,0
ENQ-03412,2025-07-08,Tengah,Meta Ads,Locker,Household,90.51,0,0
ENQ-03413,2025-10-05,Queenstown,Google Search,Medium,SME,332.12,0,0
ENQ-03414,2025-06-08,Museum,Walk-in,Medium,Household,333.49,0,0
ENQ-03415,2025-10-03,Clementi,Organic,Locker,E-commerce,93.83,0,0
ENQ-03416,2025-12-17,Ang Mo Kio,Organic,Medium,Household,292.39,1,0
ENQ-03417,2025-07-05,Kallang,Walk-in,Locker,Household,94.34,0,0
ENQ-03418,2025-07-16,Bukit Timah,Organic,Locker,Student/Expats,99.86,0,0
ENQ-03419,2025-07-31,Bukit Merah,Walk-in,Small,SME,202.1,0,0
ENQ-03420,2025-02-21,Woodlands,Referral,Small,Household,167.62,0,0
ENQ-03421,2025-05-26,Sungei Kadut,Walk-in,Small,SME,171.94,0,0
ENQ-03422,2025-06-18,Sengkang,Google Search,Medium,SME,306.01,0,0
ENQ-03423,2025-03-12,Choa Chu Kang,Meta Ads,Small,Relocation,195.05,0,0
ENQ-03424,2025-12-21,Queenstown,Partner,Locker,Household,93.89,0,0
ENQ-03425,2025-07-07,Central Water Catchment,Meta Ads,Small,SME,195.39,0,0
ENQ-03426,2025-09-26,Choa Chu Kang,Walk-in,Small,Household,164.96,0,0
ENQ-03427,2025-10-10,Bukit Timah,Organic,Small,E-commerce,175.46,0,0
ENQ-03428,2025-02-21,Bukit Merah,Google Search,Large,SME,441.57,0,0
ENQ-03429,2025-11-04,Pasir Ris,Google Search,Medium,Household,332.67,1,0
ENQ-03430,2025-12-21,Southern Islands,Google Search,Small,Student/Expats,177.94,0,0
ENQ-03431,2025-09-13,Changi Bay,Google Search,Medium,Household,296.62,0,0
ENQ-03432,2025-11-10,North-Eastern Islands,Google Search,Locker,SME,82.42,0,0
ENQ-03433,2025-01-22,Ang Mo Kio,Google Search,Medium,SME,298.14,0,0
ENQ-03434,2025-07-02,Straits View,Google Search,Medium,SME,267.57,1,0
ENQ-03435,2025-06-04,Punggol,Walk-in,Small,Household,189.54,0,0
ENQ-03436,2025-12-05,Jurong West,Google Search,Small,Student/Expats,166.1,0,0
ENQ-03437,2025-05-20,Tuas,Meta Ads,Locker,Household,89.68,0,0
ENQ-03438,2025-08-18,Yishun,Google Search,Small,SME,181.43,0,0
ENQ-03439,2025-04-16,Tengah,Organic,Small,Household,206.05,0,0
ENQ-03440,2025-12-09,Tampines,Organic,Locker,SME,84.31,0,0
ENQ-03441,2025-06-15,Central Water Catchment,Google Search,Medium,Household,328.14,0,0
ENQ-03442,2025-01-28,Newton,Referral,Small,Student/Expats,166.03,0,0
ENQ-03443,2025-08-02,Tuas,Walk-in,Small,Household,195.36,1,0
ENQ-03444,2025-08-09,Tampines,Organic,Medium,Household,269.85,0,0
ENQ-03445,2025-07-17,Marina South,Partner,Medium,Household,283.83,0,0
ENQ-03446,2025-07-17,Sembawang,Meta Ads,Medium,E-commerce,328.18,0,0
ENQ-03447,2025-11-12,Western Water Catchment,Google Search,Medium,Relocation,307.68,0,0
ENQ-03448,2025-10-10,Pioneer,Referral,Locker,Household,101.67,0,0
ENQ-03449,2025-12-06,Marine Parade,Meta Ads,Small,Household,172.02,1,0
ENQ-03450,2025-03-12,Rochor,Google Search,Medium,E-commerce,292.04,0,0
ENQ-03451,2025-04-24,Punggol,Google Search,Large,Household,424.83,0,0
ENQ-03452,2025-10-11,Punggol,Partner,Locker,SME,86.96,0,0
ENQ-03453,2025-07-08,Singapore River,Google Search,Small,Student/Expats,180.63,1,0
ENQ-03454,2025-03-23,Tuas,Partner,Locker,Student/Expats,98.89,1,0
ENQ-03455,2025-10-21,Toa Payoh,Organic,Large,SME,449.49,1,0
ENQ-03456,2025-05-30,Boon Lay,Meta Ads,Small,Student/Expats,206.29,0,0
ENQ-03457,2025-11-10,Jurong East,Meta Ads,Small,SME,202.29,0,0
ENQ-03458,2025-11-30,Marina East,Partner,Small,Student/Expats,164.53,0,0
ENQ-03459,2025-12-30,Museum,Partner,Medium,Household,320.61,0,0
ENQ-03460,2025-06-19,Boon Lay,Organic,Small,Household,165.38,0,0
ENQ-03461,2025-04-16,Geylang,Organic,Medium,E-commerce,309.07,0,0
ENQ-03462,2025-01-08,Bukit Panjang,Referral,Small,Household,196.44,0,0
ENQ-03463,2025-04-28,Western Water Catchment,Google Search,Large,Student/Expats,515.86,1,0
ENQ-03464,2025-02-23,Sembawang,Meta Ads,Medium,Household,269.1,0,0
ENQ-03465,2025-12-01,Tanglin,Google Search,Locker,Household,96.15,0,0
ENQ-03466,2025-05-05,Changi,Google Search,Small,Relocation,187.27,0,0
ENQ-03467,2025-07-21,Museum,Referral,Small,SME,174.53,1,0
ENQ-03468,2025-07-31,Tuas,Partner,Locker,E-commerce,95.54,0,0
ENQ-03469,2025-07-16,Bukit Timah,Google Search,Medium,SME,320.77,0,0
ENQ-03470,2025-09-23,Serangoon,Organic,Small,Student/Expats,188.04,0,0
ENQ-03471,2025-08-07,Pasir Ris,Organic,Locker,Household,86.48,0,0
ENQ-03472,2025-04-17,Choa Chu Kang,Google Search,Medium,SME,277.43,0,0
ENQ-03473,2025-03-09,Hougang,Referral,Medium,Household,309.37,1,0
ENQ-03474,2025-04-18,Singapore River,Organic,Large,Household,435.92,0,0
ENQ-03475,2025-08-08,Southern Islands,Meta Ads,Medium,Household,279.73,0,0
ENQ-03476,2025-09-26,Choa Chu Kang,Referral,Small,SME,206.37,0,0
ENQ-03477,2025-10-01,Rochor,Google Search,Small,Household,162.41,0,0
ENQ-03478,2025-05-23,Tuas,Google Search,Small,Household,170.82,0,0
ENQ-03479,2025-05-08,Marina East,Organic,Medium,SME,306.8,0,0
ENQ-03480,2025-02-14,Kallang,Organic,Locker,Household,90.69,0,0
ENQ-03481,2025-08-20,Jurong West,Meta Ads,Small,Student/Expats,172.47,0,0
ENQ-03482,2025-06-03,Choa Chu Kang,Meta Ads,Medium,Household,271.15,0,0
ENQ-03483,2025-10-31,Tengah,Referral,Small,E-commerce,176.75,1,0
ENQ-03484,2025-03-23,Woodlands,Partner,Small,Household,163.13,1,0
ENQ-03485,2025-03-06,Marine Parade,Partner,Small,SME,187.44,0,0
ENQ-03486,2025-03-28,Bukit Timah,Referral,Small,Household,201.96,0,0
ENQ-03487,2025-08-19,Toa Payoh,Google Search,Medium,SME,333.47,1,0
ENQ-03488,2025-08-11,Changi Bay,Organic,Locker,E-commerce,99.03,0,0
ENQ-03489,2025-12-16,Tengah,Organic,Medium,E-commerce,288.5,0,0
ENQ-03490,2025-11-17,Orchard,Google Search,Locker,Student/Expats,102.01,0,0
ENQ-03491,2025-01-21,Bukit Timah,Walk-in,Medium,E-commerce,267.65,0,0
ENQ-03492,2025-08-01,Bukit Timah,Google Search,Large,SME,427.71,0,0
ENQ-03493,2025-04-12,Choa Chu Kang,Google Search,Medium,Household,330.55,0,0
ENQ-03494,2025-12-23,Southern Islands,Referral,Medium,Household,289.44,0,0
ENQ-03495,2025-05-16,Kallang,Google Search,Small,Household,177.7,0,0
ENQ-03496,2025-01-02,Sungei Kadut,Walk-in,Small,SME,184.34,0,0
ENQ-03497,2025-10-04,Western Water Catchment,Partner,Locker,Household,87.2,0,0
ENQ-03498,2025-01-30,Punggol,Organic,Medium,SME,266.56,0,0
ENQ-03499,2025-11-28,Orchard,Meta Ads,Small,Household,204.38,0,0
ENQ-03500,2025-11-17,Simpang,Google Search,Small,Student/Expats,185.87,1,0
ENQ-03501,2025-06-13,Sembawang,Organic,Locker,SME,96.06,1,0
ENQ-03502,2025-02-15,Bedok,Organic,Large,Student/Expats,417.14,0,0
ENQ-03503,2025-09-16,Boon Lay,Walk-in,Locker,SME,101.4,1,0
ENQ-03504,2025-05-15,Clementi,Meta Ads,Small,E-commerce,184.45,1,0
ENQ-03505,2025-12-19,Orchard,Meta Ads,Medium,E-commerce,318.18,0,0
ENQ-03506,2025-03-24,Boon Lay,Meta Ads,Small,SME,191.41,0,0
ENQ-03507,2025-01-20,Queenstown,Referral,Large,Household,487.41,0,0
ENQ-03508,2025-08-23,Sengkang,Organic,Medium,Household,322.17,0,0
ENQ-03509,2025-02-25,Seletar,Referral,Small,Household,167.81,1,0
ENQ-03510,2025-01-30,Changi Bay,Referral,Locker,SME,89.38,0,0
ENQ-03511,2025-09-23,Bukit Merah,Meta Ads,Small,Household,175.33,0,0
ENQ-03512,2025-02-16,Boon Lay,Google Search,Locker,Student/Expats,97.58,0,1
ENQ-03513,2025-09-29,Changi Bay,Google Search,Locker,Household,89.51,0,0
ENQ-03514,2025-02-22,Changi Bay,Google Search,Locker,SME,87.7,0,0
ENQ-03515,2025-02-07,Marine Parade,Google Search,Small,SME,184.53,0,0
ENQ-03516,2025-02-01,Straits View,Meta Ads,Medium,Household,267.86,0,0
ENQ-03517,2025-04-06,Pioneer,Google Search,Medium,Household,282.12,1,0
ENQ-03518,2025-10-16,Ang Mo Kio,Partner,Large,Relocation,414.65,0,0
ENQ-03519,2025-11-07,Sengkang,Walk-in,Medium,Relocation,268.9,0,0
ENQ-03520,2025-09-30,Outram,Partner,Small,E-commerce,183.31,0,0
ENQ-03521,2025-12-21,Southern Islands,Meta Ads,Locker,E-commerce,100.95,0,0
ENQ-03522,2025-12-18,Choa Chu Kang,Meta Ads,Small,Household,206.35,1,1
ENQ-03523,2025-03-07,Orchard,Walk-in,Medium,Household,275.16,1,0
ENQ-03524,2025-06-18,Novena,Organic,Locker,Household,95.98,1,0
ENQ-03525,2025-04-14,Sungei Kadut,Organic,Large,Student/Expats,528.18,1,0
ENQ-03526,2025-07-15,Woodlands,Referral,Small,Household,165.81,0,0
ENQ-03527,2025-07-01,Choa Chu Kang,Meta Ads,Medium,E-commerce,275.26,1,0
ENQ-03528,2025-01-02,River Valley,Meta Ads,Medium,E-commerce,326.69,0,0
ENQ-03529,2025-04-26,Marina South,Partner,Medium,SME,305.75,0,0
ENQ-03530,2025-06-06,Hougang,Walk-in,Medium,Student/Expats,273.17,0,0
ENQ-03531,2025-09-20,Bukit Panjang,Partner,Small,E-commerce,205.68,0,0
ENQ-03532,2025-11-02,Pasir Ris,Meta Ads,Small,Household,178.62,0,0
ENQ-03533,2025-07-06,Punggol,Organic,Large,Household,494.72,0,0
ENQ-03534,2025-08-01,Geylang,Google Search,Medium,SME,330.9,0,0
ENQ-03535,2025-11-30,Sungei Kadut,Meta Ads,Locker,SME,96.75,0,0
ENQ-03536,2025-04-29,Orchard,Google Search,Medium,Household,273.15,0,0
ENQ-03537,2025-09-04,Hougang,Walk-in,Small,SME,191.34,1,0
ENQ-03538,2025-09-16,Southern Islands,Organic,Medium,Household,304.4,0,0
ENQ-03539,2025-12-06,Bishan,Organic,Medium,Household,308.97,1,0
ENQ-03540,2025-10-22,Ang Mo Kio,Referral,Medium,Household,271.68,1,0
ENQ-03541,2025-01-02,Sengkang,Meta Ads,Large,Household,509.43,0,0
ENQ-03542,2025-04-19,Geylang,Referral,Large,Household,420.9,0,0
ENQ-03543,2025-11-23,Bedok,Meta Ads,Medium,Household,262.93,0,0
ENQ-03544,2025-07-07,Bishan,Referral,Medium,Household,327.36,1,0
ENQ-03545,2025-06-27,Marina East,Walk-in,Locker,Household,85.05,0,0
ENQ-03546,2025-10-14,Jurong East,Google Search,Medium,Household,292.45,0,0
ENQ-03547,2025-08-18,Serangoon,Google Search,Locker,Relocation,97.53,1,0
ENQ-03548,2025-08-27,Sembawang,Organic,Locker,Household,96.39,0,0
ENQ-03549,2025-06-03,Simpang,Organic,Medium,SME,309.16,0,0
ENQ-03550,2025-01-25,Kallang,Meta Ads,Locker,E-commerce,96.7,1,0
ENQ-03551,2025-10-06,Bedok,Meta Ads,Small,SME,164.2,0,0
ENQ-03552,2025-05-22,Tengah,Google Search,Medium,SME,278.03,0,1
ENQ-03553,2025-03-07,Western Water Catchment,Partner,Medium,Household,299.72,0,0
ENQ-03554,2025-08-26,Museum,Walk-in,Large,Household,465.55,0,0
ENQ-03555,2025-04-22,Bedok,Organic,Medium,SME,310.58,0,0
ENQ-03556,2025-09-15,Novena,Google Search,Small,E-commerce,169.71,0,0
ENQ-03557,2025-02-06,Choa Chu Kang,Meta Ads,Medium,SME,284.62,0,0
ENQ-03558,2025-03-29,Bedok,Meta Ads,Locker,Relocation,100.32,0,0
ENQ-03559,2025-04-13,Downtown Core,Meta Ads,Small,E-commerce,163.03,0,0
ENQ-03560,2025-11-09,Tengah,Meta Ads,Medium,E-commerce,295.38,0,0
ENQ-03561,2025-07-31,Punggol,Google Search,Medium,Household,306.18,1,1
ENQ-03562,2025-07-16,River Valley,Referral,Locker,SME,85.72,1,0
ENQ-03563,2025-02-10,Changi,Google Search,Medium,Household,331.35,0,0
ENQ-03564,2025-09-03,Toa Payoh,Partner,Locker,SME,88.66,0,0
ENQ-03565,2025-10-01,Bukit Batok,Walk-in,Locker,Student/Expats,97.46,0,0
ENQ-03566,2025-11-06,Sungei Kadut,Organic,Medium,Household,264.53,0,0
ENQ-03567,2025-12-31,Western Water Catchment,Meta Ads,Medium,Household,323.5,0,0
ENQ-03568,2025-12-04,Outram,Partner,Small,Household,188.87,0,0
ENQ-03569,2025-11-07,Toa Payoh,Referral,Small,E-commerce,176.67,0,0
ENQ-03570,2025-03-28,Bishan,Walk-in,Small,Household,166.05,0,0
ENQ-03571,2025-01-13,Novena,Organic,Medium,Household,281.93,0,0
ENQ-03572,2025-04-04,Sungei Kadut,Walk-in,Medium,Student/Expats,318.65,0,0
ENQ-03573,2025-08-22,North-Eastern Islands,Google Search,Medium,Student/Expats,275.06,0,0
ENQ-03574,2025-05-16,Newton,Google Search,Small,SME,168.97,1,0
ENQ-03575,2025-09-18,Kallang,Walk-in,Medium,Student/Expats,293.88,0,0
ENQ-03576,2025-10-19,Yishun,Google Search,Small,Household,201.72,0,0
ENQ-03577,2025-02-14,Tampines,Meta Ads,Medium,Household,282.01,1,0
ENQ-03578,2025-12-18,Western Water Catchment,Partner,Small,Household,184.07,0,0
ENQ-03579,2025-06-15,Geylang,Partner,Small,SME,171.96,0,0
ENQ-03580,2025-07-09,Boon Lay,Organic,Medium,Household,266.67,0,0
ENQ-03581,2025-03-28,Tengah,Meta Ads,Locker,SME,97.16,0,0
ENQ-03582,2025-06-07,Choa Chu Kang,Partner,Locker,Relocation,97.38,0,0
ENQ-03583,2025-08-21,Ang Mo Kio,Referral,Large,Relocation,516.17,1,0
ENQ-03584,2025-01-11,Western Water Catchment,Partner,Medium,SME,262.27,0,0
ENQ-03585,2025-10-27,Tengah,Meta Ads,Medium,E-commerce,332.72,0,0
ENQ-03586,2025-01-18,Newton,Walk-in,Small,Household,194.23,0,0
ENQ-03587,2025-09-26,Tampines,Referral,Medium,Student/Expats,268.43,1,0
ENQ-03588,2025-11-09,Rochor,Referral,Small,Household,167.43,0,0
ENQ-03589,2025-05-25,Bukit Timah,Partner,Medium,Relocation,325.07,0,0
ENQ-03590,2025-03-22,Boon Lay,Organic,Locker,E-commerce,82.77,0,0
ENQ-03591,2025-10-31,Kallang,Organic,Small,SME,174.02,0,0
ENQ-03592,2025-07-19,Bukit Merah,Referral,Small,SME,184.63,1,0
ENQ-03593,2025-12-09,Museum,Google Search,Small,Household,195.12,1,0
ENQ-03594,2025-06-25,Pasir Ris,Referral,Medium,Household,281.12,0,0
ENQ-03595,2025-10-22,Toa Payoh,Google Search,Small,Relocation,188.03,0,0
ENQ-03596,2025-02-12,Marina South,Google Search,Medium,Household,312.12,0,1
ENQ-03597,2025-05-29,Sengkang,Google Search,Medium,SME,317.15,1,0
ENQ-03598,2025-09-24,Southern Islands,Partner,Locker,Student/Expats,88.47,0,0
ENQ-03599,2025-03-02,Toa Payoh,Google Search,Small,SME,163.96,1,0
ENQ-03600,2025-02-08,Boon Lay,Google Search,Medium,Relocation,292.37,1,0
ENQ-03601,2025-10-19,Orchard,Organic,Small,Relocation,184.33,0,1
ENQ-03602,2025-03-03,Tuas,Organic,Locker,SME,90.05,0,0
ENQ-03603,2025-04-13,Orchard,Partner,Medium,E-commerce,319.25,1,0
ENQ-03604,2025-06-07,Downtown Core,Organic,Locker,SME,90.13,1,0
ENQ-03605,2025-08-03,Downtown Core,Partner,Small,Household,197.04,0,0
ENQ-03606,2025-10-06,Kallang,Google Search,Medium,Relocation,283.2,1,0
ENQ-03607,2025-09-24,Kallang,Meta Ads,Large,Household,459.49,0,0
ENQ-03608,2025-05-24,Jurong East,Meta Ads,Locker,Household,82.8,1,0
ENQ-03609,2025-07-09,Hougang,Referral,Small,Household,173.16,1,0
ENQ-03610,2025-02-16,Hougang,Walk-in,Small,Household,184.52,0,0
ENQ-03611,2025-09-09,Marina East,Meta Ads,Large,Student/Expats,493.92,1,0
ENQ-03612,2025-04-12,Lim Chu Kang,Partner,Small,Household,172.16,0,0
ENQ-03613,2025-04-19,Bukit Batok,Google Search,Medium,Relocation,332.94,1,0
ENQ-03614,2025-09-27,Bukit Timah,Walk-in,Small,Student/Expats,172.44,1,0
ENQ-03615,2025-09-12,Jurong West,Google Search,Large,Household,456.1,0,0
ENQ-03616,2025-01-05,Novena,Google Search,Medium,Relocation,281.15,0,0
ENQ-03617,2025-01-09,Hougang,Organic,Small,Relocation,186.82,0,0
ENQ-03618,2025-10-16,Hougang,Organic,Medium,Student/Expats,270.57,0,0
ENQ-03619,2025-10-21,Woodlands,Organic,Medium,E-commerce,303.7,1,0
ENQ-03620,2025-02-24,Woodlands,Google Search,Medium,Household,291.59,1,0
ENQ-03621,2025-10-15,Tuas,Organic,Medium,SME,262.82,0,0
ENQ-03622,2025-07-14,Sembawang,Google Search,Locker,Household,93.46,0,0
ENQ-03623,2025-01-11,Jurong East,Walk-in,Small,Household,185.7,0,0
ENQ-03624,2025-01-12,Queenstown,Meta Ads,Small,Household,195.36,0,0
ENQ-03625,2025-08-12,Seletar,Google Search,Small,E-commerce,197.14,0,0
ENQ-03626,2025-05-29,Straits View,Referral,Medium,Household,301.04,1,0
ENQ-03627,2025-05-05,Serangoon,Organic,Medium,Household,308.13,1,0
ENQ-03628,2025-09-18,Mandai,Meta Ads,Locker,Household,87.78,0,0
ENQ-03629,2025-11-24,Kallang,Organic,Medium,SME,326.42,0,1
ENQ-03630,2025-07-03,Tuas,Meta Ads,Locker,Household,95.66,0,0
ENQ-03631,2025-09-28,Serangoon,Organic,Small,Student/Expats,166.24,0,0
ENQ-03632,2025-04-25,Jurong West,Partner,Locker,SME,84.45,0,0
ENQ-03633,2025-04-05,Novena,Google Search,Medium,Relocation,331.69,1,0
ENQ-03634,2025-08-20,Outram,Organic,Locker,Household,95.08,0,0
ENQ-03635,2025-07-30,Newton,Partner,Medium,SME,298.43,0,0
ENQ-03636,2025-10-10,Marina South,Organic,Medium,SME,284.93,1,0
ENQ-03637,2025-09-24,North-Eastern Islands,Partner,Locker,Household,102.19,0,0
ENQ-03638,2025-06-10,Rochor,Organic,Medium,Household,285.56,0,0
ENQ-03639,2025-03-01,Orchard,Partner,Medium,Household,286.08,0,0
ENQ-03640,2025-06-09,Bukit Merah,Referral,Large,Student/Expats,470.16,0,0
ENQ-03641,2025-10-13,Sungei Kadut,Organic,Locker,SME,82.43,0,0
ENQ-03642,2025-12-24,Seletar,Google Search,Medium,Household,320.24,1,0
ENQ-03643,2025-10-20,Newton,Organic,Medium,SME,330.51,0,1
ENQ-03644,2025-11-30,Tanglin,Organic,Small,Household,196.81,0,0
ENQ-03645,2025-11-23,Pasir Ris,Organic,Medium,Household,261.33,1,0
ENQ-03646,2025-12-13,Central Water Catchment,Google Search,Small,Relocation,185.96,1,0
ENQ-03647,2025-07-28,Jurong East,Referral,Large,Household,416.18,0,0
ENQ-03648,2025-06-05,Tanglin,Meta Ads,Medium,E-commerce,327.52,0,0
ENQ-03649,2025-06-18,Singapore River,Meta Ads,Small,SME,186.06,1,0
ENQ-03650,2025-10-27,Rochor,Google Search,Small,Household,172.68,0,0
ENQ-03651,2025-05-19,Southern Islands,Google Search,Medium,SME,302.32,0,0
ENQ-03652,2025-01-05,Mandai,Organic,Medium,E-commerce,291.7,0,0
ENQ-03653,2025-10-22,North-Eastern Islands,Meta Ads,Medium,Household,269.43,0,0
ENQ-03654,2025-01-24,North-Eastern Islands,Referral,Small,E-commerce,166.1,0,0
ENQ-03655,2025-09-23,Sembawang,Google Search,Small,Household,204.47,0,0
ENQ-03656,2025-01-07,Mandai,Organic,Small,Household,185.98,1,0
ENQ-03657,2025-01-31,Hougang,Google Search,Locker,Household,86.8,0,0
ENQ-03658,2025-11-10,Punggol,Organic,Medium,Household,332.59,0,0
ENQ-03659,2025-06-28,Geylang,Google Search,Medium,Student/Expats,267.12,0,0
ENQ-03660,2025-05-03,Woodlands,Meta Ads,Medium,Household,285.88,0,0
ENQ-03661,2025-11-24,Museum,Organic,Medium,Household,281.97,0,0
ENQ-03662,2025-03-26,Tengah,Organic,Medium,Student/Expats,263.14,1,0
ENQ-03663,2025-03-04,Orchard,Google Search,Small,Household,204.0,0,0
ENQ-03664,2025-05-24,Downtown Core,Meta Ads,Small,Relocation,169.71,0,0
ENQ-03665,2025-11-14,Bishan,Google Search,Medium,SME,307.88,0,0
ENQ-03666,2025-04-20,Southern Islands,Google Search,Locker,Student/Expats,83.31,1,0
ENQ-03667,2025-02-15,Boon Lay,Meta Ads,Small,Household,165.07,0,0
ENQ-03668,2025-11-19,Bishan,Google Search,Small,Household,198.94,1,0
ENQ-03669,2025-01-29,Jurong West,Organic,Small,SME,167.78,0,0
ENQ-03670,2025-12-05,Bukit Timah,Meta Ads,Medium,Household,314.52,0,0
ENQ-03671,2025-01-14,North-Eastern Islands,Google Search,Small,Household,162.22,0,0
ENQ-03672,2025-08-12,Sengkang,Organic,Medium,Household,291.3,1,0
ENQ-03673,2025-08-17,Bukit Panjang,Meta Ads,Medium,SME,331.31,0,0
ENQ-03674,2025-11-25,Changi,Referral,Small,Student/Expats,179.3,1,0
ENQ-03675,2025-08-11,Punggol,Organic,Locker,SME,99.26,0,0
ENQ-03676,2025-07-16,Outram,Meta Ads,Large,Household,420.82,0,0
ENQ-03677,2025-09-01,Bedok,Partner,Locker,SME,98.95,0,0
ENQ-03678,2025-12-21,Bedok,Google Search,Locker,Household,89.69,0,0
ENQ-03679,2025-02-02,Serangoon,Referral,Small,Household,196.59,0,0
ENQ-03680,2025-12-05,Jurong West,Google Search,Medium,Household,310.01,0,0
ENQ-03681,2025-06-28,Changi Bay,Google Search,Small,Student/Expats,203.19,0,0
ENQ-03682,2025-05-09,Seletar,Partner,Medium,SME,306.55,1,0
ENQ-03683,2025-03-16,Changi Bay,Referral,Locker,Relocation,89.55,1,0
ENQ-03684,2025-10-30,Western Water Catchment,Google Search,Locker,SME,84.39,0,0
ENQ-03685,2025-12-17,Changi,Google Search,Medium,SME,292.14,0,0
ENQ-03686,2025-07-08,Jurong East,Meta Ads,Locker,Household,99.07,0,0
ENQ-03687,2025-06-18,Southern Islands,Referral,Small,Household,203.82,1,0
ENQ-03688,2025-08-16,Orchard,Organic,Large,Student/Expats,528.96,0,0
ENQ-03689,2025-06-21,Punggol,Walk-in,Small,SME,197.38,1,0
ENQ-03690,2025-03-16,Seletar,Referral,Small,Household,193.88,0,0
ENQ-03691,2025-06-05,Hougang,Organic,Small,Household,175.47,0,0
ENQ-03692,2025-10-05,Bedok,Walk-in,Medium,Household,272.06,1,0
ENQ-03693,2025-06-16,Boon Lay,Meta Ads,Medium,Relocation,288.58,0,0
ENQ-03694,2025-01-18,Singapore River,Partner,Medium,SME,315.08,1,0
ENQ-03695,2025-12-03,Queenstown,Walk-in,Medium,Household,276.67,0,0
ENQ-03696,2025-09-27,Marina South,Referral,Small,SME,172.03,0,0
ENQ-03697,2025-11-18,Simpang,Partner,Locker,Household,100.35,0,0
ENQ-03698,2025-03-27,Mandai,Partner,Medium,Relocation,327.86,0,0
ENQ-03699,2025-06-06,Geylang,Referral,Locker,Household,88.43,0,0
ENQ-03700,2025-10-15,Tanglin,Referral,Small,Relocation,194.4,0,0
ENQ-03701,2025-02-15,Newton,Referral,Medium,SME,299.98,0,0
ENQ-03702,2025-08-16,Orchard,Meta Ads,Small,SME,202.14,0,0
ENQ-03703,2025-01-11,Singapore River,Organic,Large,SME,505.06,0,0
ENQ-03704,2025-02-18,Geylang,Meta Ads,Medium,Household,283.57,0,0
ENQ-03705,2025-06-29,Serangoon,Meta Ads,Large,SME,440.67,0,0
ENQ-03706,2025-06-03,Queenstown,Google Search,Small,Household,170.43,0,0
ENQ-03707,2025-11-03,Tampines,Meta Ads,Small,Household,168.06,0,0
ENQ-03708,2025-08-20,North-Eastern Islands,Walk-in,Small,E-commerce,177.17,0,0
ENQ-03709,2025-03-20,Bishan,Meta Ads,Small,Student/Expats,172.95,0,0
ENQ-03710,2025-01-07,Bedok,Referral,Large,E-commerce,415.17,0,0
ENQ-03711,2025-11-26,Rochor,Walk-in,Small,Student/Expats,166.54,0,0
ENQ-03712,2025-10-30,Sungei Kadut,Google Search,Small,SME,202.45,0,0
ENQ-03713,2025-02-24,Museum,Google Search,Small,Household,170.72,0,0
ENQ-03714,2025-05-28,Bukit Panjang,Google Search,Small,SME,181.09,0,0
ENQ-03715,2025-06-07,Simpang,Meta Ads,Small,Household,202.75,0,0
ENQ-03716,2025-09-02,Queenstown,Meta Ads,Medium,SME,284.81,0,0
ENQ-03717,2025-06-21,Punggol,Meta Ads,Small,SME,203.22,1,0
ENQ-03718,2025-12-24,Bukit Batok,Google Search,Small,Household,202.68,0,0
ENQ-03719,2025-02-23,Geylang,Referral,Locker,Student/Expats,81.45,0,0
ENQ-03720,2025-05-16,Marina South,Referral,Medium,Household,306.64,0,0
ENQ-03721,2025-06-11,Hougang,Walk-in,Medium,Household,324.76,1,0
ENQ-03722,2025-04-29,Downtown Core,Google Search,Medium,Student/Expats,273.27,0,0
ENQ-03723,2025-06-18,Straits View,Meta Ads,Small,Household,164.51,0,0
ENQ-03724,2025-09-02,North-Eastern Islands,Organic,Small,Relocation,170.2,0,0
ENQ-03725,2025-09-06,Boon Lay,Referral,Small,SME,191.41,1,0
ENQ-03726,2025-02-27,Ang Mo Kio,Google Search,Large,E-commerce,523.64,1,0
ENQ-03727,2025-12-23,Pasir Ris,Meta Ads,Medium,E-commerce,314.24,0,0
ENQ-03728,2025-06-23,Ang Mo Kio,Meta Ads,Small,Household,201.14,0,0
ENQ-03729,2025-06-22,Boon Lay,Google Search,Small,Household,175.37,0,0
ENQ-03730,2025-12-14,Pioneer,Organic,Large,Student/Expats,421.91,0,0
ENQ-03731,2025-01-26,Southern Islands,Partner,Small,SME,201.28,0,0
ENQ-03732,2025-01-19,Tanglin,Walk-in,Medium,E-commerce,285.92,1,1
ENQ-03733,2025-02-13,Woodlands,Referral,Medium,Household,261.79,0,0
ENQ-03734,2025-02-26,Marine Parade,Google Search,Small,Household,206.36,0,0
ENQ-03735,2025-02-23,Geylang,Referral,Small,Household,171.62,0,0
ENQ-03736,2025-03-17,Bukit Batok,Organic,Medium,Household,282.93,0,0
ENQ-03737,2025-01-04,Bedok,Organic,Medium,Household,276.2,0,0
ENQ-03738,2025-03-01,Bukit Panjang,Partner,Medium,Household,285.38,1,0
ENQ-03739,2025-11-19,Boon Lay,Walk-in,Locker,SME,85.9,0,0
ENQ-03740,2025-09-06,Woodlands,Organic,Locker,Relocation,83.83,0,0
ENQ-03741,2025-07-21,Serangoon,Organic,Small,Household,165.16,0,0
ENQ-03742,2025-10-25,Yishun,Organic,Small,Household,193.34,0,0
ENQ-03743,2025-06-05,Marina East,Partner,Small,Household,176.21,0,0
ENQ-03744,2025-09-26,Yishun,Organic,Small,Household,184.14,1,0
ENQ-03745,2025-06-04,Kallang,Organic,Locker,Student/Expats,94.43,0,0
ENQ-03746,2025-07-08,North-Eastern Islands,Google Search,Medium,Household,288.76,1,0
ENQ-03747,2025-06-10,Clementi,Meta Ads,Medium,Household,268.26,0,0
ENQ-03748,2025-11-08,Rochor,Organic,Medium,SME,277.34,0,0
ENQ-03749,2025-02-05,Singapore River,Meta Ads,Medium,SME,314.04,0,0
ENQ-03750,2025-06-05,Pioneer,Partner,Locker,Relocation,102.3,1,0
ENQ-03751,2025-03-06,Newton,Organic,Medium,SME,301.98,1,0
ENQ-03752,2025-07-15,Marine Parade,Google Search,Medium,Household,319.0,0,0
ENQ-03753,2025-11-25,North-Eastern Islands,Walk-in,Medium,E-commerce,274.73,0,0
ENQ-03754,2025-11-04,Kallang,Meta Ads,Small,Household,171.19,0,0
ENQ-03755,2025-02-27,Tuas,Partner,Large,SME,523.75,0,1
ENQ-03756,2025-10-30,Bedok,Google Search,Small,Household,182.45,0,0
ENQ-03757,2025-04-08,Hougang,Organic,Small,Household,206.04,0,0
ENQ-03758,2025-07-13,Marina East,Organic,Large,Household,524.29,0,0
ENQ-03759,2025-02-19,Jurong West,Google Search,Locker,Household,103.22,0,0
ENQ-03760,2025-04-07,Southern Islands,Organic,Large,E-commerce,421.59,1,1
ENQ-03761,2025-08-02,Jurong West,Organic,Small,Household,203.19,1,0
ENQ-03762,2025-05-15,Bishan,Meta Ads,Locker,Relocation,87.13,0,0
ENQ-03763,2025-12-13,Sungei Kadut,Meta Ads,Small,Student/Expats,184.21,0,0
ENQ-03764,2025-04-13,Clementi,Google Search,Locker,Household,92.0,0,0
ENQ-03765,2025-07-02,Western Water Catchment,Walk-in,Large,SME,425.88,0,0
ENQ-03766,2025-07-28,Pioneer,Partner,Medium,Student/Expats,307.51,0,0
ENQ-03767,2025-12-22,Bukit Batok,Meta Ads,Large,SME,457.36,0,0
ENQ-03768,2025-09-25,River Valley,Google Search,Small,Student/Expats,163.37,0,0
ENQ-03769,2025-02-23,Seletar,Referral,Small,Household,181.78,1,0
ENQ-03770,2025-04-09,Mandai,Google Search,Small,Household,170.85,0,0
ENQ-03771,2025-08-25,Changi Bay,Partner,Medium,Household,271.36,0,0
ENQ-03772,2025-08-16,Jurong West,Google Search,Small,Student/Expats,176.88,0,0
ENQ-03773,2025-10-24,Straits View,Referral,Medium,Household,265.53,0,0
ENQ-03774,2025-04-06,Bukit Merah,Organic,Large,E-commerce,491.77,0,0
ENQ-03775,2025-04-10,Toa Payoh,Google Search,Small,Household,204.61,0,0
ENQ-03776,2025-05-14,Choa Chu Kang,Meta Ads,Medium,SME,328.28,0,0
ENQ-03777,2025-08-27,Sungei Kadut,Meta Ads,Small,SME,193.96,0,0
ENQ-03778,2025-03-20,Ang Mo Kio,Organic,Locker,SME,98.01,0,0
ENQ-03779,2025-04-13,Marina East,Referral,Medium,SME,296.05,0,0
ENQ-03780,2025-08-02,Choa Chu Kang,Google Search,Small,Household,200.58,0,0
ENQ-03781,2025-06-18,Changi,Google Search,Medium,SME,271.75,0,0
ENQ-03782,2025-04-10,Changi,Partner,Medium,Household,309.52,0,0
ENQ-03783,2025-01-29,Bukit Batok,Google Search,Large,Household,507.32,0,0
ENQ-03784,2025-11-01,Jurong West,Organic,Small,Household,174.23,0,1
ENQ-03785,2025-02-12,Bukit Batok,Walk-in,Locker,Household,99.4,0,0
ENQ-03786,2025-02-06,River Valley,Organic,Small,SME,199.73,0,0
ENQ-03787,2025-08-25,Sembawang,Google Search,Small,SME,204.46,0,0
ENQ-03788,2025-04-22,Museum,Meta Ads,Locker,Household,102.64,0,0
ENQ-03789,2025-09-26,River Valley,Meta Ads,Locker,SME,87.21,0,0
ENQ-03790,2025-08-26,Bukit Panjang,Organic,Locker,Student/Expats,98.93,0,0
ENQ-03791,2025-11-14,Bukit Panjang,Google Search,Locker,Relocation,102.68,0,0
ENQ-03792,2025-12-26,Yishun,Walk-in,Small,SME,203.73,0,0
ENQ-03793,2025-11-25,Sembawang,Partner,Medium,Household,323.94,0,0
ENQ-03794,2025-09-08,Novena,Meta Ads,Medium,SME,266.7,0,0
ENQ-03795,2025-01-03,Pioneer,Meta Ads,Medium,Student/Expats,276.92,0,0
ENQ-03796,2025-07-07,Geylang,Meta Ads,Large,Household,505.84,0,0
ENQ-03797,2025-07-13,Central Water Catchment,Partner,Small,E-commerce,164.58,1,0
ENQ-03798,2025-04-03,Lim Chu Kang,Partner,Small,SME,198.29,1,0
ENQ-03799,2025-10-17,Simpang,Partner,Small,SME,168.94,0,0
ENQ-03800,2025-12-01,Choa Chu Kang,Google Search,Locker,Household,83.83,0,0
ENQ-03801,2025-10-17,Tampines,Walk-in,Medium,Relocation,321.12,0,0
ENQ-03802,2025-04-03,Simpang,Referral,Locker,Household,85.01,0,0
ENQ-03803,2025-10-03,Lim Chu Kang,Meta Ads,Medium,Household,286.76,0,0
ENQ-03804,2025-12-05,Downtown Core,Walk-in,Medium,Relocation,261.68,1,0
ENQ-03805,2025-11-23,Woodlands,Organic,Small,E-commerce,177.89,0,0
ENQ-03806,2025-02-28,Queenstown,Partner,Medium,Household,262.24,0,0
ENQ-03807,2025-07-08,Tengah,Organic,Small,Household,206.41,0,0
ENQ-03808,2025-07-18,Central Water Catchment,Organic,Locker,SME,103.44,0,0
ENQ-03809,2025-04-03,Queenstown,Referral,Small,SME,182.41,0,0
ENQ-03810,2025-05-19,Mandai,Google Search,Small,Student/Expats,201.86,0,0
ENQ-03811,2025-05-11,Bishan,Organic,Large,Household,485.41,0,0
ENQ-03812,2025-08-07,Marina East,Organic,Medium,Household,288.7,0,0
ENQ-03813,2025-12-03,Yishun,Meta Ads,Small,Household,170.64,0,0
ENQ-03814,2025-08-07,Changi,Google Search,Medium,SME,271.41,0,0
ENQ-03815,2025-03-24,Bukit Batok,Google Search,Small,SME,173.77,0,0
ENQ-03816,2025-01-02,Pasir Ris,Google Search,Medium,Relocation,294.38,0,0
ENQ-03817,2025-03-05,Singapore River,Organic,Small,Household,177.48,0,0
ENQ-03818,2025-01-21,Seletar,Partner,Large,Household,430.51,1,0
ENQ-03819,2025-10-15,Outram,Meta Ads,Small,SME,167.71,0,0
ENQ-03820,2025-02-15,Clementi,Google Search,Medium,SME,281.44,0,0
ENQ-03821,2025-06-18,Jurong East,Walk-in,Medium,Household,289.41,1,0
ENQ-03822,2025-05-06,Bishan,Walk-in,Medium,SME,265.37,0,0
ENQ-03823,2025-10-27,Pioneer,Google Search,Small,Household,174.07,0,0
ENQ-03824,2025-03-20,Central Water Catchment,Meta Ads,Small,Relocation,206.32,0,0
ENQ-03825,2025-02-15,Orchard,Google Search,Large,E-commerce,515.99,0,0
ENQ-03826,2025-05-07,Sungei Kadut,Organic,Small,E-commerce,169.43,0,0
ENQ-03827,2025-06-20,Choa Chu Kang,Walk-in,Locker,Household,93.16,0,0
ENQ-03828,2025-10-13,Punggol,Google Search,Small,SME,193.23,1,0
ENQ-03829,2025-09-12,Tengah,Partner,Small,SME,205.44,0,0
ENQ-03830,2025-06-04,Woodlands,Organic,Small,Household,200.18,0,0
ENQ-03831,2025-11-26,Singapore River,Partner,Small,Household,182.16,0,0
ENQ-03832,2025-09-22,Yishun,Google Search,Medium,Household,330.62,0,0
ENQ-03833,2025-07-06,Ang Mo Kio,Meta Ads,Medium,Household,301.51,0,0
ENQ-03834,2025-08-16,North-Eastern Islands,Organic,Locker,Household,96.96,0,0
ENQ-03835,2025-06-17,Newton,Google Search,Medium,Household,326.02,0,0
ENQ-03836,2025-01-31,Western Water Catchment,Organic,Medium,E-commerce,318.28,0,0
ENQ-03837,2025-07-30,Jurong East,Walk-in,Medium,E-commerce,286.3,0,0
ENQ-03838,2025-06-24,Southern Islands,Google Search,Small,Relocation,196.38,0,0
ENQ-03839,2025-03-21,River Valley,Partner,Locker,Household,94.57,0,0
ENQ-03840,2025-01-13,Outram,Meta Ads,Small,Household,178.93,0,0
ENQ-03841,2025-06-19,North-Eastern Islands,Google Search,Medium,Relocation,269.81,0,0
ENQ-03842,2025-08-30,Tampines,Walk-in,Large,Household,486.94,1,0
ENQ-03843,2025-06-13,Lim Chu Kang,Google Search,Medium,Student/Expats,285.89,0,0
ENQ-03844,2025-10-14,Toa Payoh,Referral,Medium,Household,299.69,1,0
ENQ-03845,2025-09-17,Jurong West,Meta Ads,Small,Household,195.12,0,0
ENQ-03846,2025-08-17,Geylang,Walk-in,Medium,SME,285.13,0,0
ENQ-03847,2025-01-23,Tampines,Meta Ads,Small,SME,180.71,0,0
ENQ-03848,2025-05-02,Kallang,Google Search,Small,SME,188.86,1,0
ENQ-03849,2025-10-27,Jurong West,Meta Ads,Locker,Household,89.31,0,0
ENQ-03850,2025-04-19,River Valley,Meta Ads,Small,Household,186.94,0,0
ENQ-03851,2025-06-03,Novena,Walk-in,Small,Household,187.31,0,0
ENQ-03852,2025-04-16,Changi Bay,Partner,Small,Household,178.02,1,0
ENQ-03853,2025-01-01,Museum,Google Search,Medium,SME,268.82,0,0
ENQ-03854,2025-10-27,Singapore River,Referral,Locker,Household,100.06,0,0
ENQ-03855,2025-10-14,Bukit Panjang,Walk-in,Locker,Household,92.47,1,0
ENQ-03856,2025-08-01,Punggol,Organic,Medium,SME,321.68,0,0
ENQ-03857,2025-05-19,Geylang,Google Search,Locker,Student/Expats,96.16,0,0
ENQ-03858,2025-11-15,Geylang,Meta Ads,Small,Household,199.93,1,0
ENQ-03859,2025-06-15,Tampines,Google Search,Large,Household,438.62,1,0
ENQ-03860,2025-04-09,Singapore River,Meta Ads,Small,Household,180.78,0,0
ENQ-03861,2025-08-20,Sengkang,Partner,Small,E-commerce,206.54,0,0
ENQ-03862,2025-07-03,Tuas,Google Search,Small,Household,193.2,0,0
ENQ-03863,2025-01-12,Pioneer,Walk-in,Small,Household,165.95,0,0
ENQ-03864,2025-06-20,Woodlands,Organic,Medium,SME,287.6,1,0
ENQ-03865,2025-11-06,Ang Mo Kio,Walk-in,Small,SME,201.45,0,0
ENQ-03866,2025-07-08,River Valley,Google Search,Locker,Student/Expats,89.08,0,0
ENQ-03867,2025-05-28,Woodlands,Google Search,Locker,Household,92.65,0,0
ENQ-03868,2025-08-20,Newton,Meta Ads,Medium,Household,281.04,0,0
ENQ-03869,2025-05-05,Jurong West,Organic,Large,Household,474.85,0,0
ENQ-03870,2025-04-04,Changi,Google Search,Small,Household,183.35,0,0
ENQ-03871,2025-05-18,Central Water Catchment,Organic,Small,Household,195.43,0,0
ENQ-03872,2025-04-09,Marina East,Walk-in,Small,Household,196.54,0,0
ENQ-03873,2025-04-10,Queenstown,Referral,Medium,Household,264.41,0,0
ENQ-03874,2025-07-15,Choa Chu Kang,Meta Ads,Small,SME,163.92,0,0
ENQ-03875,2025-10-17,Jurong West,Google Search,Small,E-commerce,199.1,0,0
ENQ-03876,2025-12-08,Bedok,Partner,Small,Household,178.8,0,0
ENQ-03877,2025-11-03,River Valley,Google Search,Large,Relocation,496.34,0,0
ENQ-03878,2025-02-10,Choa Chu Kang,Google Search,Locker,Household,81.99,1,0
ENQ-03879,2025-07-20,Newton,Walk-in,Medium,Household,289.42,0,0
ENQ-03880,2025-11-02,Boon Lay,Partner,Medium,SME,280.35,0,0
ENQ-03881,2025-06-07,Changi,Meta Ads,Small,SME,178.13,0,0
ENQ-03882,2025-11-17,Singapore River,Meta Ads,Medium,Student/Expats,276.16,0,0
ENQ-03883,2025-03-18,Punggol,Referral,Locker,Student/Expats,88.37,0,0
ENQ-03884,2025-09-30,Woodlands,Meta Ads,Small,SME,172.08,0,0
ENQ-03885,2025-07-24,Serangoon,Google Search,Small,SME,178.65,0,0
ENQ-03886,2025-05-22,Choa Chu Kang,Google Search,Medium,E-commerce,332.82,0,0
ENQ-03887,2025-09-06,Tanglin,Referral,Medium,Student/Expats,308.96,0,0
ENQ-03888,2025-07-01,Punggol,Google Search,Medium,Household,287.78,0,0
ENQ-03889,2025-11-20,Simpang,Google Search,Large,Household,428.66,1,1
ENQ-03890,2025-06-24,Kallang,Meta Ads,Medium,SME,315.87,0,0
ENQ-03891,2025-12-28,Sungei Kadut,Google Search,Large,Household,489.15,0,0
ENQ-03892,2025-10-24,Seletar,Google Search,Large,Household,419.07,0,0
ENQ-03893,2025-01-18,Seletar,Google Search,Small,SME,179.4,0,0
ENQ-03894,2025-05-07,Sungei Kadut,Meta Ads,Locker,Student/Expats,101.1,1,0
ENQ-03895,2025-02-24,Bukit Panjang,Meta Ads,Medium,Household,333.49,0,0
ENQ-03896,2025-03-03,Hougang,Meta Ads,Small,Household,164.39,0,0
ENQ-03897,2025-10-29,Mandai,Walk-in,Small,Relocation,185.93,0,0
ENQ-03898,2025-01-25,Novena,Referral,Small,SME,190.35,0,0
ENQ-03899,2025-11-05,Novena,Partner,Small,Student/Expats,169.49,0,0
ENQ-03900,2025-05-20,Bukit Merah,Google Search,Medium,SME,310.94,1,0
ENQ-03901,2025-09-21,Punggol,Google Search,Medium,E-commerce,319.87,1,0
ENQ-03902,2025-07-18,Sengkang,Google Search,Medium,Household,293.97,1,0
ENQ-03903,2025-11-24,Toa Payoh,Walk-in,Medium,Household,329.04,1,1
ENQ-03904,2025-12-25,Mandai,Google Search,Medium,Household,310.18,0,0
ENQ-03905,2025-11-03,Lim Chu Kang,Meta Ads,Medium,Household,269.17,0,0
ENQ-03906,2025-12-19,Western Water Catchment,Partner,Small,Household,192.33,1,1
ENQ-03907,2025-11-02,Bukit Batok,Referral,Locker,Household,99.42,0,0
ENQ-03908,2025-04-28,Changi Bay,Google Search,Medium,Household,300.67,0,0
ENQ-03909,2025-09-10,Central Water Catchment,Referral,Large,Household,433.05,0,0
ENQ-03910,2025-03-25,Changi,Google Search,Small,Household,183.8,0,0
ENQ-03911,2025-03-31,Changi,Referral,Small,E-commerce,168.76,0,0
ENQ-03912,2025-08-20,North-Eastern Islands,Meta Ads,Large,SME,415.67,0,0
ENQ-03913,2025-01-30,Downtown Core,Organic,Medium,SME,322.79,0,0
ENQ-03914,2025-01-17,Outram,Partner,Locker,Household,92.41,0,0
ENQ-03915,2025-12-12,Tengah,Organic,Medium,Household,307.65,0,0
ENQ-03916,2025-05-01,Simpang,Referral,Small,E-commerce,176.55,0,0
ENQ-03917,2025-10-25,Tengah,Google Search,Small,Household,186.51,1,0
ENQ-03918,2025-10-22,Choa Chu Kang,Walk-in,Medium,Household,293.96,0,0
ENQ-03919,2025-05-17,Central Water Catchment,Partner,Medium,Household,280.27,0,0
ENQ-03920,2025-03-23,Choa Chu Kang,Organic,Locker,Household,83.75,1,0
ENQ-03921,2025-12-11,Museum,Referral,Medium,SME,309.02,0,0
ENQ-03922,2025-07-09,Choa Chu Kang,Organic,Small,Relocation,188.72,1,0
ENQ-03923,2025-06-24,Boon Lay,Referral,Medium,Relocation,307.23,0,0
ENQ-03924,2025-05-30,Sembawang,Partner,Small,Household,187.89,0,0
ENQ-03925,2025-11-10,Orchard,Meta Ads,Small,E-commerce,183.14,0,0
ENQ-03926,2025-02-20,Bukit Panjang,Referral,Small,Relocation,186.11,0,0
ENQ-03927,2025-07-13,Marina South,Partner,Small,Household,179.03,0,0
ENQ-03928,2025-02-06,Sengkang,Organic,Medium,SME,291.52,0,0
ENQ-03929,2025-10-17,Hougang,Organic,Medium,Student/Expats,307.32,0,0
ENQ-03930,2025-06-16,Changi Bay,Google Search,Small,SME,202.9,0,0
ENQ-03931,2025-06-30,Outram,Google Search,Small,Household,184.06,0,0
ENQ-03932,2025-03-02,River Valley,Referral,Small,Household,164.97,0,0
ENQ-03933,2025-12-14,Outram,Meta Ads,Medium,Household,320.65,0,0
ENQ-03934,2025-12-12,Newton,Walk-in,Small,Relocation,178.18,0,0
ENQ-03935,2025-12-24,Pioneer,Organic,Medium,Household,275.41,0,0
ENQ-03936,2025-04-14,Woodlands,Partner,Small,SME,187.96,1,0
ENQ-03937,2025-06-21,Outram,Meta Ads,Small,SME,167.86,0,0
ENQ-03938,2025-05-19,Lim Chu Kang,Meta Ads,Small,Household,165.8,0,0
ENQ-03939,2025-03-10,Downtown Core,Referral,Small,Student/Expats,191.72,0,0
ENQ-03940,2025-04-23,Rochor,Partner,Locker,Student/Expats,102.11,0,0
ENQ-03941,2025-05-22,Yishun,Meta Ads,Locker,Household,97.08,0,1
ENQ-03942,2025-04-16,Ang Mo Kio,Meta Ads,Medium,Household,274.39,0,0
ENQ-03943,2025-06-12,Clementi,Referral,Small,SME,204.63,0,0
ENQ-03944,2025-07-31,Clementi,Google Search,Medium,E-commerce,279.92,0,0
ENQ-03945,2025-07-18,Sengkang,Organic,Small,Household,176.3,0,1
ENQ-03946,2025-10-08,Queenstown,Google Search,Small,Relocation,173.9,1,0
ENQ-03947,2025-03-19,Tuas,Meta Ads,Medium,SME,309.21,0,0
ENQ-03948,2025-02-08,Bukit Batok,Google Search,Small,Household,178.83,0,0
ENQ-03949,2025-01-01,Sengkang,Referral,Small,E-commerce,171.9,0,0
ENQ-03950,2025-05-08,Tengah,Partner,Locker,Household,99.92,0,0
ENQ-03951,2025-07-31,Orchard,Referral,Small,E-commerce,202.44,0,0
ENQ-03952,2025-01-11,Tuas,Meta Ads,Medium,E-commerce,297.54,1,0
ENQ-03953,2025-10-22,Bishan,Google Search,Medium,Student/Expats,329.86,1,0
ENQ-03954,2025-04-19,Bukit Timah,Organic,Medium,E-commerce,310.44,1,0
ENQ-03955,2025-12-05,Simpang,Partner,Small,Student/Expats,174.6,0,1
ENQ-03956,2025-06-13,Marine Parade,Organic,Small,E-commerce,176.23,0,0
ENQ-03957,2025-09-27,Clementi,Google Search,Small,Household,175.61,0,0
ENQ-03958,2025-02-13,Bukit Panjang,Google Search,Small,Household,176.9,0,0
ENQ-03959,2025-07-07,Southern Islands,Organic,Small,Household,167.3,0,0
ENQ-03960,2025-09-29,Lim Chu Kang,Meta Ads,Small,Household,179.37,0,0
ENQ-03961,2025-02-15,Serangoon,Meta Ads,Small,Relocation,162.69,0,0
ENQ-03962,2025-03-22,Serangoon,Organic,Medium,Household,306.83,0,0
ENQ-03963,2025-04-07,Queenstown,Google Search,Medium,Household,314.24,0,0
ENQ-03964,2025-03-26,Museum,Google Search,Locker,Household,91.69,0,0
ENQ-03965,2025-07-09,Clementi,Meta Ads,Medium,Household,268.35,0,0
ENQ-03966,2025-05-06,Sembawang,Referral,Medium,Student/Expats,308.05,0,0
ENQ-03967,2025-04-05,Bishan,Google Search,Locker,Household,86.15,0,0
ENQ-03968,2025-01-09,Bukit Batok,Organic,Medium,SME,316.81,1,0
ENQ-03969,2025-12-09,Novena,Google Search,Locker,Household,86.38,0,1
ENQ-03970,2025-08-02,Bukit Timah,Google Search,Medium,Household,263.09,0,0
ENQ-03971,2025-12-08,Rochor,Meta Ads,Small,Household,163.51,0,0
ENQ-03972,2025-03-16,Southern Islands,Google Search,Locker,Household,81.5,0,0
ENQ-03973,2025-01-24,Choa Chu Kang,Organic,Locker,Household,99.22,0,0
ENQ-03974,2025-05-01,Serangoon,Partner,Large,Household,421.11,1,1
ENQ-03975,2025-07-19,Clementi,Organic,Medium,Household,322.73,1,0
ENQ-03976,2025-05-28,Simpang,Walk-in,Medium,Household,286.76,0,0
ENQ-03977,2025-09-11,Downtown Core,Google Search,Small,SME,179.45,0,0
ENQ-03978,2025-11-05,Changi Bay,Meta Ads,Small,Relocation,189.65,0,0
ENQ-03979,2025-07-16,Queenstown,Google Search,Medium,Household,288.24,0,0
ENQ-03980,2025-07-30,Jurong East,Walk-in,Medium,Household,276.88,0,0
ENQ-03981,2025-12-03,Downtown Core,Organic,Small,SME,181.6,0,0
ENQ-03982,2025-05-09,Punggol,Walk-in,Small,Household,192.33,0,0
ENQ-03983,2025-09-20,Sungei Kadut,Google Search,Medium,SME,298.48,0,0
ENQ-03984,2025-05-25,Sengkang,Google Search,Small,SME,192.27,1,1
ENQ-03985,2025-02-26,Punggol,Google Search,Small,Household,201.87,0,0
ENQ-03986,2025-11-14,Downtown Core,Meta Ads,Medium,SME,290.92,0,0
ENQ-03987,2025-04-30,Orchard,Referral,Medium,SME,332.79,0,0
ENQ-03988,2025-11-04,Singapore River,Referral,Medium,E-commerce,265.63,0,0
ENQ-03989,2025-11-20,Marina South,Partner,Locker,Household,102.97,1,0
ENQ-03990,2025-09-19,Bedok,Organic,Medium,Household,301.69,0,0
ENQ-03991,2025-01-25,Southern Islands,Meta Ads,Medium,Relocation,292.83,0,0
ENQ-03992,2025-07-12,Yishun,Google Search,Medium,Student/Expats,316.08,0,0
ENQ-03993,2025-03-25,Woodlands,Meta Ads,Large,Student/Expats,419.53,0,0
ENQ-03994,2025-07-03,Clementi,Google Search,Small,Household,195.93,0,0
ENQ-03995,2025-05-12,Novena,Google Search,Small,Household,170.51,0,0
ENQ-03996,2025-07-07,Queenstown,Google Search,Small,Household,169.79,0,0
ENQ-03997,2025-02-25,Bukit Batok,Meta Ads,Locker,Student/Expats,98.23,0,0
ENQ-03998,2025-01-21,Marina East,Meta Ads,Large,Relocation,516.26,1,0
ENQ-03999,2025-08-28,Museum,Organic,Medium,Household,274.35,0,0
ENQ-04000,2025-12-20,Sungei Kadut,Google Search,Small,E-commerce,185.56,1,0
ENQ-04001,2025-05-12,Queenstown,Google Search,Medium,Household,315.36,0,0
ENQ-04002,2025-11-16,Punggol,Google Search,Medium,Relocation,277.92,1,0
ENQ-04003,2025-04-09,Toa Payoh,Organic,Medium,Student/Expats,325.57,0,0
ENQ-04004,2025-06-24,Bukit Merah,Google Search,Small,Household,189.83,0,0
ENQ-04005,2025-07-14,Bukit Batok,Google Search,Medium,Household,306.17,0,0
ENQ-04006,2025-09-20,Marine Parade,Organic,Medium,SME,274.91,0,0
ENQ-04007,2025-09-02,Southern Islands,Walk-in,Small,E-commerce,196.79,0,0
ENQ-04008,2025-01-24,Geylang,Partner,Medium,Household,322.48,1,0
ENQ-04009,2025-07-25,Sembawang,Google Search,Locker,Household,95.69,0,0
ENQ-04010,2025-06-07,Sembawang,Referral,Small,E-commerce,196.38,1,0
ENQ-04011,2025-11-05,Bukit Merah,Meta Ads,Medium,E-commerce,264.37,0,0
ENQ-04012,2025-12-09,Tuas,Google Search,Small,SME,192.08,0,1
ENQ-04013,2025-11-12,Pioneer,Meta Ads,Large,Household,524.36,0,0
ENQ-04014,2025-04-19,Bishan,Partner,Locker,SME,93.71,0,0
ENQ-04015,2025-02-12,Toa Payoh,Google Search,Medium,Relocation,327.54,1,0
ENQ-04016,2025-06-27,Sengkang,Organic,Medium,Household,281.83,0,0
ENQ-04017,2025-05-15,Changi,Organic,Small,Household,166.76,0,0
ENQ-04018,2025-10-05,Woodlands,Google Search,Small,Household,176.84,0,1
ENQ-04019,2025-08-03,Central Water Catchment,Referral,Medium,Household,273.25,1,0
ENQ-04020,2025-08-12,Central Water Catchment,Google Search,Small,E-commerce,185.93,0,0
ENQ-04021,2025-05-23,North-Eastern Islands,Meta Ads,Small,Household,169.98,0,0
ENQ-04022,2025-05-20,Sengkang,Walk-in,Small,Household,179.27,1,0
ENQ-04023,2025-05-10,Simpang,Google Search,Locker,SME,92.84,0,0
ENQ-04024,2025-07-01,Sungei Kadut,Walk-in,Large,E-commerce,489.9,1,0
ENQ-04025,2025-09-10,Simpang,Google Search,Medium,Relocation,282.51,0,0
ENQ-04026,2025-01-07,Rochor,Google Search,Medium,E-commerce,306.6,0,0
ENQ-04027,2025-02-21,Central Water Catchment,Meta Ads,Small,Household,176.24,0,0
ENQ-04028,2025-11-29,Southern Islands,Meta Ads,Small,SME,168.4,0,0
ENQ-04029,2025-05-08,Geylang,Google Search,Large,SME,452.46,0,1
ENQ-04030,2025-10-10,Sungei Kadut,Google Search,Locker,Household,85.45,0,0
ENQ-04031,2025-10-28,Sembawang,Meta Ads,Medium,Household,299.13,0,0
ENQ-04032,2025-09-06,Boon Lay,Google Search,Medium,Household,269.65,1,0
ENQ-04033,2025-07-06,Bukit Timah,Google Search,Small,Household,199.07,1,0
ENQ-04034,2025-01-18,Bukit Timah,Meta Ads,Large,SME,485.24,0,0
ENQ-04035,2025-03-16,Rochor,Walk-in,Medium,Relocation,309.16,1,0
ENQ-04036,2025-04-13,Bukit Timah,Google Search,Locker,Household,94.51,0,0
ENQ-04037,2025-09-25,Tengah,Organic,Locker,Student/Expats,83.66,0,0
ENQ-04038,2025-04-18,Orchard,Google Search,Medium,E-commerce,314.72,0,0
ENQ-04039,2025-08-06,Sengkang,Partner,Small,Household,184.15,0,0
ENQ-04040,2025-06-26,River Valley,Walk-in,Large,Household,451.94,1,0
ENQ-04041,2025-07-25,Jurong East,Walk-in,Large,SME,423.04,0,0
ENQ-04042,2025-01-27,Clementi,Referral,Small,E-commerce,194.18,0,0
ENQ-04043,2025-03-27,Bukit Timah,Referral,Small,Relocation,198.1,0,0
ENQ-04044,2025-08-08,Bishan,Meta Ads,Locker,E-commerce,92.87,0,0
ENQ-04045,2025-09-22,Downtown Core,Organic,Medium,SME,300.13,1,0
ENQ-04046,2025-09-30,Bukit Panjang,Meta Ads,Locker,SME,82.61,0,0
ENQ-04047,2025-06-06,Singapore River,Partner,Medium,E-commerce,262.2,1,0
ENQ-04048,2025-03-19,Kallang,Meta Ads,Small,SME,177.34,0,0
ENQ-04049,2025-01-28,Tuas,Google Search,Large,E-commerce,446.83,0,0
ENQ-04050,2025-11-16,Pioneer,Meta Ads,Medium,Household,320.71,1,1
ENQ-04051,2025-04-23,Mandai,Referral,Small,Household,204.59,1,1
ENQ-04052,2025-03-30,Changi Bay,Partner,Small,E-commerce,184.27,0,0
ENQ-04053,2025-07-21,Pioneer,Meta Ads,Medium,Household,302.71,0,0
ENQ-04054,2025-07-21,Tampines,Google Search,Small,SME,203.5,0,0
ENQ-04055,2025-12-14,Pioneer,Partner,Medium,Household,331.92,0,0
ENQ-04056,2025-09-07,Kallang,Meta Ads,Large,Household,467.51,0,0
ENQ-04057,2025-01-02,Changi,Google Search,Locker,SME,82.96,0,0
ENQ-04058,2025-09-30,Toa Payoh,Organic,Medium,SME,326.64,0,0
ENQ-04059,2025-08-18,Queenstown,Walk-in,Locker,Household,91.4,0,0
ENQ-04060,2025-05-23,Bishan,Walk-in,Medium,Household,316.58,0,0
ENQ-04061,2025-04-18,Jurong East,Meta Ads,Medium,SME,324.42,1,0
ENQ-04062,2025-02-05,Museum,Meta Ads,Small,SME,176.07,1,0
ENQ-04063,2025-01-25,Changi Bay,Google Search,Medium,Household,307.18,0,0
ENQ-04064,2025-02-07,Bedok,Referral,Medium,E-commerce,294.2,1,0
ENQ-04065,2025-07-10,Singapore River,Meta Ads,Small,Relocation,178.59,0,0
ENQ-04066,2025-11-09,Downtown Core,Organic,Small,SME,202.83,0,0
ENQ-04067,2025-09-09,Toa Payoh,Google Search,Small,Household,195.38,0,0
ENQ-04068,2025-12-11,Bukit Batok,Google Search,Small,Household,188.29,0,0
ENQ-04069,2025-02-25,Geylang,Google Search,Small,Household,165.98,0,0
ENQ-04070,2025-10-25,North-Eastern Islands,Organic,Small,Household,171.14,0,0
ENQ-04071,2025-11-17,Hougang,Meta Ads,Locker,Relocation,96.32,0,0
ENQ-04072,2025-05-14,Pasir Ris,Organic,Small,Household,187.9,1,0
ENQ-04073,2025-07-30,Orchard,Referral,Medium,Relocation,291.86,0,0
ENQ-04074,2025-11-15,Choa Chu Kang,Meta Ads,Medium,Household,297.28,0,0
ENQ-04075,2025-08-19,Downtown Core,Organic,Medium,Student/Expats,325.47,0,0
ENQ-04076,2025-12-12,Rochor,Partner,Small,Household,200.22,0,0
ENQ-04077,2025-12-27,Yishun,Google Search,Large,Student/Expats,478.26,0,0
ENQ-04078,2025-12-11,Seletar,Google Search,Locker,SME,92.86,0,0
ENQ-04079,2025-11-26,Orchard,Partner,Medium,SME,261.97,0,0
ENQ-04080,2025-07-13,Bukit Merah,Google Search,Medium,Household,300.78,0,0
ENQ-04081,2025-10-18,North-Eastern Islands,Organic,Medium,Household,327.6,0,0
ENQ-04082,2025-12-05,Pioneer,Google Search,Small,SME,206.94,0,0
ENQ-04083,2025-02-07,Sungei Kadut,Organic,Small,Household,189.62,1,0
ENQ-04084,2025-09-03,Tuas,Walk-in,Large,E-commerce,468.79,1,0
ENQ-04085,2025-07-19,Museum,Meta Ads,Medium,Household,329.0,0,0
ENQ-04086,2025-10-18,Choa Chu Kang,Meta Ads,Locker,SME,92.82,0,1
ENQ-04087,2025-07-04,Sengkang,Meta Ads,Small,SME,175.78,0,0
ENQ-04088,2025-06-22,Newton,Organic,Large,Household,498.31,0,0
ENQ-04089,2025-06-19,Outram,Referral,Medium,Relocation,285.9,0,0
ENQ-04090,2025-02-22,Mandai,Organic,Medium,Relocation,272.68,0,0
ENQ-04091,2025-09-25,Straits View,Organic,Medium,Household,323.98,0,0
ENQ-04092,2025-05-25,Straits View,Google Search,Locker,Relocation,101.98,0,0
ENQ-04093,2025-08-12,Simpang,Partner,Small,Household,170.38,0,0
ENQ-04094,2025-09-11,Pasir Ris,Organic,Medium,Household,278.67,0,0
ENQ-04095,2025-01-04,Marine Parade,Meta Ads,Small,E-commerce,174.22,0,0
ENQ-04096,2025-11-24,Clementi,Meta Ads,Small,Household,166.65,0,0
ENQ-04097,2025-09-21,Woodlands,Organic,Locker,SME,90.02,0,0
ENQ-04098,2025-03-09,Geylang,Google Search,Medium,Household,279.69,0,0
ENQ-04099,2025-04-06,North-Eastern Islands,Partner,Locker,Household,88.11,0,0
ENQ-04100,2025-12-02,Seletar,Partner,Medium,E-commerce,281.02,0,0
ENQ-04101,2025-12-09,Tuas,Google Search,Locker,SME,99.71,0,0
ENQ-04102,2025-11-28,River Valley,Google Search,Medium,SME,277.05,0,0
ENQ-04103,2025-10-04,Marina South,Google Search,Medium,Household,317.45,0,0
ENQ-04104,2025-11-24,Sungei Kadut,Walk-in,Small,SME,203.02,0,0
ENQ-04105,2025-10-17,Marina East,Google Search,Locker,Student/Expats,95.9,0,0
ENQ-04106,2025-07-02,Changi Bay,Organic,Locker,E-commerce,88.21,0,0
ENQ-04107,2025-12-24,Tampines,Partner,Locker,Student/Expats,99.78,0,0
ENQ-04108,2025-11-25,Tampines,Google Search,Small,Relocation,177.09,0,1
ENQ-04109,2025-02-06,Outram,Google Search,Locker,Household,88.91,0,0
ENQ-04110,2025-05-05,Geylang,Referral,Small,Household,171.68,0,0
ENQ-04111,2025-01-08,Sembawang,Partner,Small,E-commerce,204.01,0,0
ENQ-04112,2025-11-05,Sungei Kadut,Google Search,Medium,Student/Expats,275.56,1,0
ENQ-04113,2025-10-25,Marina East,Google Search,Small,Household,196.89,0,0
ENQ-04114,2025-07-21,Simpang,Organic,Medium,E-commerce,317.89,0,0
ENQ-04115,2025-04-08,Marina South,Google Search,Large,Household,444.25,1,0
ENQ-04116,2025-07-29,Choa Chu Kang,Google Search,Small,Student/Expats,205.73,0,0
ENQ-04117,2025-03-23,Woodlands,Google Search,Locker,Student/Expats,97.99,0,0
ENQ-04118,2025-10-03,Kallang,Google Search,Medium,Household,286.52,0,0
ENQ-04119,2025-07-26,Outram,Referral,Small,Household,163.51,0,0
ENQ-04120,2025-01-17,Mandai,Partner,Locker,Household,93.8,0,0
ENQ-04121,2025-09-08,Hougang,Google Search,Medium,Student/Expats,321.97,0,0
ENQ-04122,2025-05-25,Queenstown,Partner,Large,Household,462.78,0,0
ENQ-04123,2025-06-21,Novena,Google Search,Medium,SME,331.29,0,0
ENQ-04124,2025-03-20,Marina South,Referral,Locker,Household,93.45,1,0
ENQ-04125,2025-01-18,Singapore River,Walk-in,Small,Household,175.6,0,0
ENQ-04126,2025-03-26,Bukit Batok,Google Search,Medium,E-commerce,315.89,0,0
ENQ-04127,2025-07-19,Changi Bay,Referral,Small,SME,164.17,0,0
ENQ-04128,2025-08-14,Changi Bay,Meta Ads,Medium,Household,304.44,0,0
ENQ-04129,2025-11-26,River Valley,Meta Ads,Medium,Household,331.12,0,0
ENQ-04130,2025-11-29,Pasir Ris,Organic,Medium,SME,292.62,0,0
ENQ-04131,2025-08-01,Punggol,Organic,Medium,Household,308.39,0,0
ENQ-04132,2025-03-15,Kallang,Referral,Small,Household,168.1,0,0
ENQ-04133,2025-01-20,Bukit Panjang,Referral,Small,Student/Expats,166.26,1,0
ENQ-04134,2025-01-14,Punggol,Meta Ads,Locker,Student/Expats,89.02,0,0
ENQ-04135,2025-07-29,Tampines,Walk-in,Locker,Household,90.54,0,0
ENQ-04136,2025-07-23,Downtown Core,Walk-in,Medium,Household,300.55,0,0
ENQ-04137,2025-04-05,Bedok,Meta Ads,Medium,Household,262.84,0,0
ENQ-04138,2025-10-11,Singapore River,Meta Ads,Medium,Student/Expats,294.85,0,0
ENQ-04139,2025-06-26,Bedok,Walk-in,Large,Household,515.11,0,0
ENQ-04140,2025-07-17,Pasir Ris,Google Search,Small,SME,163.92,0,0
ENQ-04141,2025-11-12,Jurong East,Meta Ads,Large,SME,448.96,0,0
ENQ-04142,2025-06-18,Lim Chu Kang,Partner,Medium,Household,262.5,0,0
ENQ-04143,2025-05-21,Changi,Walk-in,Medium,Household,310.11,1,0
ENQ-04144,2025-03-05,Ang Mo Kio,Meta Ads,Medium,Household,314.45,0,0
ENQ-04145,2025-02-07,Serangoon,Google Search,Large,SME,487.15,0,0
ENQ-04146,2025-04-08,Singapore River,Partner,Locker,Household,97.32,0,0
ENQ-04147,2025-07-27,Toa Payoh,Partner,Medium,E-commerce,284.73,0,0
ENQ-04148,2025-03-22,Bukit Batok,Meta Ads,Locker,Household,103.47,0,0
ENQ-04149,2025-04-02,Sungei Kadut,Organic,Small,Household,193.56,0,0
ENQ-04150,2025-05-08,Bedok,Meta Ads,Locker,Student/Expats,91.53,0,0
ENQ-04151,2025-04-16,Jurong West,Meta Ads,Locker,Relocation,96.6,1,0
ENQ-04152,2025-07-03,Museum,Google Search,Small,SME,200.76,1,0
ENQ-04153,2025-05-13,Bedok,Organic,Locker,Student/Expats,85.72,0,0
ENQ-04154,2025-11-15,Tampines,Organic,Locker,SME,92.79,1,0
ENQ-04155,2025-02-05,Serangoon,Meta Ads,Small,Student/Expats,206.82,0,0
ENQ-04156,2025-01-23,Toa Payoh,Meta Ads,Medium,E-commerce,276.02,0,0
ENQ-04157,2025-02-02,Changi,Walk-in,Medium,Student/Expats,315.25,1,0
ENQ-04158,2025-07-19,Central Water Catchment,Partner,Medium,SME,325.78,0,0
ENQ-04159,2025-03-11,Yishun,Google Search,Medium,Household,316.87,0,0
ENQ-04160,2025-12-14,Southern Islands,Google Search,Locker,SME,82.41,0,0
ENQ-04161,2025-08-12,Western Water Catchment,Google Search,Small,Household,199.86,0,0
ENQ-04162,2025-10-11,Simpang,Walk-in,Medium,Household,330.49,0,0
ENQ-04163,2025-10-30,Sembawang,Google Search,Small,Student/Expats,184.03,0,0
ENQ-04164,2025-01-15,Simpang,Walk-in,Large,Household,490.25,0,0
ENQ-04165,2025-09-01,Bukit Panjang,Walk-in,Medium,E-commerce,313.52,0,0
ENQ-04166,2025-07-05,Newton,Meta Ads,Small,Household,172.29,0,0
ENQ-04167,2025-11-07,Changi,Walk-in,Medium,Household,332.27,0,0
ENQ-04168,2025-07-04,Pioneer,Google Search,Small,Student/Expats,166.7,1,0
ENQ-04169,2025-07-14,Sembawang,Meta Ads,Locker,Household,99.58,0,0
ENQ-04170,2025-06-10,Jurong West,Google Search,Medium,Household,321.4,0,0
ENQ-04171,2025-08-10,Bukit Timah,Google Search,Medium,Household,323.82,0,0
ENQ-04172,2025-11-11,Hougang,Referral,Large,SME,448.82,0,0
ENQ-04173,2025-07-09,Jurong East,Meta Ads,Medium,Household,333.08,0,0
ENQ-04174,2025-02-16,Simpang,Referral,Small,Student/Expats,182.12,0,0
ENQ-04175,2025-02-12,Bedok,Referral,Locker,SME,100.71,0,0
ENQ-04176,2025-03-23,Newton,Google Search,Large,Household,470.73,1,1
ENQ-04177,2025-05-21,Downtown Core,Google Search,Medium,Student/Expats,308.46,0,0
ENQ-04178,2025-01-03,Yishun,Organic,Small,SME,197.63,0,0
ENQ-04179,2025-11-11,Tampines,Meta Ads,Large,Relocation,499.34,1,0
ENQ-04180,2025-02-07,Boon Lay,Organic,Small,E-commerce,196.11,0,0
ENQ-04181,2025-02-14,Tuas,Referral,Large,Student/Expats,450.6,0,0
ENQ-04182,2025-09-11,Bukit Merah,Organic,Medium,Household,310.76,0,0
ENQ-04183,2025-08-02,North-Eastern Islands,Meta Ads,Medium,Relocation,313.54,0,0
ENQ-04184,2025-12-22,Southern Islands,Google Search,Small,Household,197.6,0,0
ENQ-04185,2025-01-13,Choa Chu Kang,Google Search,Large,Relocation,458.5,0,0
ENQ-04186,2025-07-29,Sembawang,Walk-in,Small,Household,197.77,0,0
ENQ-04187,2025-01-28,Changi,Referral,Small,SME,180.06,0,0
ENQ-04188,2025-03-20,Pasir Ris,Referral,Medium,Household,303.04,0,0
ENQ-04189,2025-07-30,Ang Mo Kio,Meta Ads,Locker,SME,101.01,0,0
ENQ-04190,2025-11-16,Outram,Walk-in,Small,Household,202.37,1,0
ENQ-04191,2025-03-05,Punggol,Organic,Small,SME,170.84,0,0
ENQ-04192,2025-06-20,Choa Chu Kang,Meta Ads,Medium,Household,323.68,0,0
ENQ-04193,2025-01-20,Novena,Organic,Locker,SME,92.94,0,0
ENQ-04194,2025-06-21,Changi Bay,Walk-in,Large,Household,497.94,0,0
ENQ-04195,2025-10-19,Tuas,Google Search,Small,SME,201.06,1,0
ENQ-04196,2025-02-04,Downtown Core,Meta Ads,Locker,SME,98.74,0,0
ENQ-04197,2025-06-27,Novena,Google Search,Large,Household,473.72,0,0
ENQ-04198,2025-12-25,Kallang,Google Search,Small,E-commerce,186.64,0,0
ENQ-04199,2025-02-06,Bukit Batok,Meta Ads,Small,SME,175.64,1,0
ENQ-04200,2025-05-31,Geylang,Organic,Medium,Student/Expats,288.01,0,0
ENQ-04201,2025-09-17,Newton,Organic,Small,Household,172.09,1,0
ENQ-04202,2025-11-07,Straits View,Walk-in,Medium,Household,303.98,1,0
ENQ-04203,2025-04-02,Central Water Catchment,Organic,Locker,Household,95.51,1,0
ENQ-04204,2025-07-02,Jurong East,Walk-in,Large,Relocation,507.09,1,0
ENQ-04205,2025-02-12,North-Eastern Islands,Organic,Large,Household,519.53,1,0
ENQ-04206,2025-05-20,Sembawang,Partner,Medium,SME,324.8,1,0
ENQ-04207,2025-06-01,Bukit Panjang,Meta Ads,Locker,SME,97.82,0,0
ENQ-04208,2025-10-05,Boon Lay,Meta Ads,Locker,Household,101.14,0,0
ENQ-04209,2025-07-31,Jurong West,Meta Ads,Large,Household,471.18,1,0
ENQ-04210,2025-11-18,Bukit Panjang,Google Search,Small,Relocation,192.6,1,0
ENQ-04211,2025-01-30,Hougang,Google Search,Medium,Household,264.03,0,0
ENQ-04212,2025-01-08,Central Water Catchment,Partner,Small,Household,166.55,0,0
ENQ-04213,2025-05-30,Orchard,Partner,Small,SME,174.03,0,1
ENQ-04214,2025-05-21,Bukit Timah,Organic,Locker,Household,88.64,0,0
ENQ-04215,2025-11-04,Newton,Organic,Small,Household,175.71,1,0
ENQ-04216,2025-02-28,Yishun,Meta Ads,Medium,Household,281.94,0,0
ENQ-04217,2025-11-29,Jurong West,Meta Ads,Small,Student/Expats,192.2,0,0
ENQ-04218,2025-01-06,River Valley,Meta Ads,Locker,SME,103.45,0,0
ENQ-04219,2025-09-22,Bishan,Meta Ads,Small,Student/Expats,195.14,1,1
ENQ-04220,2025-01-28,Pioneer,Meta Ads,Small,Household,162.47,0,0
ENQ-04221,2025-10-03,Sembawang,Referral,Locker,SME,92.52,1,0
ENQ-04222,2025-02-14,Punggol,Partner,Locker,SME,95.23,0,0
ENQ-04223,2025-09-03,Pioneer,Organic,Medium,Student/Expats,300.68,0,0
ENQ-04224,2025-09-10,Straits View,Google Search,Large,SME,494.45,1,1
ENQ-04225,2025-05-27,Singapore River,Meta Ads,Large,Household,475.24,0,0
ENQ-04226,2025-07-16,Bukit Merah,Google Search,Large,Household,451.47,0,0
ENQ-04227,2025-08-03,Bukit Batok,Google Search,Small,Household,203.32,0,0
ENQ-04228,2025-09-06,Orchard,Partner,Small,SME,203.97,0,0
ENQ-04229,2025-06-02,Kallang,Google Search,Large,SME,450.88,0,0
ENQ-04230,2025-08-12,Downtown Core,Meta Ads,Medium,SME,283.98,0,0
ENQ-04231,2025-08-03,Singapore River,Organic,Medium,SME,291.69,1,0
ENQ-04232,2025-08-08,Boon Lay,Google Search,Small,SME,206.09,0,0
ENQ-04233,2025-04-16,Sungei Kadut,Walk-in,Locker,SME,102.81,1,0
ENQ-04234,2025-06-19,Choa Chu Kang,Google Search,Small,Household,174.72,0,1
ENQ-04235,2025-09-08,Bishan,Google Search,Small,Household,185.81,0,0
ENQ-04236,2025-12-23,Simpang,Google Search,Small,Household,175.95,0,0
ENQ-04237,2025-11-13,Sungei Kadut,Google Search,Small,Relocation,190.25,1,0
ENQ-04238,2025-02-13,Museum,Referral,Locker,Household,88.18,1,0
ENQ-04239,2025-01-06,Marina South,Organic,Locker,SME,84.78,0,0
ENQ-04240,2025-06-21,Downtown Core,Meta Ads,Small,Student/Expats,170.52,0,0
ENQ-04241,2025-05-12,Marina South,Partner,Medium,Household,267.29,0,0
ENQ-04242,2025-08-18,Marina South,Google Search,Medium,Student/Expats,266.51,0,0
ENQ-04243,2025-07-25,Central Water Catchment,Referral,Medium,Relocation,261.45,0,0
ENQ-04244,2025-07-13,Tengah,Organic,Small,SME,191.9,1,0
ENQ-04245,2025-10-20,River Valley,Walk-in,Small,SME,204.45,0,0
ENQ-04246,2025-04-02,Bishan,Organic,Small,SME,167.04,0,0
ENQ-04247,2025-12-23,Lim Chu Kang,Google Search,Medium,SME,292.91,0,0
ENQ-04248,2025-11-28,Bukit Panjang,Referral,Locker,SME,93.73,1,0
ENQ-04249,2025-01-04,Southern Islands,Walk-in,Small,Household,169.59,0,0
ENQ-04250,2025-11-19,Straits View,Referral,Locker,Household,95.67,1,0
ENQ-04251,2025-06-16,Rochor,Meta Ads,Medium,Student/Expats,288.43,0,0
ENQ-04252,2025-05-11,Jurong West,Meta Ads,Medium,Relocation,298.66,0,0
ENQ-04253,2025-09-01,Bishan,Organic,Medium,Household,301.46,0,0
ENQ-04254,2025-03-20,Newton,Google Search,Small,Household,172.1,0,0
ENQ-04255,2025-12-04,Marina East,Walk-in,Medium,E-commerce,327.19,1,0
ENQ-04256,2025-04-08,North-Eastern Islands,Organic,Medium,E-commerce,322.9,0,0
ENQ-04257,2025-11-21,North-Eastern Islands,Google Search,Locker,Household,98.6,1,0
ENQ-04258,2025-03-04,Southern Islands,Walk-in,Small,Student/Expats,180.65,0,0
ENQ-04259,2025-11-30,Central Water Catchment,Google Search,Medium,Household,308.6,0,0
ENQ-04260,2025-09-26,Changi Bay,Google Search,Medium,E-commerce,330.85,0,0
ENQ-04261,2025-07-25,Changi,Google Search,Medium,Student/Expats,312.02,1,0
ENQ-04262,2025-01-23,Yishun,Partner,Medium,SME,315.34,0,0
ENQ-04263,2025-06-23,Tuas,Google Search,Medium,Household,305.56,0,0
ENQ-04264,2025-03-01,Hougang,Organic,Small,Household,162.44,0,0
ENQ-04265,2025-05-07,Marina South,Google Search,Medium,Household,291.63,0,0
ENQ-04266,2025-01-29,Kallang,Partner,Small,Household,195.27,0,0
ENQ-04267,2025-04-06,Toa Payoh,Google Search,Medium,E-commerce,281.12,0,0
ENQ-04268,2025-04-20,Western Water Catchment,Google Search,Medium,Household,291.77,0,0
ENQ-04269,2025-04-22,Bukit Timah,Organic,Locker,Relocation,87.57,1,0
ENQ-04270,2025-05-24,Western Water Catchment,Google Search,Small,Household,180.74,1,0
ENQ-04271,2025-03-03,Woodlands,Partner,Small,Household,200.5,0,0
ENQ-04272,2025-04-04,Hougang,Google Search,Small,Household,176.3,1,0
ENQ-04273,2025-08-24,Pioneer,Referral,Locker,SME,96.38,0,0
ENQ-04274,2025-09-05,Newton,Organic,Medium,SME,330.23,0,0
ENQ-04275,2025-08-29,Marina East,Meta Ads,Medium,Household,323.03,0,0
ENQ-04276,2025-06-08,Choa Chu Kang,Referral,Small,Household,191.24,0,0
ENQ-04277,2025-08-15,Central Water Catchment,Referral,Small,Relocation,173.39,0,0
ENQ-04278,2025-09-29,Jurong East,Google Search,Locker,Household,82.92,0,0
ENQ-04279,2025-05-31,Marina South,Meta Ads,Small,Household,162.02,0,0
ENQ-04280,2025-04-04,Boon Lay,Google Search,Small,E-commerce,187.23,0,0
ENQ-04281,2025-06-13,Tuas,Google Search,Locker,SME,97.06,1,0
ENQ-04282,2025-08-22,River Valley,Partner,Medium,Household,332.14,1,0
ENQ-04283,2025-02-06,Clementi,Walk-in,Medium,Relocation,294.29,0,0
ENQ-04284,2025-05-06,Lim Chu Kang,Meta Ads,Small,Household,165.94,0,0
ENQ-04285,2025-10-14,Changi,Google Search,Medium,E-commerce,298.44,0,0
ENQ-04286,2025-07-28,Choa Chu Kang,Organic,Medium,Household,290.33,1,0
ENQ-04287,2025-09-05,Sembawang,Google Search,Small,Household,189.32,0,0
ENQ-04288,2025-07-17,Ang Mo Kio,Google Search,Locker,Relocation,96.04,0,0
ENQ-04289,2025-07-08,Lim Chu Kang,Walk-in,Medium,Student/Expats,273.61,0,0
ENQ-04290,2025-12-13,Bedok,Meta Ads,Small,SME,179.87,1,0
ENQ-04291,2025-10-08,Marina East,Meta Ads,Large,Household,417.22,0,1
ENQ-04292,2025-03-16,Queenstown,Organic,Locker,SME,97.49,0,0
ENQ-04293,2025-11-26,Queenstown,Partner,Locker,Household,92.18,1,0
ENQ-04294,2025-05-06,Western Water Catchment,Organic,Small,Relocation,194.56,0,0
ENQ-04295,2025-12-16,Sengkang,Meta Ads,Small,Household,193.63,0,0
ENQ-04296,2025-12-16,Serangoon,Partner,Medium,SME,322.61,0,0
ENQ-04297,2025-03-24,Simpang,Partner,Medium,SME,292.39,0,0
ENQ-04298,2025-07-05,Clementi,Google Search,Medium,Relocation,271.31,1,0
ENQ-04299,2025-01-22,Bukit Panjang,Organic,Small,SME,195.75,0,0
ENQ-04300,2025-11-22,Boon Lay,Referral,Locker,Household,87.9,1,0
ENQ-04301,2025-08-28,Bedok,Meta Ads,Locker,E-commerce,83.39,0,0
ENQ-04302,2025-07-24,Bedok,Meta Ads,Small,Household,183.5,1,0
ENQ-04303,2025-07-26,Woodlands,Meta Ads,Small,SME,195.8,0,0
ENQ-04304,2025-08-19,Museum,Partner,Small,E-commerce,177.62,0,0
ENQ-04305,2025-10-03,Pioneer,Partner,Medium,Household,289.77,0,0
ENQ-04306,2025-06-26,Hougang,Google Search,Large,Household,473.34,0,0
ENQ-04307,2025-05-25,Singapore River,Meta Ads,Small,Household,163.33,0,0
ENQ-04308,2025-08-08,Tampines,Meta Ads,Small,Student/Expats,170.94,0,0
ENQ-04309,2025-12-12,Choa Chu Kang,Google Search,Medium,E-commerce,320.62,1,1
ENQ-04310,2025-02-27,Sengkang,Google Search,Small,E-commerce,167.09,0,0
ENQ-04311,2025-06-15,Ang Mo Kio,Meta Ads,Small,Household,173.38,0,0
ENQ-04312,2025-03-18,Sungei Kadut,Meta Ads,Small,Household,171.58,0,0
ENQ-04313,2025-02-20,Western Water Catchment,Google Search,Medium,E-commerce,310.92,0,0
ENQ-04314,2025-01-27,Punggol,Referral,Medium,Household,310.38,1,0
ENQ-04315,2025-07-31,Seletar,Google Search,Small,SME,190.24,0,0
ENQ-04316,2025-01-08,Marine Parade,Google Search,Small,E-commerce,177.6,0,0
ENQ-04317,2025-04-02,Orchard,Google Search,Medium,SME,277.53,1,0
ENQ-04318,2025-04-29,Rochor,Meta Ads,Medium,Household,264.32,1,0
ENQ-04319,2025-09-27,Boon Lay,Google Search,Medium,SME,277.4,0,0
ENQ-04320,2025-06-07,Clementi,Organic,Medium,Student/Expats,272.9,0,0
ENQ-04321,2025-12-16,Changi,Walk-in,Large,Household,417.24,0,0
ENQ-04322,2025-02-18,Hougang,Meta Ads,Locker,Household,101.05,0,0
ENQ-04323,2025-01-15,Bukit Timah,Google Search,Medium,Household,309.27,0,1
ENQ-04324,2025-10-08,Bukit Batok,Organic,Locker,Student/Expats,82.99,0,0
ENQ-04325,2025-07-28,Woodlands,Partner,Small,Household,178.46,0,0
ENQ-04326,2025-03-25,Singapore River,Meta Ads,Small,Household,180.93,0,1
ENQ-04327,2025-07-29,Serangoon,Organic,Small,Household,200.37,0,0
ENQ-04328,2025-01-17,Woodlands,Walk-in,Locker,Household,81.67,0,0
ENQ-04329,2025-10-12,Marine Parade,Partner,Medium,Student/Expats,291.67,1,0
ENQ-04330,2025-04-05,Bukit Panjang,Organic,Small,SME,200.56,1,0
ENQ-04331,2025-11-22,Outram,Partner,Locker,Relocation,90.51,1,0
ENQ-04332,2025-05-13,Museum,Meta Ads,Large,Relocation,525.67,1,0
ENQ-04333,2025-05-14,Outram,Google Search,Locker,Relocation,100.28,0,0
ENQ-04334,2025-03-28,Seletar,Referral,Locker,Household,91.3,0,0
ENQ-04335,2025-03-22,Boon Lay,Organic,Medium,Student/Expats,299.15,0,1
ENQ-04336,2025-11-29,Outram,Referral,Locker,Household,100.51,0,0
ENQ-04337,2025-07-08,Bukit Panjang,Referral,Medium,Household,320.2,0,0
ENQ-04338,2025-09-23,Changi,Meta Ads,Medium,SME,288.05,0,0
ENQ-04339,2025-08-20,Novena,Meta Ads,Locker,Relocation,87.81,0,0
ENQ-04340,2025-03-25,Sembawang,Referral,Locker,Household,81.74,1,0
ENQ-04341,2025-12-11,Bukit Merah,Google Search,Medium,Household,294.34,0,0
ENQ-04342,2025-04-06,Rochor,Partner,Medium,Household,306.29,1,0
ENQ-04343,2025-03-30,Marina South,Google Search,Small,Student/Expats,198.02,0,0
ENQ-04344,2025-10-05,Jurong East,Referral,Small,Student/Expats,188.75,0,0
ENQ-04345,2025-11-02,Straits View,Organic,Large,Student/Expats,482.08,0,0
ENQ-04346,2025-07-23,Bukit Batok,Partner,Small,Household,194.59,1,0
ENQ-04347,2025-07-11,Bukit Batok,Meta Ads,Small,Household,169.68,1,0
ENQ-04348,2025-03-20,Bukit Merah,Walk-in,Locker,Household,92.34,0,0
ENQ-04349,2025-11-06,Novena,Google Search,Medium,E-commerce,284.38,0,0
ENQ-04350,2025-12-06,Pioneer,Meta Ads,Large,Relocation,490.63,0,0
ENQ-04351,2025-11-25,Outram,Organic,Medium,SME,284.36,1,0
ENQ-04352,2025-11-17,Bedok,Google Search,Large,E-commerce,459.0,0,0
ENQ-04353,2025-06-03,Ang Mo Kio,Organic,Small,SME,165.59,0,0
ENQ-04354,2025-06-14,Bukit Merah,Google Search,Small,SME,190.76,0,0
ENQ-04355,2025-10-03,North-Eastern Islands,Google Search,Medium,Household,278.15,0,0
ENQ-04356,2025-06-03,Bedok,Organic,Medium,Student/Expats,286.02,0,0
ENQ-04357,2025-12-30,Punggol,Walk-in,Small,Household,193.96,1,0
ENQ-04358,2025-07-18,Sembawang,Google Search,Small,Household,184.12,1,0
ENQ-04359,2025-06-10,Boon Lay,Organic,Small,Household,182.19,0,0
ENQ-04360,2025-04-21,Tanglin,Google Search,Large,E-commerce,431.68,1,0
ENQ-04361,2025-08-09,Straits View,Walk-in,Locker,Student/Expats,97.83,0,0
ENQ-04362,2025-06-23,Tengah,Partner,Large,Household,456.9,0,0
ENQ-04363,2025-06-15,Mandai,Partner,Small,Household,202.88,1,0
ENQ-04364,2025-08-07,River Valley,Google Search,Small,Household,179.05,0,0
ENQ-04365,2025-08-13,Marina East,Meta Ads,Medium,Household,301.4,0,0
ENQ-04366,2025-04-27,Rochor,Organic,Small,SME,181.99,0,0
ENQ-04367,2025-11-27,Mandai,Google Search,Locker,Relocation,90.41,0,1
ENQ-04368,2025-05-04,Ang Mo Kio,Google Search,Locker,Household,92.69,0,0
ENQ-04369,2025-01-17,Geylang,Meta Ads,Small,Student/Expats,174.01,0,0
ENQ-04370,2025-06-02,River Valley,Google Search,Medium,Household,313.54,0,0
ENQ-04371,2025-09-06,Woodlands,Walk-in,Medium,Relocation,265.63,0,0
ENQ-04372,2025-02-28,Southern Islands,Organic,Large,Relocation,440.11,0,0
ENQ-04373,2025-10-11,Bukit Batok,Organic,Small,Household,179.41,0,0
ENQ-04374,2025-11-19,Woodlands,Google Search,Locker,Household,96.01,0,0
ENQ-04375,2025-03-29,Toa Payoh,Google Search,Small,Household,176.77,0,0
ENQ-04376,2025-11-23,Outram,Referral,Small,Household,166.64,0,0
ENQ-04377,2025-04-04,Sengkang,Organic,Large,Household,512.71,0,1
ENQ-04378,2025-03-08,Orchard,Google Search,Small,SME,182.16,1,0
ENQ-04379,2025-02-13,Southern Islands,Organic,Small,SME,193.51,0,0
ENQ-04380,2025-04-16,Singapore River,Google Search,Small,Household,173.07,1,0
ENQ-04381,2025-12-10,Lim Chu Kang,Meta Ads,Locker,E-commerce,91.18,0,0
ENQ-04382,2025-07-19,Rochor,Referral,Large,Household,524.59,0,0
ENQ-04383,2025-12-20,Singapore River,Meta Ads,Medium,SME,298.31,0,0
ENQ-04384,2025-04-30,Newton,Walk-in,Medium,Student/Expats,282.04,0,0
ENQ-04385,2025-05-28,Bukit Merah,Organic,Medium,Household,320.32,0,0
ENQ-04386,2025-03-26,Orchard,Partner,Medium,E-commerce,262.36,0,0
ENQ-04387,2025-03-30,Outram,Walk-in,Medium,Household,316.88,0,0
ENQ-04388,2025-10-24,Marina South,Organic,Medium,SME,279.19,0,0
ENQ-04389,2025-10-19,Bishan,Referral,Large,SME,464.1,1,0
ENQ-04390,2025-01-09,Rochor,Organic,Small,E-commerce,171.53,1,0
ENQ-04391,2025-07-22,Ang Mo Kio,Partner,Small,Household,181.05,1,0
ENQ-04392,2025-03-03,Boon Lay,Partner,Small,Household,188.3,0,0
ENQ-04393,2025-06-28,Central Water Catchment,Google Search,Medium,Household,317.81,0,0
ENQ-04394,2025-10-10,Museum,Google Search,Small,SME,179.01,0,0
ENQ-04395,2025-06-28,North-Eastern Islands,Google Search,Medium,Household,308.01,0,0
ENQ-04396,2025-05-30,Southern Islands,Referral,Locker,Household,102.67,0,0
ENQ-04397,2025-02-26,Clementi,Google Search,Small,Household,203.11,1,0
ENQ-04398,2025-08-20,Tanglin,Organic,Medium,E-commerce,315.05,0,0
ENQ-04399,2025-05-26,Tuas,Google Search,Medium,SME,305.61,1,0
ENQ-04400,2025-05-28,Singapore River,Partner,Small,Household,181.24,0,0
ENQ-04401,2025-03-24,Jurong East,Organic,Medium,Household,287.5,1,0
ENQ-04402,2025-08-07,Pioneer,Organic,Locker,Household,83.96,1,0
ENQ-04403,2025-12-21,Downtown Core,Google Search,Large,Household,419.96,0,0
ENQ-04404,2025-09-11,Orchard,Walk-in,Medium,SME,271.0,1,0
ENQ-04405,2025-10-31,Boon Lay,Referral,Large,Household,450.58,1,0
ENQ-04406,2025-06-06,Western Water Catchment,Referral,Medium,Relocation,299.62,1,0
ENQ-04407,2025-05-24,Marina East,Walk-in,Medium,Household,324.5,0,0
ENQ-04408,2025-04-15,Changi,Google Search,Locker,Household,102.45,0,0
ENQ-04409,2025-02-07,Punggol,Walk-in,Small,Household,184.99,0,0
ENQ-04410,2025-01-02,Seletar,Google Search,Medium,E-commerce,266.4,0,0
ENQ-04411,2025-08-10,Changi Bay,Organic,Medium,E-commerce,310.74,0,0
ENQ-04412,2025-10-17,Pasir Ris,Organic,Small,Relocation,181.71,1,0
ENQ-04413,2025-10-04,Bishan,Organic,Medium,Student/Expats,284.45,0,0
ENQ-04414,2025-01-25,Western Water Catchment,Referral,Small,SME,197.19,0,0
ENQ-04415,2025-04-07,Newton,Google Search,Large,E-commerce,508.48,0,0
ENQ-04416,2025-09-13,Rochor,Referral,Small,Household,166.9,0,0
ENQ-04417,2025-04-25,Geylang,Organic,Medium,Household,286.51,0,0
ENQ-04418,2025-09-09,Toa Payoh,Meta Ads,Large,E-commerce,485.86,0,0
ENQ-04419,2025-04-10,Ang Mo Kio,Meta Ads,Small,SME,180.28,1,0
ENQ-04420,2025-07-27,Hougang,Walk-in,Small,SME,178.93,0,0
ENQ-04421,2025-02-14,Rochor,Organic,Locker,Household,102.58,0,0
ENQ-04422,2025-01-23,Downtown Core,Partner,Large,Household,422.01,0,0
ENQ-04423,2025-08-23,Mandai,Organic,Locker,SME,97.26,0,0
ENQ-04424,2025-03-06,Toa Payoh,Organic,Medium,Household,297.42,0,0
ENQ-04425,2025-09-05,Museum,Meta Ads,Locker,Household,85.11,0,0
ENQ-04426,2025-02-04,Changi Bay,Meta Ads,Large,SME,451.43,1,0
ENQ-04427,2025-09-23,Serangoon,Meta Ads,Medium,Household,332.67,0,0
ENQ-04428,2025-09-18,Boon Lay,Google Search,Small,Student/Expats,195.16,0,0
ENQ-04429,2025-10-15,Kallang,Meta Ads,Medium,Relocation,281.15,0,0
ENQ-04430,2025-05-09,Seletar,Meta Ads,Medium,Student/Expats,328.87,0,0
ENQ-04431,2025-04-12,Outram,Google Search,Medium,Student/Expats,324.2,0,0
ENQ-04432,2025-03-17,Western Water Catchment,Google Search,Medium,SME,271.37,0,0
ENQ-04433,2025-07-19,Museum,Walk-in,Medium,SME,291.28,0,0
ENQ-04434,2025-08-04,Museum,Organic,Small,SME,199.54,1,1
ENQ-04435,2025-12-13,Tuas,Google Search,Small,Household,175.77,1,0
ENQ-04436,2025-09-24,Jurong East,Google Search,Large,Student/Expats,422.23,1,0
ENQ-04437,2025-05-25,Marina East,Meta Ads,Medium,SME,310.86,0,0
ENQ-04438,2025-02-01,Southern Islands,Google Search,Medium,Household,281.0,0,0
ENQ-04439,2025-11-17,Bishan,Referral,Medium,Household,308.48,0,0
ENQ-04440,2025-01-11,Marina East,Organic,Large,Household,448.09,1,0
ENQ-04441,2025-01-02,River Valley,Referral,Large,Household,498.58,0,0
ENQ-04442,2025-05-11,Simpang,Meta Ads,Locker,Household,93.48,0,0
ENQ-04443,2025-08-04,Singapore River,Meta Ads,Large,Household,445.43,0,0
ENQ-04444,2025-02-14,Toa Payoh,Partner,Large,Household,427.88,0,0
ENQ-04445,2025-06-08,Novena,Partner,Medium,Household,313.33,0,0
ENQ-04446,2025-10-15,Singapore River,Walk-in,Small,Student/Expats,174.56,1,0
ENQ-04447,2025-09-04,Southern Islands,Organic,Small,Household,179.02,0,0
ENQ-04448,2025-01-18,Pioneer,Meta Ads,Large,Relocation,489.94,0,0
ENQ-04449,2025-02-21,Hougang,Referral,Small,Student/Expats,168.35,1,0
ENQ-04450,2025-01-13,Orchard,Google Search,Medium,Student/Expats,302.96,0,0
ENQ-04451,2025-10-15,Punggol,Walk-in,Locker,Student/Expats,93.76,0,0
ENQ-04452,2025-01-05,Western Water Catchment,Organic,Large,SME,491.89,0,0
ENQ-04453,2025-09-26,Bukit Batok,Partner,Locker,SME,90.86,1,0
ENQ-04454,2025-04-23,Bishan,Organic,Locker,SME,91.46,0,0
ENQ-04455,2025-10-04,Southern Islands,Partner,Medium,Household,294.58,0,0
ENQ-04456,2025-09-20,Bukit Batok,Organic,Small,Household,188.57,0,0
ENQ-04457,2025-12-13,Tampines,Meta Ads,Locker,Household,85.29,0,0
ENQ-04458,2025-10-09,Bukit Panjang,Meta Ads,Small,SME,190.43,1,0
ENQ-04459,2025-11-26,Bedok,Google Search,Small,Household,204.98,1,0
ENQ-04460,2025-09-17,Tuas,Google Search,Small,Relocation,181.84,1,0
ENQ-04461,2025-04-26,Rochor,Walk-in,Medium,Household,290.69,0,0
ENQ-04462,2025-01-09,Geylang,Google Search,Small,Household,181.47,0,0
ENQ-04463,2025-12-31,River Valley,Google Search,Large,Household,516.7,0,0
ENQ-04464,2025-01-12,Pasir Ris,Partner,Medium,SME,302.12,0,0
ENQ-04465,2025-09-22,Pasir Ris,Meta Ads,Large,Household,442.3,0,0
ENQ-04466,2025-08-05,Lim Chu Kang,Meta Ads,Medium,E-commerce,314.28,0,0
ENQ-04467,2025-02-18,Bukit Timah,Referral,Medium,Household,275.16,0,0
ENQ-04468,2025-06-01,Sungei Kadut,Google Search,Small,Household,179.3,0,0
ENQ-04469,2025-06-10,Orchard,Organic,Medium,Household,301.26,1,0
ENQ-04470,2025-08-06,Museum,Google Search,Medium,Household,315.04,1,0
ENQ-04471,2025-09-22,Sengkang,Google Search,Medium,Household,328.91,0,0
ENQ-04472,2025-02-03,Geylang,Google Search,Medium,E-commerce,298.39,0,0
ENQ-04473,2025-08-28,Jurong West,Partner,Locker,Household,81.87,0,0
ENQ-04474,2025-07-20,Serangoon,Partner,Medium,Household,330.02,0,0
ENQ-04475,2025-09-23,Museum,Organic,Small,Household,189.88,0,0
ENQ-04476,2025-04-03,Novena,Walk-in,Medium,Household,330.86,0,0
ENQ-04477,2025-08-10,Marina South,Walk-in,Small,SME,165.63,0,0
ENQ-04478,2025-05-14,Seletar,Walk-in,Locker,Household,83.85,1,0
ENQ-04479,2025-11-13,Choa Chu Kang,Referral,Small,SME,202.71,1,0
ENQ-04480,2025-04-26,Pioneer,Meta Ads,Locker,E-commerce,96.51,0,0
ENQ-04481,2025-01-04,Queenstown,Meta Ads,Medium,E-commerce,280.9,0,0
ENQ-04482,2025-05-04,Simpang,Google Search,Locker,Household,92.96,0,0
ENQ-04483,2025-07-02,Jurong West,Google Search,Small,E-commerce,171.07,0,0
ENQ-04484,2025-05-10,Pioneer,Google Search,Large,Household,466.9,0,0
ENQ-04485,2025-12-16,Sengkang,Google Search,Locker,Household,92.62,0,0
ENQ-04486,2025-12-04,Outram,Walk-in,Medium,SME,318.39,0,0
ENQ-04487,2025-01-05,Orchard,Google Search,Small,E-commerce,163.64,0,0
ENQ-04488,2025-02-02,Straits View,Organic,Medium,SME,307.25,0,0
ENQ-04489,2025-05-17,Pioneer,Referral,Medium,Relocation,299.78,0,0
ENQ-04490,2025-07-15,Marina East,Meta Ads,Small,SME,172.21,1,0
ENQ-04491,2025-12-12,North-Eastern Islands,Meta Ads,Medium,SME,265.6,0,1
ENQ-04492,2025-09-01,Western Water Catchment,Google Search,Medium,Household,266.56,0,0
ENQ-04493,2025-08-24,Marina East,Google Search,Medium,Household,262.57,0,0
ENQ-04494,2025-11-18,Pioneer,Walk-in,Locker,SME,89.15,0,0
ENQ-04495,2025-12-25,Mandai,Google Search,Small,Student/Expats,174.74,0,0
ENQ-04496,2025-04-04,Western Water Catchment,Referral,Locker,Household,82.98,0,0
ENQ-04497,2025-01-24,River Valley,Partner,Small,SME,165.18,0,0
ENQ-04498,2025-05-07,Bukit Timah,Google Search,Small,Household,186.22,0,0
ENQ-04499,2025-11-13,Bishan,Meta Ads,Large,Relocation,473.11,0,0
ENQ-04500,2025-05-18,Queenstown,Walk-in,Locker,E-commerce,99.12,0,0
ENQ-04501,2025-11-17,Choa Chu Kang,Google Search,Small,E-commerce,175.33,0,0
ENQ-04502,2025-03-31,Clementi,Google Search,Small,E-commerce,189.75,0,0
ENQ-04503,2025-10-19,Bukit Panjang,Organic,Small,SME,198.96,0,0
ENQ-04504,2025-05-25,River Valley,Google Search,Medium,SME,302.03,0,0
ENQ-04505,2025-01-11,River Valley,Referral,Small,Student/Expats,194.96,0,0
ENQ-04506,2025-07-25,Newton,Google Search,Medium,Household,295.52,0,0
ENQ-04507,2025-12-26,Seletar,Referral,Locker,Household,100.43,1,1
ENQ-04508,2025-11-19,Serangoon,Organic,Locker,Household,83.11,0,0
ENQ-04509,2025-11-03,Sungei Kadut,Google Search,Small,SME,166.33,0,0
ENQ-04510,2025-03-11,Yishun,Organic,Small,SME,187.77,0,0
ENQ-04511,2025-03-12,Pasir Ris,Walk-in,Medium,Household,313.87,0,0
ENQ-04512,2025-08-27,Novena,Meta Ads,Medium,Household,325.46,1,0
ENQ-04513,2025-01-12,Tuas,Walk-in,Medium,Student/Expats,328.8,0,0
ENQ-04514,2025-10-14,Geylang,Google Search,Small,E-commerce,186.67,0,0
ENQ-04515,2025-12-18,Choa Chu Kang,Meta Ads,Small,Student/Expats,193.7,1,1
ENQ-04516,2025-05-03,Outram,Organic,Medium,E-commerce,299.85,0,0
ENQ-04517,2025-05-16,Marina South,Partner,Medium,SME,317.31,1,1
ENQ-04518,2025-01-03,Woodlands,Organic,Small,Student/Expats,197.74,1,0
ENQ-04519,2025-11-23,Jurong East,Meta Ads,Small,SME,175.01,0,0
ENQ-04520,2025-10-01,Changi,Organic,Medium,SME,309.35,1,0
ENQ-04521,2025-09-05,Sengkang,Google Search,Small,Relocation,169.65,0,0
ENQ-04522,2025-09-14,Tengah,Organic,Small,Student/Expats,193.28,0,0
ENQ-04523,2025-05-27,Novena,Referral,Large,Household,432.87,0,0
ENQ-04524,2025-07-07,Sengkang,Meta Ads,Small,Household,190.06,0,0
ENQ-04525,2025-09-23,Southern Islands,Referral,Medium,SME,304.37,0,0
ENQ-04526,2025-07-12,Outram,Referral,Locker,Relocation,83.08,1,0
ENQ-04527,2025-01-09,Lim Chu Kang,Referral,Small,Household,192.71,0,0
ENQ-04528,2025-10-28,Sungei Kadut,Walk-in,Small,SME,183.34,1,0
ENQ-04529,2025-11-02,Jurong West,Meta Ads,Small,E-commerce,186.0,0,0
ENQ-04530,2025-05-02,Punggol,Meta Ads,Small,E-commerce,172.54,0,0
ENQ-04531,2025-10-23,Downtown Core,Google Search,Medium,Student/Expats,320.92,0,0
ENQ-04532,2025-08-19,Bukit Timah,Google Search,Medium,Student/Expats,283.03,0,0
ENQ-04533,2025-09-27,Serangoon,Meta Ads,Small,Student/Expats,201.39,0,0
ENQ-04534,2025-01-02,Sengkang,Organic,Locker,Household,83.07,0,0
ENQ-04535,2025-05-25,Singapore River,Referral,Medium,Student/Expats,331.23,0,0
ENQ-04536,2025-10-07,Bukit Timah,Referral,Locker,E-commerce,102.09,0,0
ENQ-04537,2025-05-18,Hougang,Walk-in,Small,E-commerce,189.91,0,0
ENQ-04538,2025-06-25,Newton,Walk-in,Locker,SME,92.4,0,0
ENQ-04539,2025-06-13,Seletar,Organic,Large,SME,488.36,0,0
ENQ-04540,2025-12-07,Mandai,Referral,Locker,SME,102.24,0,0
ENQ-04541,2025-12-20,Simpang,Meta Ads,Small,SME,176.87,0,0
ENQ-04542,2025-08-02,Simpang,Referral,Small,Relocation,200.54,1,0
ENQ-04543,2025-09-13,Singapore River,Meta Ads,Medium,Household,298.78,0,0
ENQ-04544,2025-07-27,Queenstown,Google Search,Large,SME,508.12,0,0
ENQ-04545,2025-10-13,Central Water Catchment,Referral,Locker,SME,102.29,1,0
ENQ-04546,2025-11-08,Mandai,Meta Ads,Medium,Relocation,272.41,0,0
ENQ-04547,2025-01-05,Choa Chu Kang,Partner,Small,Household,180.33,1,0
ENQ-04548,2025-11-10,Sembawang,Organic,Locker,SME,99.28,0,0
ENQ-04549,2025-10-21,River Valley,Meta Ads,Small,Household,187.42,0,0
ENQ-04550,2025-06-11,Changi Bay,Google Search,Small,SME,189.65,1,0
ENQ-04551,2025-02-09,Simpang,Meta Ads,Medium,Household,265.1,0,0
ENQ-04552,2025-10-02,Mandai,Meta Ads,Small,Household,173.47,0,0
ENQ-04553,2025-12-04,Orchard,Meta Ads,Medium,Household,328.96,0,0
ENQ-04554,2025-03-04,Bukit Timah,Meta Ads,Medium,Household,286.17,0,0
ENQ-04555,2025-11-11,Bukit Timah,Google Search,Small,Relocation,193.9,0,0
ENQ-04556,2025-06-03,Queenstown,Organic,Locker,Household,102.56,1,0
ENQ-04557,2025-12-25,Lim Chu Kang,Organic,Medium,Student/Expats,327.32,0,0
ENQ-04558,2025-03-22,Jurong East,Organic,Small,Household,164.03,0,0
ENQ-04559,2025-03-24,Kallang,Walk-in,Locker,E-commerce,99.98,1,0
ENQ-04560,2025-11-05,Changi Bay,Walk-in,Small,Student/Expats,168.38,0,0
ENQ-04561,2025-01-31,Jurong East,Walk-in,Medium,Relocation,264.09,0,0
ENQ-04562,2025-04-09,Sengkang,Referral,Small,Household,169.8,0,0
ENQ-04563,2025-10-17,Bukit Panjang,Partner,Large,Household,434.06,0,0
ENQ-04564,2025-07-27,River Valley,Google Search,Medium,Household,283.9,0,0
ENQ-04565,2025-12-15,North-Eastern Islands,Referral,Small,Household,173.69,1,0
ENQ-04566,2025-10-09,Bukit Panjang,Partner,Locker,Relocation,84.07,0,0
ENQ-04567,2025-04-07,Hougang,Google Search,Medium,Household,296.16,1,0
ENQ-04568,2025-12-11,Changi,Meta Ads,Small,Household,188.35,0,0
ENQ-04569,2025-04-17,Outram,Walk-in,Locker,Student/Expats,82.26,0,0
ENQ-04570,2025-07-01,North-Eastern Islands,Meta Ads,Medium,Household,307.1,0,0
ENQ-04571,2025-05-01,Tampines,Referral,Locker,SME,82.61,0,0
ENQ-04572,2025-09-22,Bukit Panjang,Google Search,Small,E-commerce,182.59,1,0
ENQ-04573,2025-12-06,Woodlands,Referral,Locker,Household,95.45,1,0
ENQ-04574,2025-08-12,Choa Chu Kang,Meta Ads,Small,Household,197.31,0,0
ENQ-04575,2025-03-29,Tuas,Referral,Locker,Household,90.92,0,0
ENQ-04576,2025-07-18,North-Eastern Islands,Google Search,Medium,Student/Expats,306.67,0,0
ENQ-04577,2025-01-27,Central Water Catchment,Referral,Small,E-commerce,172.51,0,0
ENQ-04578,2025-06-05,Serangoon,Meta Ads,Medium,SME,325.47,0,0
ENQ-04579,2025-08-24,Bishan,Meta Ads,Small,Household,198.32,0,0
ENQ-04580,2025-05-18,Serangoon,Google Search,Medium,Student/Expats,306.08,0,0
ENQ-04581,2025-03-24,Downtown Core,Google Search,Medium,Household,268.6,0,0
ENQ-04582,2025-05-15,Newton,Google Search,Medium,Relocation,322.55,0,0
ENQ-04583,2025-10-19,Lim Chu Kang,Google Search,Medium,Student/Expats,294.03,0,0
ENQ-04584,2025-05-15,River Valley,Organic,Medium,Household,263.07,1,1
ENQ-04585,2025-01-30,Kallang,Organic,Small,Household,196.71,1,0
ENQ-04586,2025-07-26,Serangoon,Meta Ads,Medium,Household,284.86,0,0
ENQ-04587,2025-05-27,Central Water Catchment,Google Search,Medium,Household,326.57,0,0
ENQ-04588,2025-11-27,Serangoon,Meta Ads,Small,Household,195.17,1,1
ENQ-04589,2025-05-26,Downtown Core,Referral,Large,SME,507.43,1,0
ENQ-04590,2025-11-12,Kallang,Partner,Large,Household,432.37,0,0
ENQ-04591,2025-02-04,Sembawang,Google Search,Small,Student/Expats,174.6,1,0
ENQ-04592,2025-12-27,Straits View,Meta Ads,Locker,SME,94.51,0,0
ENQ-04593,2025-08-08,Western Water Catchment,Google Search,Medium,SME,314.52,0,0
ENQ-04594,2025-03-26,Changi Bay,Meta Ads,Small,Household,189.67,0,0
ENQ-04595,2025-11-17,Tampines,Google Search,Small,SME,175.67,0,0
ENQ-04596,2025-01-24,Western Water Catchment,Meta Ads,Locker,Student/Expats,102.19,0,0
ENQ-04597,2025-04-20,Western Water Catchment,Walk-in,Large,Relocation,482.78,1,0
ENQ-04598,2025-05-27,Toa Payoh,Organic,Locker,Household,94.32,0,0
ENQ-04599,2025-05-24,Clementi,Google Search,Medium,SME,317.92,0,0
ENQ-04600,2025-09-17,Woodlands,Meta Ads,Small,Household,185.03,0,0
ENQ-04601,2025-11-08,Kallang,Google Search,Medium,Household,308.68,0,0
ENQ-04602,2025-10-06,Western Water Catchment,Google Search,Medium,SME,281.65,0,0
ENQ-04603,2025-05-07,Museum,Walk-in,Small,Household,166.51,0,0
ENQ-04604,2025-08-02,Boon Lay,Walk-in,Medium,Household,265.8,0,0
ENQ-04605,2025-08-30,Marina East,Google Search,Small,SME,170.46,0,0
ENQ-04606,2025-07-31,Straits View,Google Search,Small,Household,193.38,0,0
ENQ-04607,2025-04-26,Woodlands,Meta Ads,Small,Household,206.51,0,0
ENQ-04608,2025-05-11,Singapore River,Walk-in,Locker,Household,99.96,1,0
ENQ-04609,2025-11-13,Mandai,Referral,Locker,SME,90.61,0,0
ENQ-04610,2025-02-19,Tampines,Partner,Small,Household,188.4,0,0
ENQ-04611,2025-09-17,Outram,Meta Ads,Medium,SME,267.65,0,0
ENQ-04612,2025-05-20,Mandai,Meta Ads,Medium,Household,290.42,0,0
ENQ-04613,2025-08-23,Bukit Timah,Referral,Locker,Household,96.3,0,0
ENQ-04614,2025-01-27,Hougang,Organic,Small,SME,200.56,0,0
ENQ-04615,2025-09-01,Simpang,Referral,Large,Household,480.34,0,1
ENQ-04616,2025-12-31,Tengah,Walk-in,Small,Student/Expats,197.77,1,0
ENQ-04617,2025-03-04,Boon Lay,Walk-in,Large,Household,521.81,0,0
ENQ-04618,2025-03-19,Jurong East,Google Search,Medium,Relocation,314.15,0,0
ENQ-04619,2025-03-16,Straits View,Google Search,Medium,Household,296.28,0,0
ENQ-04620,2025-10-20,Choa Chu Kang,Meta Ads,Large,Student/Expats,438.64,0,0
ENQ-04621,2025-06-02,Changi,Organic,Small,Household,200.41,0,0
ENQ-04622,2025-09-25,Sungei Kadut,Google Search,Medium,Household,305.09,1,0
ENQ-04623,2025-02-04,Jurong East,Organic,Small,Household,162.72,1,0
ENQ-04624,2025-04-30,Western Water Catchment,Walk-in,Large,Household,512.65,1,0
ENQ-04625,2025-09-20,Newton,Meta Ads,Small,E-commerce,170.7,0,0
ENQ-04626,2025-03-13,Simpang,Organic,Large,Household,498.41,0,0
ENQ-04627,2025-07-08,Outram,Referral,Small,Household,169.12,0,0
ENQ-04628,2025-10-31,Choa Chu Kang,Google Search,Small,Household,183.05,0,0
ENQ-04629,2025-12-19,Newton,Organic,Medium,Household,332.04,0,0
ENQ-04630,2025-12-25,Outram,Google Search,Small,E-commerce,169.04,0,0
ENQ-04631,2025-07-16,Orchard,Google Search,Small,Household,188.04,0,0
ENQ-04632,2025-08-02,Choa Chu Kang,Referral,Small,SME,185.74,0,0
ENQ-04633,2025-04-17,Clementi,Partner,Small,SME,165.04,0,0
ENQ-04634,2025-11-06,Jurong East,Google Search,Small,Household,190.22,1,0
ENQ-04635,2025-11-11,Changi Bay,Google Search,Locker,Household,95.19,0,0
ENQ-04636,2025-07-21,Mandai,Organic,Small,Household,167.89,0,0
ENQ-04637,2025-06-17,Jurong West,Organic,Small,Student/Expats,202.54,0,1
ENQ-04638,2025-06-06,Jurong West,Walk-in,Small,E-commerce,167.38,0,0
ENQ-04639,2025-10-02,Sengkang,Organic,Locker,Household,90.69,0,0
ENQ-04640,2025-06-30,Marina East,Google Search,Small,Household,200.66,1,1
ENQ-04641,2025-11-07,Marine Parade,Partner,Locker,Household,86.48,0,0
ENQ-04642,2025-08-11,Lim Chu Kang,Google Search,Small,SME,196.27,0,0
ENQ-04643,2025-11-30,Bukit Timah,Referral,Small,SME,184.36,0,0
ENQ-04644,2025-07-16,Jurong West,Google Search,Medium,Relocation,320.17,0,0
ENQ-04645,2025-01-12,Sembawang,Google Search,Medium,Student/Expats,274.58,0,0
ENQ-04646,2025-09-30,Rochor,Meta Ads,Small,Household,186.36,0,0
ENQ-04647,2025-10-03,Tuas,Google Search,Locker,Student/Expats,82.98,0,0
ENQ-04648,2025-01-11,Pioneer,Google Search,Medium,Relocation,317.68,1,0
ENQ-04649,2025-05-21,Marina South,Google Search,Large,Household,522.77,1,0
ENQ-04650,2025-05-31,Choa Chu Kang,Referral,Medium,SME,321.12,1,0
ENQ-04651,2025-07-11,Bedok,Meta Ads,Small,Household,206.39,0,0
ENQ-04652,2025-04-17,Bukit Panjang,Organic,Small,Household,164.6,0,0
ENQ-04653,2025-08-21,Seletar,Referral,Medium,Household,292.26,0,0
ENQ-04654,2025-12-16,Bishan,Walk-in,Medium,SME,333.15,1,0
ENQ-04655,2025-11-12,Marina East,Partner,Small,Household,183.08,0,0
ENQ-04656,2025-01-30,Mandai,Google Search,Medium,SME,299.23,1,0
ENQ-04657,2025-07-15,Ang Mo Kio,Walk-in,Medium,Household,262.77,0,0
ENQ-04658,2025-05-20,Clementi,Organic,Medium,Student/Expats,312.23,0,0
ENQ-04659,2025-12-13,Queenstown,Partner,Medium,Household,313.04,0,0
ENQ-04660,2025-11-27,Straits View,Organic,Small,Household,189.88,0,0
ENQ-04661,2025-03-04,Bukit Batok,Google Search,Small,Household,178.29,0,0
ENQ-04662,2025-08-08,Outram,Google Search,Small,Household,204.06,0,0
ENQ-04663,2025-10-03,Simpang,Meta Ads,Medium,Household,287.64,1,0
ENQ-04664,2025-10-25,Jurong West,Google Search,Medium,Household,328.35,0,0
ENQ-04665,2025-10-06,Punggol,Google Search,Medium,Household,296.43,0,0
ENQ-04666,2025-09-06,Mandai,Referral,Medium,SME,308.94,0,0
ENQ-04667,2025-05-19,Toa Payoh,Google Search,Small,SME,184.16,1,0
ENQ-04668,2025-12-13,Bukit Timah,Organic,Locker,E-commerce,99.85,0,0
ENQ-04669,2025-02-20,Marina South,Organic,Small,Relocation,169.51,0,0
ENQ-04670,2025-04-14,Southern Islands,Google Search,Locker,SME,96.96,0,0
ENQ-04671,2025-01-20,North-Eastern Islands,Walk-in,Locker,Household,103.13,0,0
ENQ-04672,2025-12-05,Bukit Panjang,Google Search,Small,E-commerce,170.87,0,0
ENQ-04673,2025-09-09,Tampines,Organic,Medium,E-commerce,324.68,1,0
ENQ-04674,2025-08-18,Tampines,Organic,Small,Household,172.71,0,0
ENQ-04675,2025-11-27,Choa Chu Kang,Partner,Small,Household,188.17,0,0
ENQ-04676,2025-01-16,Kallang,Google Search,Large,Household,445.39,0,0
ENQ-04677,2025-02-09,Changi Bay,Google Search,Locker,Relocation,91.16,0,0
ENQ-04678,2025-01-03,Central Water Catchment,Google Search,Locker,SME,88.0,1,0
ENQ-04679,2025-08-23,Hougang,Partner,Small,Household,164.54,0,0
ENQ-04680,2025-04-02,Ang Mo Kio,Google Search,Small,Household,169.59,0,0
ENQ-04681,2025-07-04,Straits View,Organic,Locker,Household,100.47,0,0
ENQ-04682,2025-06-04,Bedok,Partner,Large,Household,487.13,0,0
ENQ-04683,2025-10-06,Marine Parade,Google Search,Small,Household,192.63,0,0
ENQ-04684,2025-08-01,Bukit Panjang,Meta Ads,Small,E-commerce,188.09,0,0
ENQ-04685,2025-06-03,Changi Bay,Walk-in,Medium,SME,273.23,0,0
ENQ-04686,2025-05-18,Marine Parade,Google Search,Locker,E-commerce,100.63,1,0
ENQ-04687,2025-01-03,Queenstown,Meta Ads,Medium,SME,283.24,0,0
ENQ-04688,2025-01-30,Geylang,Meta Ads,Medium,Household,315.35,0,0
ENQ-04689,2025-09-23,Kallang,Meta Ads,Medium,E-commerce,297.78,0,0
ENQ-04690,2025-12-09,Downtown Core,Walk-in,Small,SME,162.71,1,0
ENQ-04691,2025-08-31,Changi,Meta Ads,Large,Household,484.73,0,0
ENQ-04692,2025-08-01,Newton,Referral,Large,Student/Expats,451.67,0,0
ENQ-04693,2025-12-20,Tuas,Organic,Small,Household,162.33,0,0
ENQ-04694,2025-04-24,Tampines,Partner,Medium,SME,307.54,0,0
ENQ-04695,2025-07-30,Southern Islands,Google Search,Medium,Household,308.44,0,0
ENQ-04696,2025-03-22,Bukit Panjang,Google Search,Locker,Student/Expats,85.25,0,0
ENQ-04697,2025-04-24,North-Eastern Islands,Walk-in,Locker,Household,93.7,0,0
ENQ-04698,2025-03-18,Hougang,Partner,Large,SME,501.15,0,0
ENQ-04699,2025-12-28,Woodlands,Walk-in,Large,SME,445.31,0,0
ENQ-04700,2025-10-03,Ang Mo Kio,Referral,Locker,SME,89.84,1,0
ENQ-04701,2025-06-18,Central Water Catchment,Walk-in,Small,SME,162.71,1,0
ENQ-04702,2025-06-17,Pioneer,Google Search,Medium,SME,271.83,1,0
ENQ-04703,2025-08-28,Bedok,Organic,Medium,Household,267.48,0,0
ENQ-04704,2025-07-12,Outram,Google Search,Medium,SME,277.41,0,0
ENQ-04705,2025-03-22,Sungei Kadut,Walk-in,Medium,Student/Expats,261.79,1,0
ENQ-04706,2025-08-30,Simpang,Partner,Large,Student/Expats,437.06,1,1
ENQ-04707,2025-01-26,Bukit Batok,Partner,Small,Household,163.16,0,0
ENQ-04708,2025-07-08,Pioneer,Referral,Small,Household,189.53,0,0
ENQ-04709,2025-11-23,Tanglin,Partner,Medium,Relocation,265.99,0,0
ENQ-04710,2025-10-03,Tuas,Meta Ads,Small,Household,178.82,0,1
ENQ-04711,2025-11-13,Clementi,Organic,Locker,Household,94.68,0,0
ENQ-04712,2025-01-25,Serangoon,Walk-in,Large,Household,444.61,0,0
ENQ-04713,2025-01-16,Marina East,Referral,Small,SME,186.5,1,0
ENQ-04714,2025-07-14,Marina East,Google Search,Large,Household,451.33,0,0
ENQ-04715,2025-11-30,Marina East,Google Search,Medium,E-commerce,268.4,1,0
ENQ-04716,2025-12-12,Yishun,Walk-in,Small,Household,194.28,1,1
ENQ-04717,2025-01-12,Singapore River,Partner,Medium,E-commerce,279.08,0,0
ENQ-04718,2025-09-19,Bukit Batok,Referral,Small,Household,187.81,0,0
ENQ-04719,2025-07-26,Bedok,Meta Ads,Large,Household,513.17,0,0
ENQ-04720,2025-10-12,Newton,Partner,Locker,SME,98.46,0,0
ENQ-04721,2025-05-23,River Valley,Partner,Small,Household,187.07,0,0
ENQ-04722,2025-06-18,Simpang,Meta Ads,Small,Household,198.48,0,0
ENQ-04723,2025-01-08,Changi Bay,Partner,Locker,Household,92.67,0,0
ENQ-04724,2025-07-17,Tanglin,Organic,Small,Household,167.06,0,0
ENQ-04725,2025-06-07,Southern Islands,Walk-in,Medium,SME,311.31,0,0
ENQ-04726,2025-03-30,Kallang,Organic,Locker,Relocation,101.22,1,0
ENQ-04727,2025-07-15,Pasir Ris,Walk-in,Medium,Student/Expats,322.34,0,0
ENQ-04728,2025-05-25,Bishan,Google Search,Large,SME,479.95,0,0
ENQ-04729,2025-07-25,Outram,Organic,Medium,SME,272.26,0,0
ENQ-04730,2025-09-28,Boon Lay,Referral,Small,Household,205.87,0,0
ENQ-04731,2025-12-04,Sembawang,Meta Ads,Small,Household,180.97,0,0
ENQ-04732,2025-09-21,Sengkang,Partner,Medium,Relocation,332.32,0,0
ENQ-04733,2025-09-21,Sembawang,Partner,Medium,Household,271.97,0,0
ENQ-04734,2025-01-18,Serangoon,Organic,Medium,E-commerce,328.7,0,0
ENQ-04735,2025-07-14,Newton,Google Search,Small,Household,190.76,1,1
ENQ-04736,2025-12-22,Bukit Panjang,Google Search,Small,Student/Expats,186.45,0,0
ENQ-04737,2025-03-02,Bishan,Referral,Medium,SME,320.27,0,0
ENQ-04738,2025-03-29,Tanglin,Organic,Medium,Household,322.55,1,0
ENQ-04739,2025-07-01,River Valley,Organic,Medium,SME,279.91,0,0
ENQ-04740,2025-07-26,Bishan,Meta Ads,Medium,SME,330.69,0,0
ENQ-04741,2025-10-12,Bukit Merah,Partner,Medium,E-commerce,297.76,0,0
ENQ-04742,2025-11-04,Marina South,Referral,Medium,Student/Expats,288.66,0,0
ENQ-04743,2025-10-31,Serangoon,Referral,Medium,Household,315.4,1,1
ENQ-04744,2025-01-27,Changi Bay,Meta Ads,Medium,Household,290.56,1,0
ENQ-04745,2025-03-01,Central Water Catchment,Google Search,Large,E-commerce,421.53,0,0
ENQ-04746,2025-06-16,Singapore River,Partner,Medium,Household,297.96,1,0
ENQ-04747,2025-08-05,Bishan,Meta Ads,Medium,E-commerce,294.31,0,0
ENQ-04748,2025-12-09,Geylang,Referral,Medium,Household,308.55,0,0
ENQ-04749,2025-10-09,Orchard,Meta Ads,Large,Household,491.33,0,0
ENQ-04750,2025-01-04,Bukit Batok,Google Search,Small,E-commerce,183.17,1,0
ENQ-04751,2025-12-15,Pasir Ris,Organic,Large,Student/Expats,442.4,0,1
ENQ-04752,2025-12-02,Changi,Google Search,Large,SME,439.17,0,1
ENQ-04753,2025-07-28,Lim Chu Kang,Referral,Medium,Student/Expats,277.86,0,0
ENQ-04754,2025-05-30,Clementi,Organic,Locker,Household,92.05,0,0
ENQ-04755,2025-08-08,River Valley,Organic,Small,Relocation,163.95,0,0
ENQ-04756,2025-04-10,Kallang,Google Search,Small,Household,166.06,0,0
ENQ-04757,2025-05-20,Boon Lay,Walk-in,Medium,Household,272.69,0,0
ENQ-04758,2025-02-14,Geylang,Organic,Small,Household,197.61,0,0
ENQ-04759,2025-02-11,Changi Bay,Google Search,Medium,E-commerce,282.82,0,0
ENQ-04760,2025-05-01,Queenstown,Partner,Medium,Household,270.8,0,0
ENQ-04761,2025-04-06,River Valley,Google Search,Small,Household,189.36,1,0
ENQ-04762,2025-08-05,Bukit Timah,Referral,Small,E-commerce,175.89,1,0
ENQ-04763,2025-11-28,Simpang,Google Search,Small,SME,163.55,0,0
ENQ-04764,2025-02-25,Bukit Merah,Partner,Large,E-commerce,422.17,1,0
ENQ-04765,2025-08-25,Ang Mo Kio,Walk-in,Medium,Household,300.19,1,0
ENQ-04766,2025-10-31,Marina South,Meta Ads,Small,Household,169.79,0,0
ENQ-04767,2025-03-21,Singapore River,Referral,Medium,Household,325.93,1,0
ENQ-04768,2025-11-29,Museum,Referral,Locker,Student/Expats,94.56,0,0
ENQ-04769,2025-01-25,Rochor,Google Search,Locker,Household,87.6,0,0
ENQ-04770,2025-01-08,Changi Bay,Referral,Small,Household,192.4,0,0
ENQ-04771,2025-06-01,Bukit Batok,Organic,Small,Household,193.46,1,0
ENQ-04772,2025-04-17,Pasir Ris,Meta Ads,Locker,E-commerce,102.68,0,0
ENQ-04773,2025-07-04,Lim Chu Kang,Meta Ads,Medium,SME,295.45,0,0
ENQ-04774,2025-08-06,Bukit Merah,Google Search,Locker,Household,102.61,1,0
ENQ-04775,2025-12-31,Southern Islands,Meta Ads,Medium,SME,286.62,0,0
ENQ-04776,2025-02-17,Clementi,Organic,Large,E-commerce,483.06,1,0
ENQ-04777,2025-02-14,Tampines,Google Search,Locker,SME,94.77,1,0
ENQ-04778,2025-08-03,Marine Parade,Meta Ads,Medium,SME,280.31,0,0
ENQ-04779,2025-04-27,Lim Chu Kang,Google Search,Small,Household,187.55,1,0
ENQ-04780,2025-08-03,Central Water Catchment,Google Search,Small,Household,193.16,0,0
ENQ-04781,2025-03-12,Sengkang,Organic,Medium,Household,269.73,0,0
ENQ-04782,2025-10-07,Seletar,Google Search,Medium,Household,292.5,0,0
ENQ-04783,2025-04-19,Downtown Core,Organic,Small,Household,181.34,1,1
ENQ-04784,2025-02-16,Mandai,Walk-in,Large,Household,501.52,1,1
ENQ-04785,2025-01-30,Punggol,Meta Ads,Medium,Household,271.25,0,0
ENQ-04786,2025-10-06,Sungei Kadut,Organic,Locker,Student/Expats,90.36,0,0
ENQ-04787,2025-01-01,Changi,Google Search,Medium,Relocation,289.88,0,0
ENQ-04788,2025-08-17,Mandai,Referral,Small,E-commerce,162.78,0,0
ENQ-04789,2025-04-09,Queenstown,Google Search,Locker,SME,84.35,0,0
ENQ-04790,2025-05-10,Woodlands,Google Search,Small,SME,179.2,0,0
ENQ-04791,2025-08-12,River Valley,Meta Ads,Medium,SME,301.98,0,0
ENQ-04792,2025-04-05,Pasir Ris,Google Search,Medium,Household,318.24,0,0
ENQ-04793,2025-04-29,Tanglin,Google Search,Small,Relocation,190.39,0,0
ENQ-04794,2025-08-19,Bukit Batok,Meta Ads,Medium,SME,288.82,0,0
ENQ-04795,2025-02-12,River Valley,Referral,Small,E-commerce,165.54,1,1
ENQ-04796,2025-05-25,Seletar,Google Search,Medium,Household,274.35,1,0
ENQ-04797,2025-02-02,Queenstown,Google Search,Medium,Student/Expats,269.55,0,0
ENQ-04798,2025-09-22,Hougang,Google Search,Small,Household,178.32,0,0
ENQ-04799,2025-09-14,Toa Payoh,Walk-in,Large,Student/Expats,415.76,0,0
ENQ-04800,2025-05-12,Downtown Core,Google Search,Small,Household,163.8,0,0
ENQ-04801,2025-11-17,Straits View,Partner,Small,E-commerce,172.76,0,0
ENQ-04802,2025-12-15,Central Water Catchment,Organic,Medium,Household,289.38,0,0
ENQ-04803,2025-10-06,Outram,Organic,Medium,SME,317.65,0,0
ENQ-04804,2025-01-13,Rochor,Referral,Medium,SME,280.72,0,0
ENQ-04805,2025-05-24,Bukit Merah,Walk-in,Small,E-commerce,174.7,0,0
ENQ-04806,2025-02-27,Tengah,Organic,Locker,Household,87.81,1,0
ENQ-04807,2025-09-05,Bukit Batok,Referral,Medium,Household,333.03,0,1
ENQ-04808,2025-09-24,Hougang,Referral,Small,SME,176.64,1,0
ENQ-04809,2025-05-03,Western Water Catchment,Google Search,Small,Household,169.05,0,0
ENQ-04810,2025-10-12,Hougang,Walk-in,Small,E-commerce,188.34,0,0
ENQ-04811,2025-11-03,Bukit Batok,Organic,Medium,E-commerce,300.42,0,0
ENQ-04812,2025-06-11,Jurong East,Referral,Medium,Household,330.56,0,0
ENQ-04813,2025-03-18,Marina East,Google Search,Small,SME,188.09,0,0
ENQ-04814,2025-05-12,Tuas,Referral,Small,Household,162.68,1,0
ENQ-04815,2025-07-22,Choa Chu Kang,Partner,Small,Household,199.38,0,0
ENQ-04816,2025-09-07,Sengkang,Partner,Small,Relocation,191.82,0,0
ENQ-04817,2025-07-31,Serangoon,Referral,Medium,Household,333.18,0,0
ENQ-04818,2025-12-07,Tanglin,Google Search,Medium,Household,315.67,0,0
ENQ-04819,2025-11-21,Southern Islands,Meta Ads,Medium,Household,310.74,0,0
ENQ-04820,2025-04-09,Tampines,Walk-in,Small,Household,195.58,0,0
ENQ-04821,2025-02-05,Jurong West,Google Search,Locker,SME,101.64,0,0
ENQ-04822,2025-12-12,Boon Lay,Organic,Large,Student/Expats,435.03,0,0
ENQ-04823,2025-12-20,Novena,Meta Ads,Locker,Household,91.0,0,0
ENQ-04824,2025-12-19,Southern Islands,Google Search,Medium,E-commerce,264.52,0,0
ENQ-04825,2025-02-19,Western Water Catchment,Meta Ads,Small,Household,204.54,1,0
ENQ-04826,2025-12-17,Rochor,Referral,Locker,Household,98.27,0,0
ENQ-04827,2025-04-01,Bukit Timah,Google Search,Small,SME,190.43,0,0
ENQ-04828,2025-04-01,Marina South,Meta Ads,Small,Household,206.72,0,0
ENQ-04829,2025-05-11,River Valley,Meta Ads,Large,Student/Expats,459.06,0,0
ENQ-04830,2025-03-08,North-Eastern Islands,Meta Ads,Large,Household,437.4,0,0
ENQ-04831,2025-06-03,Bukit Batok,Meta Ads,Small,Household,175.5,0,0
ENQ-04832,2025-11-23,Geylang,Organic,Large,Household,420.39,0,0
ENQ-04833,2025-05-24,Sembawang,Organic,Medium,SME,272.06,1,0
ENQ-04834,2025-03-25,Singapore River,Meta Ads,Small,Student/Expats,201.16,0,0
ENQ-04835,2025-11-29,Serangoon,Organic,Medium,Household,300.71,0,0
ENQ-04836,2025-12-01,Tampines,Walk-in,Small,SME,187.14,0,0
ENQ-04837,2025-06-06,Lim Chu Kang,Referral,Small,Household,204.94,0,0
ENQ-04838,2025-01-06,Outram,Organic,Medium,SME,301.73,1,0
ENQ-04839,2025-09-17,Bedok,Meta Ads,Small,Student/Expats,171.51,0,0
ENQ-04840,2025-04-19,Straits View,Meta Ads,Medium,E-commerce,278.32,0,0
ENQ-04841,2025-11-23,Marine Parade,Google Search,Small,Household,204.55,0,0
ENQ-04842,2025-04-05,Marina South,Google Search,Medium,Household,306.22,0,0
ENQ-04843,2025-06-05,Lim Chu Kang,Google Search,Large,Household,468.94,0,0
ENQ-04844,2025-08-05,Clementi,Partner,Small,Household,199.67,1,0
ENQ-04845,2025-06-29,Straits View,Google Search,Small,Household,167.35,0,0
ENQ-04846,2025-06-04,Toa Payoh,Organic,Large,Household,453.63,0,0
ENQ-04847,2025-09-16,Choa Chu Kang,Meta Ads,Large,Household,508.83,0,0
ENQ-04848,2025-10-06,Central Water Catchment,Organic,Large,SME,442.43,0,0
ENQ-04849,2025-12-15,Sungei Kadut,Meta Ads,Locker,SME,93.7,0,0
ENQ-04850,2025-02-19,Bukit Timah,Organic,Medium,Household,303.84,1,0
ENQ-04851,2025-11-16,Jurong West,Referral,Locker,Household,88.4,0,0
ENQ-04852,2025-03-19,Boon Lay,Partner,Small,Household,180.43,0,0
ENQ-04853,2025-09-05,Pasir Ris,Google Search,Small,SME,170.05,1,0
ENQ-04854,2025-07-02,Marine Parade,Meta Ads,Locker,SME,82.28,0,0
ENQ-04855,2025-08-25,Simpang,Google Search,Medium,E-commerce,288.61,0,0
ENQ-04856,2025-11-13,Mandai,Walk-in,Small,Student/Expats,187.22,0,0
ENQ-04857,2025-05-23,Geylang,Meta Ads,Locker,SME,86.01,0,0
ENQ-04858,2025-05-28,Seletar,Google Search,Small,Household,204.48,0,0
ENQ-04859,2025-11-21,Bukit Batok,Organic,Medium,Household,292.49,1,0
ENQ-04860,2025-03-19,Mandai,Organic,Large,Household,526.74,0,0
ENQ-04861,2025-09-01,Marina South,Meta Ads,Large,Household,515.22,1,0
ENQ-04862,2025-04-23,Novena,Meta Ads,Medium,Household,301.18,0,0
ENQ-04863,2025-08-27,Mandai,Google Search,Small,Household,162.69,0,0
ENQ-04864,2025-05-15,Tanglin,Referral,Medium,SME,279.55,0,0
ENQ-04865,2025-07-09,Serangoon,Referral,Medium,E-commerce,276.54,0,0
ENQ-04866,2025-10-29,Punggol,Google Search,Small,Household,166.38,0,0
ENQ-04867,2025-12-26,Lim Chu Kang,Meta Ads,Small,E-commerce,176.72,0,0
ENQ-04868,2025-02-12,Marine Parade,Google Search,Small,SME,202.62,1,0
ENQ-04869,2025-07-31,Yishun,Google Search,Small,Relocation,167.37,0,0
ENQ-04870,2025-11-23,Pioneer,Partner,Locker,Household,101.15,0,0
ENQ-04871,2025-05-20,Downtown Core,Partner,Small,Household,206.31,0,0
ENQ-04872,2025-06-03,Queenstown,Organic,Small,Household,192.55,0,0
ENQ-04873,2025-07-09,Toa Payoh,Walk-in,Medium,Household,299.15,0,0
ENQ-04874,2025-12-07,River Valley,Google Search,Large,Household,485.01,1,1
ENQ-04875,2025-11-14,Clementi,Google Search,Small,SME,164.76,0,0
ENQ-04876,2025-11-21,Singapore River,Walk-in,Locker,Household,96.19,0,0
ENQ-04877,2025-05-29,Southern Islands,Meta Ads,Medium,Student/Expats,275.7,0,0
ENQ-04878,2025-01-27,Straits View,Walk-in,Small,Household,203.07,0,0
ENQ-04879,2025-01-01,Marine Parade,Organic,Small,Household,185.84,1,0
ENQ-04880,2025-06-07,Museum,Meta Ads,Large,Relocation,467.65,0,0
ENQ-04881,2025-05-01,Boon Lay,Organic,Locker,Household,89.03,0,0
ENQ-04882,2025-09-04,Western Water Catchment,Google Search,Medium,SME,314.23,0,0
ENQ-04883,2025-08-21,Jurong East,Organic,Locker,Household,90.75,0,0
ENQ-04884,2025-12-02,Bedok,Meta Ads,Medium,Household,300.33,0,0
ENQ-04885,2025-08-07,Seletar,Meta Ads,Medium,SME,266.33,0,0
ENQ-04886,2025-06-05,Singapore River,Organic,Locker,E-commerce,95.82,0,0
ENQ-04887,2025-03-11,Jurong West,Walk-in,Small,Household,188.34,0,0
ENQ-04888,2025-05-12,Tuas,Meta Ads,Small,Household,193.52,1,0
ENQ-04889,2025-03-10,North-Eastern Islands,Organic,Medium,SME,325.31,0,0
ENQ-04890,2025-01-28,Changi,Meta Ads,Medium,Household,264.71,1,0
ENQ-04891,2025-07-31,Bukit Batok,Referral,Small,Household,202.45,0,0
ENQ-04892,2025-12-04,Simpang,Referral,Small,Household,187.07,1,0
ENQ-04893,2025-04-22,Marina East,Meta Ads,Small,E-commerce,197.79,0,0
ENQ-04894,2025-06-24,Lim Chu Kang,Partner,Large,Student/Expats,467.88,0,0
ENQ-04895,2025-07-07,Pasir Ris,Organic,Medium,SME,261.25,1,0
ENQ-04896,2025-09-02,Orchard,Organic,Locker,Relocation,88.12,0,0
ENQ-04897,2025-07-03,Seletar,Google Search,Small,Household,178.24,0,0
ENQ-04898,2025-05-10,Pasir Ris,Google Search,Locker,Household,91.03,0,0
ENQ-04899,2025-08-20,Bishan,Google Search,Locker,Household,85.75,0,0
ENQ-04900,2025-11-24,Punggol,Organic,Small,Household,184.74,0,0
ENQ-04901,2025-11-27,Downtown Core,Organic,Small,SME,190.15,0,0
ENQ-04902,2025-07-12,Pasir Ris,Google Search,Large,SME,480.27,1,0
ENQ-04903,2025-09-25,Jurong West,Google Search,Medium,E-commerce,308.43,0,0
ENQ-04904,2025-05-13,North-Eastern Islands,Organic,Medium,Household,327.73,0,0
ENQ-04905,2025-06-11,Sungei Kadut,Walk-in,Small,Household,193.28,0,0
ENQ-04906,2025-02-09,Bukit Panjang,Google Search,Locker,E-commerce,82.54,0,0
ENQ-04907,2025-09-29,Museum,Meta Ads,Large,Household,525.93,0,0
ENQ-04908,2025-09-21,Bishan,Meta Ads,Locker,Household,94.89,0,0
ENQ-04909,2025-04-03,Kallang,Organic,Small,Household,198.35,0,0
ENQ-04910,2025-06-16,Sembawang,Google Search,Large,Household,513.78,0,0
ENQ-04911,2025-10-11,Changi,Meta Ads,Large,Household,492.03,0,0
ENQ-04912,2025-04-04,Changi Bay,Meta Ads,Small,Household,163.73,0,0
ENQ-04913,2025-09-23,Central Water Catchment,Google Search,Small,Household,186.8,1,0
ENQ-04914,2025-03-03,Tuas,Referral,Small,Household,163.78,1,0
ENQ-04915,2025-06-17,Bukit Timah,Google Search,Small,Household,199.82,0,0
ENQ-04916,2025-01-15,Geylang,Organic,Locker,Household,90.45,0,0
ENQ-04917,2025-11-01,Woodlands,Google Search,Locker,Household,87.26,1,0
ENQ-04918,2025-10-13,Straits View,Organic,Locker,Household,97.75,0,0
ENQ-04919,2025-03-27,Serangoon,Walk-in,Small,Household,196.2,0,0
ENQ-04920,2025-12-24,Museum,Organic,Locker,Relocation,94.41,1,0
ENQ-04921,2025-09-14,Bukit Timah,Referral,Medium,Household,280.55,0,0
ENQ-04922,2025-03-16,Singapore River,Google Search,Medium,Household,299.69,0,0
ENQ-04923,2025-01-05,Serangoon,Walk-in,Small,E-commerce,162.19,1,0
ENQ-04924,2025-06-01,Woodlands,Partner,Large,Student/Expats,443.6,0,0
ENQ-04925,2025-03-31,Geylang,Organic,Medium,Household,307.03,0,0
ENQ-04926,2025-09-16,Bukit Batok,Google Search,Small,Student/Expats,181.97,0,0
ENQ-04927,2025-09-14,Southern Islands,Meta Ads,Medium,Student/Expats,300.09,0,0
ENQ-04928,2025-08-28,Hougang,Google Search,Small,E-commerce,199.46,0,1
ENQ-04929,2025-01-28,Marina East,Organic,Small,Household,176.02,0,0
ENQ-04930,2025-07-01,Bedok,Google Search,Small,Household,202.95,0,0
ENQ-04931,2025-06-06,Pioneer,Walk-in,Medium,Household,333.35,0,0
ENQ-04932,2025-03-03,Ang Mo Kio,Organic,Locker,Household,89.96,1,0
ENQ-04933,2025-05-29,Sungei Kadut,Partner,Medium,Relocation,269.09,1,0
ENQ-04934,2025-02-03,Seletar,Meta Ads,Locker,Household,93.74,0,0
ENQ-04935,2025-10-28,Museum,Meta Ads,Medium,Student/Expats,302.79,0,0
ENQ-04936,2025-06-13,Tampines,Partner,Large,SME,527.86,0,0
ENQ-04937,2025-07-28,Sembawang,Meta Ads,Small,SME,188.49,0,0
ENQ-04938,2025-08-20,Punggol,Google Search,Medium,Student/Expats,270.08,0,0
ENQ-04939,2025-04-01,Western Water Catchment,Google Search,Locker,Household,83.34,0,0
ENQ-04940,2025-12-06,Novena,Meta Ads,Small,SME,195.84,1,0
ENQ-04941,2025-04-14,Downtown Core,Organic,Small,SME,164.97,0,0
ENQ-04942,2025-10-07,Lim Chu Kang,Google Search,Small,Household,206.08,0,0
ENQ-04943,2025-07-30,Orchard,Google Search,Medium,E-commerce,287.55,1,0
ENQ-04944,2025-01-17,Mandai,Meta Ads,Locker,Household,89.01,0,0
ENQ-04945,2025-09-01,Marina South,Meta Ads,Medium,Household,327.91,0,0
ENQ-04946,2025-10-24,Kallang,Google Search,Small,Household,194.83,1,1
ENQ-04947,2025-04-12,Bukit Timah,Partner,Medium,Student/Expats,325.36,0,0
ENQ-04948,2025-10-28,Tanglin,Partner,Medium,SME,313.62,0,0
ENQ-04949,2025-07-23,Bukit Panjang,Google Search,Small,Household,173.87,0,0
ENQ-04950,2025-10-04,Bukit Batok,Google Search,Small,SME,196.95,0,0
ENQ-04951,2025-01-29,Straits View,Meta Ads,Small,E-commerce,189.41,0,0
ENQ-04952,2025-12-02,Queenstown,Google Search,Locker,Household,93.51,0,0
ENQ-04953,2025-01-08,Tuas,Google Search,Medium,SME,319.7,0,0
ENQ-04954,2025-11-02,Pioneer,Google Search,Large,Relocation,414.57,0,0
ENQ-04955,2025-12-30,Singapore River,Google Search,Small,Student/Expats,173.73,0,0
ENQ-04956,2025-06-28,Downtown Core,Google Search,Medium,Household,284.45,0,0
ENQ-04957,2025-04-25,Museum,Organic,Medium,Household,322.4,0,0
ENQ-04958,2025-07-08,Outram,Google Search,Small,SME,164.4,0,0
ENQ-04959,2025-02-27,Bukit Merah,Partner,Medium,Household,295.04,0,0
ENQ-04960,2025-11-26,Singapore River,Organic,Medium,Household,306.03,0,0
ENQ-04961,2025-12-28,Bukit Batok,Meta Ads,Medium,E-commerce,333.33,0,0
ENQ-04962,2025-05-10,Simpang,Referral,Small,Household,206.85,0,0
ENQ-04963,2025-03-10,Marina East,Google Search,Medium,Household,268.57,1,0
ENQ-04964,2025-11-11,Outram,Organic,Small,Household,178.22,0,0
ENQ-04965,2025-03-05,Downtown Core,Referral,Small,SME,164.18,0,0
ENQ-04966,2025-09-04,Tanglin,Organic,Small,Household,166.88,0,0
ENQ-04967,2025-08-26,Serangoon,Google Search,Medium,Household,324.8,0,0
ENQ-04968,2025-07-20,Marina South,Google Search,Small,Student/Expats,195.12,0,0
ENQ-04969,2025-03-05,Changi,Walk-in,Medium,Student/Expats,288.91,0,0
ENQ-04970,2025-04-30,Sengkang,Meta Ads,Small,SME,190.67,0,0
ENQ-04971,2025-12-16,Tampines,Referral,Small,Household,180.28,0,0
ENQ-04972,2025-03-26,Rochor,Walk-in,Locker,E-commerce,87.28,0,0
ENQ-04973,2025-10-30,Woodlands,Organic,Medium,Household,307.65,0,0
ENQ-04974,2025-10-26,Toa Payoh,Partner,Medium,Relocation,322.6,0,0
ENQ-04975,2025-10-09,Marina South,Meta Ads,Small,Household,176.33,0,0
ENQ-04976,2025-08-20,Woodlands,Google Search,Medium,Household,299.28,1,0
ENQ-04977,2025-06-27,Geylang,Walk-in,Small,Household,163.16,0,0
ENQ-04978,2025-12-27,Bukit Panjang,Organic,Large,Household,491.2,0,0
ENQ-04979,2025-04-08,Jurong East,Organic,Small,Household,163.19,0,0
ENQ-04980,2025-05-09,Jurong East,Partner,Medium,Household,293.94,0,0
ENQ-04981,2025-02-25,Changi Bay,Walk-in,Small,Household,186.23,1,0
ENQ-04982,2025-12-18,Bukit Timah,Meta Ads,Medium,Household,297.03,0,0
ENQ-04983,2025-08-19,Pasir Ris,Google Search,Small,Student/Expats,172.97,0,0
ENQ-04984,2025-12-09,Museum,Meta Ads,Large,Household,494.01,0,0
ENQ-04985,2025-10-22,Novena,Organic,Medium,SME,318.19,0,0
ENQ-04986,2025-05-22,Toa Payoh,Google Search,Locker,Relocation,95.75,0,0
ENQ-04987,2025-01-28,Hougang,Organic,Medium,SME,295.98,0,0
ENQ-04988,2025-08-12,Newton,Referral,Small,SME,177.6,1,0
ENQ-04989,2025-07-07,Seletar,Organic,Medium,SME,270.82,0,0
ENQ-04990,2025-09-03,Mandai,Google Search,Locker,Household,83.56,1,0
ENQ-04991,2025-08-07,Bukit Panjang,Meta Ads,Locker,Household,93.06,0,0
ENQ-04992,2025-03-01,Seletar,Organic,Locker,Student/Expats,89.99,0,0
ENQ-04993,2025-12-02,Western Water Catchment,Organic,Large,SME,508.19,1,0
ENQ-04994,2025-07-15,Geylang,Organic,Locker,SME,82.59,1,0
ENQ-04995,2025-06-13,Southern Islands,Meta Ads,Medium,Relocation,286.06,0,0
ENQ-04996,2025-03-24,Orchard,Organic,Large,Relocation,431.11,0,0
ENQ-04997,2025-07-23,Orchard,Walk-in,Small,Household,170.31,0,1
ENQ-04998,2025-06-23,North-Eastern Islands,Google Search,Small,Household,187.18,0,0
ENQ-04999,2025-11-05,Choa Chu Kang,Referral,Locker,SME,91.18,0,0
ENQ-05000,2025-02-13,Tanglin,Google Search,Locker,Household,96.6,0,0
ENQ-05001,2025-05-01,River Valley,Google Search,Small,SME,195.5,0,0
ENQ-05002,2025-08-10,Boon Lay,Organic,Medium,Student/Expats,285.89,0,0
ENQ-05003,2025-01-16,River Valley,Organic,Small,Student/Expats,168.91,0,0
ENQ-05004,2025-01-31,Outram,Walk-in,Medium,Household,330.3,0,0
ENQ-05005,2025-08-29,Tengah,Organic,Medium,SME,305.57,0,0
ENQ-05006,2025-12-03,Bishan,Organic,Small,Household,191.73,0,0
ENQ-05007,2025-02-12,Hougang,Partner,Small,E-commerce,163.71,0,0
ENQ-05008,2025-08-30,Downtown Core,Referral,Medium,SME,282.89,0,0
ENQ-05009,2025-01-22,Woodlands,Organic,Small,SME,183.51,0,0
ENQ-05010,2025-10-22,Tengah,Google Search,Medium,SME,316.2,1,0
ENQ-05011,2025-02-21,Singapore River,Google Search,Small,Relocation,206.62,0,0
ENQ-05012,2025-07-17,Queenstown,Organic,Medium,SME,278.99,0,0
ENQ-05013,2025-09-27,Serangoon,Organic,Large,Household,415.42,0,0
ENQ-05014,2025-07-09,Bukit Timah,Meta Ads,Medium,E-commerce,327.27,0,0
ENQ-05015,2025-12-17,Pasir Ris,Meta Ads,Medium,SME,312.47,0,0
ENQ-05016,2025-09-22,Central Water Catchment,Walk-in,Medium,SME,280.28,1,0
ENQ-05017,2025-08-17,Tanglin,Google Search,Small,Relocation,187.63,0,1
ENQ-05018,2025-06-23,Novena,Meta Ads,Small,Student/Expats,198.55,0,0
ENQ-05019,2025-07-22,Queenstown,Organic,Small,Household,206.39,0,0
ENQ-05020,2025-12-04,Novena,Walk-in,Locker,Relocation,82.52,0,0
ENQ-05021,2025-06-14,Sengkang,Referral,Locker,Student/Expats,86.92,1,0
ENQ-05022,2025-04-06,Tengah,Organic,Medium,E-commerce,295.24,0,0
ENQ-05023,2025-09-15,Tanglin,Referral,Large,Household,427.3,0,0
ENQ-05024,2025-11-04,North-Eastern Islands,Google Search,Large,Relocation,452.92,0,0
ENQ-05025,2025-07-23,Queenstown,Partner,Small,Student/Expats,201.27,0,0
ENQ-05026,2025-11-15,Yishun,Organic,Locker,SME,85.61,0,0
ENQ-05027,2025-10-25,Geylang,Organic,Medium,Household,277.02,0,0
ENQ-05028,2025-07-18,Bukit Batok,Organic,Small,E-commerce,184.75,0,0
ENQ-05029,2025-04-23,Kallang,Google Search,Small,Household,185.67,0,0
ENQ-05030,2025-01-12,Kallang,Google Search,Small,Household,199.42,0,0
ENQ-05031,2025-10-21,Marine Parade,Walk-in,Locker,SME,84.38,1,0
ENQ-05032,2025-03-21,Jurong West,Google Search,Locker,SME,86.43,0,0
ENQ-05033,2025-06-16,Marina South,Organic,Locker,E-commerce,91.69,0,0
ENQ-05034,2025-10-02,Singapore River,Google Search,Medium,E-commerce,295.72,1,0
ENQ-05035,2025-06-12,Orchard,Walk-in,Small,E-commerce,168.19,0,0
ENQ-05036,2025-03-23,Straits View,Google Search,Medium,Household,301.93,0,0
ENQ-05037,2025-06-23,Central Water Catchment,Referral,Medium,Household,261.61,0,0
ENQ-05038,2025-03-24,Simpang,Referral,Medium,E-commerce,294.16,0,0
ENQ-05039,2025-02-18,Punggol,Walk-in,Large,E-commerce,459.22,0,0
ENQ-05040,2025-07-29,Orchard,Meta Ads,Small,Household,203.23,1,0
ENQ-05041,2025-05-18,Tampines,Organic,Small,Household,166.76,0,0
ENQ-05042,2025-08-06,Orchard,Meta Ads,Small,Household,202.67,0,0
ENQ-05043,2025-02-26,Punggol,Referral,Locker,Household,88.71,0,0
ENQ-05044,2025-05-31,Yishun,Meta Ads,Small,Household,198.86,0,0
ENQ-05045,2025-12-17,Straits View,Google Search,Large,Household,477.26,0,0
ENQ-05046,2025-06-04,Kallang,Meta Ads,Large,E-commerce,509.49,0,1
ENQ-05047,2025-03-17,Museum,Google Search,Small,Household,168.22,0,0
ENQ-05048,2025-09-24,River Valley,Google Search,Small,Household,183.25,0,0
ENQ-05049,2025-02-27,Tanglin,Meta Ads,Locker,Relocation,97.21,0,0
ENQ-05050,2025-01-10,Orchard,Google Search,Small,SME,202.84,0,0
ENQ-05051,2025-10-02,Bukit Timah,Google Search,Small,Household,183.72,1,0
ENQ-05052,2025-06-24,Changi,Referral,Medium,Household,317.31,1,0
ENQ-05053,2025-09-10,Sungei Kadut,Referral,Medium,Household,317.91,1,0
ENQ-05054,2025-05-27,Marina East,Organic,Large,Household,517.32,0,0
ENQ-05055,2025-09-06,Bukit Merah,Organic,Small,Student/Expats,194.32,1,0
ENQ-05056,2025-09-16,Toa Payoh,Google Search,Medium,Student/Expats,319.01,0,0
ENQ-05057,2025-02-21,Western Water Catchment,Partner,Small,SME,201.09,0,0
ENQ-05058,2025-08-20,Boon Lay,Google Search,Small,Household,172.55,0,0
ENQ-05059,2025-09-14,Straits View,Google Search,Locker,Household,83.3,0,0
ENQ-05060,2025-10-12,Hougang,Google Search,Large,SME,417.61,1,0
ENQ-05061,2025-07-07,Ang Mo Kio,Referral,Medium,Household,330.88,0,0
ENQ-05062,2025-08-25,Bishan,Meta Ads,Small,Household,186.94,0,0
ENQ-05063,2025-04-01,Downtown Core,Google Search,Medium,Household,288.13,0,0
ENQ-05064,2025-12-21,Museum,Walk-in,Large,Household,437.9,0,0
ENQ-05065,2025-10-22,Serangoon,Organic,Locker,Household,94.4,0,0
ENQ-05066,2025-05-12,Choa Chu Kang,Google Search,Small,E-commerce,204.11,0,0
ENQ-05067,2025-11-02,Changi Bay,Google Search,Medium,Student/Expats,327.42,0,0
ENQ-05068,2025-06-20,Changi Bay,Organic,Small,SME,169.18,0,1
ENQ-05069,2025-06-02,Pioneer,Organic,Medium,Household,303.59,0,0
ENQ-05070,2025-12-13,Jurong West,Google Search,Medium,Household,273.59,1,0
ENQ-05071,2025-03-19,Straits View,Meta Ads,Locker,SME,95.13,1,0
ENQ-05072,2025-07-23,Pasir Ris,Referral,Small,SME,204.39,0,0
ENQ-05073,2025-05-06,Ang Mo Kio,Meta Ads,Small,E-commerce,194.95,0,0
ENQ-05074,2025-03-07,Choa Chu Kang,Organic,Small,Household,189.91,0,0
ENQ-05075,2025-10-15,Central Water Catchment,Google Search,Small,Relocation,186.4,1,0
ENQ-05076,2025-11-25,Geylang,Google Search,Medium,E-commerce,309.41,0,0
ENQ-05077,2025-11-27,Bishan,Organic,Small,SME,171.85,0,0
ENQ-05078,2025-01-21,Boon Lay,Walk-in,Small,Student/Expats,181.5,0,0
ENQ-05079,2025-01-02,Hougang,Organic,Medium,E-commerce,273.66,1,0
ENQ-05080,2025-05-12,Queenstown,Referral,Small,Household,182.68,0,0
ENQ-05081,2025-09-11,Tampines,Referral,Medium,E-commerce,291.4,0,0
ENQ-05082,2025-01-22,Museum,Meta Ads,Small,Household,167.71,1,0
ENQ-05083,2025-11-18,Bedok,Meta Ads,Small,Household,205.59,0,0
ENQ-05084,2025-03-30,Bukit Timah,Meta Ads,Medium,Household,288.34,0,0
ENQ-05085,2025-03-20,Bedok,Google Search,Locker,Household,103.35,0,0
ENQ-05086,2025-03-24,Central Water Catchment,Walk-in,Small,Student/Expats,175.04,0,0
ENQ-05087,2025-09-11,Singapore River,Partner,Small,Relocation,193.3,0,0
ENQ-05088,2025-03-29,Simpang,Organic,Small,E-commerce,201.36,0,0
ENQ-05089,2025-01-20,Queenstown,Meta Ads,Large,SME,517.75,0,0
ENQ-05090,2025-02-16,Jurong West,Google Search,Medium,Household,301.13,0,0
ENQ-05091,2025-12-28,Bishan,Google Search,Medium,Household,277.28,1,0
ENQ-05092,2025-12-13,Geylang,Organic,Locker,Household,91.14,0,0
ENQ-05093,2025-10-16,Hougang,Partner,Small,E-commerce,177.19,0,0
ENQ-05094,2025-02-26,Orchard,Organic,Medium,Household,271.57,1,0
ENQ-05095,2025-12-10,Toa Payoh,Walk-in,Medium,Household,306.24,0,1
ENQ-05096,2025-02-27,North-Eastern Islands,Meta Ads,Medium,Household,308.68,0,0
ENQ-05097,2025-01-30,Toa Payoh,Google Search,Small,SME,189.17,0,0
ENQ-05098,2025-02-20,Tanglin,Google Search,Small,SME,167.92,0,0
ENQ-05099,2025-07-18,River Valley,Walk-in,Medium,Student/Expats,333.05,0,0
ENQ-05100,2025-05-27,Ang Mo Kio,Google Search,Large,SME,468.82,1,0
ENQ-05101,2025-01-01,Marine Parade,Referral,Medium,Household,328.84,0,0
ENQ-05102,2025-02-26,Bukit Timah,Organic,Locker,E-commerce,94.75,0,0
ENQ-05103,2025-09-01,Downtown Core,Walk-in,Large,Household,430.12,0,0
ENQ-05104,2025-08-15,Sengkang,Organic,Small,Household,195.89,0,0
ENQ-05105,2025-02-22,Mandai,Walk-in,Medium,Household,261.77,0,0
ENQ-05106,2025-05-30,Yishun,Referral,Small,Student/Expats,191.83,0,0
ENQ-05107,2025-02-08,Bukit Batok,Meta Ads,Medium,Household,305.13,0,0
ENQ-05108,2025-04-09,Rochor,Google Search,Medium,Student/Expats,329.45,0,0
ENQ-05109,2025-12-11,Serangoon,Organic,Medium,Student/Expats,304.97,0,0
ENQ-05110,2025-08-05,Tengah,Organic,Medium,E-commerce,272.06,1,0
ENQ-05111,2025-01-05,Newton,Walk-in,Medium,E-commerce,325.11,0,0
ENQ-05112,2025-01-20,Mandai,Organic,Medium,Household,286.43,0,0
ENQ-05113,2025-12-20,Simpang,Walk-in,Small,Student/Expats,163.79,0,0
ENQ-05114,2025-08-25,Novena,Walk-in,Small,Household,205.84,1,0
ENQ-05115,2025-06-26,Serangoon,Meta Ads,Small,E-commerce,194.66,1,0
ENQ-05116,2025-06-27,Yishun,Partner,Locker,Student/Expats,88.91,1,0
ENQ-05117,2025-04-17,Downtown Core,Referral,Medium,Household,305.67,1,0
ENQ-05118,2025-06-27,Central Water Catchment,Organic,Large,Household,445.13,1,0
ENQ-05119,2025-05-14,Toa Payoh,Organic,Medium,Student/Expats,302.49,0,0
ENQ-05120,2025-10-22,Tuas,Google Search,Medium,Household,265.62,0,0
ENQ-05121,2025-07-26,Southern Islands,Meta Ads,Small,Household,199.35,0,0
ENQ-05122,2025-10-16,Pioneer,Organic,Medium,Household,327.41,0,0
ENQ-05123,2025-12-16,Toa Payoh,Google Search,Medium,E-commerce,332.41,0,0
ENQ-05124,2025-08-25,North-Eastern Islands,Partner,Medium,E-commerce,273.97,0,0
ENQ-05125,2025-01-17,Newton,Google Search,Small,Household,188.67,0,0
ENQ-05126,2025-02-03,Outram,Organic,Locker,Relocation,82.62,1,1
ENQ-05127,2025-03-23,Tanglin,Google Search,Small,E-commerce,181.62,0,0
ENQ-05128,2025-12-11,Bukit Timah,Google Search,Locker,Household,101.32,1,0
ENQ-05129,2025-07-13,Orchard,Referral,Locker,E-commerce,97.27,0,0
ENQ-05130,2025-02-01,Queenstown,Google Search,Small,Household,205.36,0,1
ENQ-05131,2025-12-10,Marina East,Google Search,Medium,SME,309.35,0,0
ENQ-05132,2025-11-04,Bedok,Meta Ads,Locker,Household,90.01,0,0
ENQ-05133,2025-02-01,Straits View,Organic,Small,SME,162.24,0,0
ENQ-05134,2025-05-29,Southern Islands,Walk-in,Medium,Student/Expats,314.01,0,0
ENQ-05135,2025-04-29,Jurong West,Walk-in,Small,Household,168.88,0,0
ENQ-05136,2025-08-06,Southern Islands,Organic,Medium,SME,311.14,0,0
ENQ-05137,2025-08-11,Marina East,Meta Ads,Medium,Household,278.08,0,0
ENQ-05138,2025-05-01,Downtown Core,Walk-in,Large,Household,432.73,1,0
ENQ-05139,2025-06-03,Sungei Kadut,Google Search,Small,SME,163.37,0,0
ENQ-05140,2025-10-27,Simpang,Meta Ads,Large,SME,522.47,0,0
ENQ-05141,2025-04-06,Seletar,Organic,Locker,Household,98.6,0,0
ENQ-05142,2025-12-04,Queenstown,Google Search,Small,SME,186.63,0,0
ENQ-05143,2025-12-08,Lim Chu Kang,Google Search,Locker,SME,89.78,0,0
ENQ-05144,2025-03-11,Woodlands,Google Search,Locker,Household,82.55,0,0
ENQ-05145,2025-10-30,River Valley,Partner,Small,SME,202.33,1,0
ENQ-05146,2025-11-10,Mandai,Walk-in,Small,Household,204.39,0,0
ENQ-05147,2025-06-02,Queenstown,Meta Ads,Small,Relocation,165.07,0,0
ENQ-05148,2025-01-29,Sengkang,Referral,Medium,Relocation,271.15,0,0
ENQ-05149,2025-11-07,Singapore River,Organic,Small,SME,185.09,0,0
ENQ-05150,2025-07-09,River Valley,Google Search,Small,Household,204.7,0,0
ENQ-05151,2025-03-11,Mandai,Walk-in,Small,Household,181.83,0,0
ENQ-05152,2025-06-22,Yishun,Meta Ads,Medium,Household,295.67,0,0
ENQ-05153,2025-01-27,Tampines,Google Search,Locker,SME,90.98,1,0
ENQ-05154,2025-08-24,Straits View,Organic,Large,Household,521.79,0,0
ENQ-05155,2025-06-04,Singapore River,Organic,Locker,SME,82.25,0,0
ENQ-05156,2025-01-24,Novena,Partner,Small,Household,185.49,0,0
ENQ-05157,2025-09-16,Lim Chu Kang,Organic,Medium,Household,330.44,1,0
ENQ-05158,2025-11-25,Mandai,Google Search,Large,SME,439.49,0,0
ENQ-05159,2025-06-29,Marina South,Partner,Medium,Student/Expats,302.42,0,0
ENQ-05160,2025-04-22,Boon Lay,Meta Ads,Small,SME,175.73,0,0
ENQ-05161,2025-05-21,Mandai,Partner,Locker,SME,101.61,0,0
ENQ-05162,2025-04-02,Outram,Meta Ads,Large,Household,415.68,0,0
ENQ-05163,2025-02-12,Jurong West,Google Search,Medium,SME,314.35,0,0
ENQ-05164,2025-05-22,Sengkang,Walk-in,Small,SME,168.91,0,0
ENQ-05165,2025-06-13,Straits View,Referral,Small,Household,186.16,0,0
ENQ-05166,2025-04-16,Bukit Panjang,Referral,Medium,Household,287.11,0,0
ENQ-05167,2025-05-13,North-Eastern Islands,Partner,Medium,Household,320.79,0,0
ENQ-05168,2025-11-07,Pioneer,Google Search,Medium,Household,310.52,0,0
ENQ-05169,2025-03-04,Jurong East,Meta Ads,Locker,SME,93.78,0,0
ENQ-05170,2025-04-11,Queenstown,Walk-in,Small,SME,185.92,0,0
ENQ-05171,2025-09-12,Marine Parade,Referral,Small,E-commerce,193.44,0,0
ENQ-05172,2025-02-25,Singapore River,Google Search,Large,Household,519.63,1,0
ENQ-05173,2025-10-27,Boon Lay,Meta Ads,Small,Household,169.42,0,0
ENQ-05174,2025-10-25,Simpang,Walk-in,Medium,Relocation,277.68,0,0
ENQ-05175,2025-04-15,Newton,Walk-in,Medium,E-commerce,264.25,0,0
ENQ-05176,2025-02-25,Newton,Organic,Medium,Household,311.49,0,0
ENQ-05177,2025-08-03,Punggol,Partner,Large,Household,463.47,0,0
ENQ-05178,2025-03-05,Mandai,Referral,Small,Household,170.82,0,0
ENQ-05179,2025-01-20,Bishan,Organic,Small,Household,196.35,0,0
ENQ-05180,2025-03-31,Boon Lay,Meta Ads,Locker,Household,93.33,0,0
ENQ-05181,2025-06-03,Bukit Batok,Partner,Medium,Household,288.64,0,0
ENQ-05182,2025-03-14,Changi Bay,Referral,Medium,Student/Expats,324.04,0,0
ENQ-05183,2025-09-27,Marina South,Meta Ads,Locker,SME,85.67,0,0
ENQ-05184,2025-05-23,Newton,Google Search,Small,Household,171.49,0,0
ENQ-05185,2025-03-17,Woodlands,Walk-in,Small,Student/Expats,178.28,1,0
ENQ-05186,2025-11-19,Marine Parade,Meta Ads,Locker,Household,91.89,0,0
ENQ-05187,2025-06-21,Geylang,Walk-in,Medium,SME,304.53,0,0
ENQ-05188,2025-03-08,Jurong West,Organic,Locker,SME,97.22,0,0
ENQ-05189,2025-10-29,Sembawang,Referral,Medium,SME,274.67,1,0
ENQ-05190,2025-10-05,Outram,Google Search,Locker,Household,82.42,1,0
ENQ-05191,2025-07-26,Pioneer,Google Search,Medium,SME,261.81,0,0
ENQ-05192,2025-05-01,Museum,Organic,Locker,E-commerce,99.67,0,0
ENQ-05193,2025-09-11,Mandai,Organic,Small,Relocation,198.24,1,1
ENQ-05194,2025-11-18,Singapore River,Meta Ads,Small,SME,190.5,0,0
ENQ-05195,2025-08-23,Changi Bay,Google Search,Locker,Household,92.97,1,0
ENQ-05196,2025-11-06,Orchard,Google Search,Medium,SME,298.84,0,0
ENQ-05197,2025-09-14,Bukit Panjang,Google Search,Small,SME,199.42,1,0
ENQ-05198,2025-06-05,Toa Payoh,Walk-in,Small,Household,206.1,0,0
ENQ-05199,2025-05-29,Marina East,Organic,Small,Household,195.04,0,0
ENQ-05200,2025-12-17,Pasir Ris,Meta Ads,Small,Household,188.34,0,0
ENQ-05201,2025-04-30,Bukit Batok,Partner,Medium,Student/Expats,308.82,0,0
ENQ-05202,2025-03-30,Outram,Organic,Medium,Student/Expats,279.38,0,0
ENQ-05203,2025-07-16,Choa Chu Kang,Organic,Medium,SME,276.09,1,1
ENQ-05204,2025-10-11,Tuas,Google Search,Small,E-commerce,185.55,0,0
ENQ-05205,2025-02-07,Straits View,Meta Ads,Small,Household,186.59,1,0
ENQ-05206,2025-12-07,Orchard,Meta Ads,Small,SME,198.14,0,0
ENQ-05207,2025-12-22,Seletar,Walk-in,Medium,Household,303.02,0,1
ENQ-05208,2025-01-24,Singapore River,Walk-in,Locker,Household,84.49,0,0
ENQ-05209,2025-12-14,River Valley,Google Search,Small,SME,205.77,0,0
ENQ-05210,2025-11-22,Marine Parade,Google Search,Small,Household,185.49,0,0
ENQ-05211,2025-10-09,Southern Islands,Organic,Small,Household,177.94,0,0
ENQ-05212,2025-11-25,Jurong East,Organic,Medium,Household,287.93,0,1
ENQ-05213,2025-08-15,Simpang,Google Search,Large,Relocation,506.97,0,0
ENQ-05214,2025-07-07,Western Water Catchment,Walk-in,Large,SME,487.93,0,0
ENQ-05215,2025-09-22,Toa Payoh,Meta Ads,Small,SME,199.75,0,1
ENQ-05216,2025-02-22,Jurong West,Organic,Small,Household,166.54,0,0
ENQ-05217,2025-10-05,Bukit Merah,Organic,Medium,E-commerce,325.4,0,0
ENQ-05218,2025-02-02,Bukit Merah,Organic,Medium,SME,332.95,0,0
ENQ-05219,2025-07-27,Bukit Merah,Partner,Small,Household,165.65,0,0
ENQ-05220,2025-04-30,Downtown Core,Meta Ads,Large,SME,520.3,0,0
ENQ-05221,2025-02-16,Geylang,Referral,Medium,Relocation,285.63,0,0
ENQ-05222,2025-10-02,Seletar,Referral,Large,Student/Expats,428.07,0,0
ENQ-05223,2025-03-17,Yishun,Google Search,Locker,Household,96.16,0,0
ENQ-05224,2025-03-13,Singapore River,Google Search,Small,E-commerce,171.21,0,0
ENQ-05225,2025-06-11,Tanglin,Google Search,Small,Household,188.51,0,0
ENQ-05226,2025-11-12,Queenstown,Walk-in,Medium,Household,324.77,1,0
ENQ-05227,2025-06-10,Changi,Meta Ads,Medium,Relocation,322.99,0,0
ENQ-05228,2025-06-07,Kallang,Google Search,Medium,SME,297.83,0,0
ENQ-05229,2025-08-09,Hougang,Partner,Small,Relocation,194.84,0,0
ENQ-05230,2025-09-04,Marina East,Google Search,Small,Household,197.15,1,0
ENQ-05231,2025-01-16,Ang Mo Kio,Google Search,Large,Household,418.23,0,0
ENQ-05232,2025-04-13,Marina South,Referral,Small,E-commerce,189.46,1,0
ENQ-05233,2025-02-16,Mandai,Partner,Small,Household,186.66,0,0
ENQ-05234,2025-12-16,Novena,Partner,Small,Household,172.42,0,0
ENQ-05235,2025-12-13,Ang Mo Kio,Google Search,Small,Household,203.57,1,0
ENQ-05236,2025-09-11,Orchard,Organic,Locker,Household,89.12,0,0
ENQ-05237,2025-01-21,Bukit Panjang,Partner,Locker,Household,87.57,0,0
ENQ-05238,2025-03-22,Boon Lay,Organic,Medium,E-commerce,277.44,0,0
ENQ-05239,2025-07-17,Pioneer,Google Search,Medium,SME,263.19,0,0
ENQ-05240,2025-02-13,Southern Islands,Organic,Small,Student/Expats,191.45,0,0
ENQ-05241,2025-08-06,Lim Chu Kang,Google Search,Medium,SME,321.66,0,0
ENQ-05242,2025-04-23,Sungei Kadut,Meta Ads,Large,Household,480.83,0,0
ENQ-05243,2025-12-15,Bukit Timah,Walk-in,Locker,SME,93.61,1,0
ENQ-05244,2025-02-27,Toa Payoh,Partner,Large,E-commerce,481.49,1,0
ENQ-05245,2025-05-19,Bishan,Walk-in,Small,SME,178.25,0,0
ENQ-05246,2025-01-27,Southern Islands,Referral,Medium,Household,332.88,0,0
ENQ-05247,2025-09-17,Bukit Batok,Referral,Locker,SME,97.95,1,0
ENQ-05248,2025-01-07,Changi Bay,Meta Ads,Small,Household,187.41,0,0
ENQ-05249,2025-12-09,Punggol,Google Search,Small,Household,163.16,0,0
ENQ-05250,2025-11-03,Singapore River,Partner,Small,Relocation,182.7,0,0
ENQ-05251,2025-04-06,Jurong West,Google Search,Locker,E-commerce,100.07,0,0
ENQ-05252,2025-03-26,Central Water Catchment,Partner,Locker,Household,100.08,0,0
ENQ-05253,2025-08-16,Outram,Organic,Locker,E-commerce,91.84,0,0
ENQ-05254,2025-07-31,Bukit Batok,Google Search,Locker,Student/Expats,91.14,0,0
ENQ-05255,2025-02-16,Serangoon,Partner,Small,Household,171.01,0,0
ENQ-05256,2025-09-07,Sungei Kadut,Referral,Large,Student/Expats,448.24,0,0
ENQ-05257,2025-01-23,Orchard,Walk-in,Small,Household,168.56,0,1
ENQ-05258,2025-08-15,Marina South,Referral,Small,Household,189.02,0,0
ENQ-05259,2025-12-08,Pioneer,Referral,Locker,Household,97.47,0,0
ENQ-05260,2025-03-26,Orchard,Meta Ads,Medium,SME,296.18,0,0
ENQ-05261,2025-05-27,Tengah,Organic,Medium,Household,328.18,0,0
ENQ-05262,2025-11-11,Punggol,Google Search,Locker,Relocation,82.58,0,0
ENQ-05263,2025-02-04,Geylang,Google Search,Medium,Household,294.69,0,0
ENQ-05264,2025-02-13,Bishan,Organic,Small,Household,188.59,0,0
ENQ-05265,2025-10-02,Sembawang,Meta Ads,Locker,Relocation,87.26,0,0
ENQ-05266,2025-06-11,Hougang,Partner,Medium,Household,319.15,0,0
ENQ-05267,2025-05-30,Sengkang,Google Search,Medium,SME,309.86,0,0
ENQ-05268,2025-04-04,Queenstown,Walk-in,Medium,Household,306.59,0,0
ENQ-05269,2025-06-02,Woodlands,Partner,Medium,SME,304.78,0,0
ENQ-05270,2025-01-08,Singapore River,Google Search,Locker,Household,89.18,0,0
ENQ-05271,2025-02-27,Singapore River,Organic,Medium,Household,294.76,0,1
ENQ-05272,2025-07-03,Punggol,Google Search,Small,Household,200.67,0,0
ENQ-05273,2025-02-25,Changi Bay,Google Search,Locker,E-commerce,81.58,0,1
ENQ-05274,2025-07-03,Downtown Core,Google Search,Small,Household,205.4,0,0
ENQ-05275,2025-09-20,Marine Parade,Meta Ads,Medium,SME,293.53,0,0
ENQ-05276,2025-04-16,Bishan,Meta Ads,Locker,SME,82.88,0,0
ENQ-05277,2025-01-18,Clementi,Google Search,Locker,Household,86.94,0,0
ENQ-05278,2025-08-07,Ang Mo Kio,Partner,Small,Household,180.91,0,0
ENQ-05279,2025-03-29,Bukit Batok,Partner,Medium,Household,293.44,0,0
ENQ-05280,2025-08-18,Bukit Batok,Referral,Medium,Household,292.08,0,0
ENQ-05281,2025-08-09,Central Water Catchment,Meta Ads,Locker,SME,94.05,0,0
ENQ-05282,2025-07-05,Bukit Timah,Meta Ads,Small,Household,186.83,0,0
ENQ-05283,2025-05-24,Museum,Google Search,Locker,Student/Expats,95.2,0,0
ENQ-05284,2025-03-17,Punggol,Meta Ads,Medium,SME,269.38,1,1
ENQ-05285,2025-06-07,Bishan,Meta Ads,Medium,Household,282.74,0,1
ENQ-05286,2025-02-26,Novena,Walk-in,Large,E-commerce,416.85,0,0
ENQ-05287,2025-08-06,Downtown Core,Meta Ads,Small,Relocation,201.85,0,0
ENQ-05288,2025-09-18,Tampines,Google Search,Medium,SME,267.45,1,0
ENQ-05289,2025-01-29,Bedok,Meta Ads,Small,Household,162.64,1,0
ENQ-05290,2025-09-10,Bukit Panjang,Referral,Medium,Household,331.69,0,0
ENQ-05291,2025-12-29,Hougang,Meta Ads,Large,E-commerce,440.69,0,0
ENQ-05292,2025-05-25,Bukit Timah,Organic,Large,Household,521.15,1,0
ENQ-05293,2025-06-16,Hougang,Meta Ads,Large,Student/Expats,450.18,0,0
ENQ-05294,2025-07-28,Hougang,Google Search,Medium,Household,277.84,1,0
ENQ-05295,2025-05-25,Ang Mo Kio,Google Search,Small,Student/Expats,162.76,0,0
ENQ-05296,2025-10-26,Tampines,Meta Ads,Small,Household,167.26,0,0
ENQ-05297,2025-09-12,Changi,Organic,Medium,Household,305.12,0,0
ENQ-05298,2025-10-24,River Valley,Meta Ads,Small,SME,182.58,0,0
ENQ-05299,2025-09-01,Newton,Walk-in,Locker,Student/Expats,86.83,0,0
ENQ-05300,2025-12-29,Singapore River,Walk-in,Large,Household,441.46,1,1
ENQ-05301,2025-12-11,Marina East,Google Search,Small,Relocation,178.45,0,0
ENQ-05302,2025-11-03,Rochor,Meta Ads,Small,Household,163.22,0,0
ENQ-05303,2025-07-23,Boon Lay,Organic,Medium,Household,317.25,0,0
ENQ-05304,2025-09-21,Sengkang,Referral,Small,Household,170.48,0,0
ENQ-05305,2025-01-23,Yishun,Meta Ads,Small,Household,164.98,0,0
ENQ-05306,2025-10-20,Ang Mo Kio,Walk-in,Medium,Household,303.61,1,0
ENQ-05307,2025-01-10,Straits View,Google Search,Medium,SME,312.34,1,0
ENQ-05308,2025-04-07,Clementi,Google Search,Medium,SME,261.98,0,0
ENQ-05309,2025-08-24,Pasir Ris,Meta Ads,Medium,E-commerce,280.09,0,0
ENQ-05310,2025-09-27,Museum,Organic,Medium,E-commerce,264.58,1,0
ENQ-05311,2025-05-27,Museum,Google Search,Small,Household,199.85,0,0
ENQ-05312,2025-04-15,Mandai,Walk-in,Medium,Household,274.59,0,0
ENQ-05313,2025-12-17,Marina East,Google Search,Small,Household,202.66,1,1
ENQ-05314,2025-12-22,Tampines,Referral,Medium,Household,325.93,0,0
ENQ-05315,2025-11-11,Singapore River,Referral,Locker,SME,92.75,0,0
ENQ-05316,2025-10-24,North-Eastern Islands,Google Search,Small,Student/Expats,180.71,1,0
ENQ-05317,2025-02-25,River Valley,Organic,Small,Household,200.48,1,0
ENQ-05318,2025-07-25,Southern Islands,Google Search,Small,Student/Expats,175.96,0,0
ENQ-05319,2025-10-06,Punggol,Walk-in,Medium,Student/Expats,294.82,0,0
ENQ-05320,2025-07-02,North-Eastern Islands,Organic,Medium,Household,302.08,1,0
ENQ-05321,2025-12-28,Ang Mo Kio,Organic,Medium,Household,295.49,0,0
ENQ-05322,2025-05-02,Southern Islands,Partner,Small,Household,187.62,0,1
ENQ-05323,2025-02-14,Yishun,Referral,Small,Household,194.05,0,0
ENQ-05324,2025-10-12,Singapore River,Google Search,Medium,Relocation,280.3,1,0
ENQ-05325,2025-02-12,Western Water Catchment,Google Search,Medium,Student/Expats,293.48,0,0
ENQ-05326,2025-01-06,Bukit Timah,Referral,Small,Student/Expats,179.36,0,0
ENQ-05327,2025-08-15,Tampines,Google Search,Large,Household,528.26,0,0
ENQ-05328,2025-11-26,Orchard,Referral,Medium,Household,279.68,0,0
ENQ-05329,2025-08-04,Serangoon,Partner,Large,SME,488.94,1,1
ENQ-05330,2025-12-31,Tuas,Meta Ads,Small,Household,172.63,0,0
ENQ-05331,2025-05-06,Pioneer,Google Search,Small,Household,163.37,0,0
ENQ-05332,2025-06-24,Changi,Meta Ads,Small,Household,184.95,0,0
ENQ-05333,2025-07-18,Sembawang,Walk-in,Large,Relocation,460.53,0,0
ENQ-05334,2025-03-17,Simpang,Google Search,Medium,Student/Expats,301.98,0,0
ENQ-05335,2025-08-07,Changi,Referral,Locker,Student/Expats,98.28,0,0
ENQ-05336,2025-03-24,Serangoon,Google Search,Locker,Household,95.26,0,0
ENQ-05337,2025-01-27,Downtown Core,Organic,Medium,Household,269.08,0,0
ENQ-05338,2025-12-12,Pioneer,Meta Ads,Locker,Relocation,88.5,0,0
ENQ-05339,2025-08-28,North-Eastern Islands,Partner,Small,Household,177.76,0,0
ENQ-05340,2025-08-06,Changi Bay,Referral,Large,E-commerce,472.54,0,0
ENQ-05341,2025-12-10,Lim Chu Kang,Organic,Small,Household,199.52,0,0
ENQ-05342,2025-05-06,Western Water Catchment,Referral,Small,Household,205.94,1,0
ENQ-05343,2025-08-23,Pasir Ris,Walk-in,Large,Household,482.7,1,0
ENQ-05344,2025-08-20,Choa Chu Kang,Meta Ads,Small,Relocation,189.91,0,0
ENQ-05345,2025-01-29,Singapore River,Meta Ads,Small,SME,173.44,0,0
ENQ-05346,2025-05-11,Tampines,Referral,Small,Household,196.55,1,0
ENQ-05347,2025-02-16,Serangoon,Meta Ads,Small,Household,165.1,0,0
ENQ-05348,2025-12-31,Mandai,Partner,Medium,Household,325.48,0,0
ENQ-05349,2025-09-20,Mandai,Google Search,Locker,E-commerce,87.87,0,0
ENQ-05350,2025-11-02,Pioneer,Organic,Medium,SME,328.04,0,0
ENQ-05351,2025-11-14,Rochor,Organic,Small,SME,166.27,1,0
ENQ-05352,2025-06-11,Bukit Panjang,Referral,Medium,SME,327.87,0,0
ENQ-05353,2025-06-04,Hougang,Organic,Locker,Relocation,82.65,0,0
ENQ-05354,2025-03-25,Tuas,Google Search,Small,SME,190.02,0,0
ENQ-05355,2025-12-21,Bukit Merah,Meta Ads,Locker,E-commerce,101.0,0,0
ENQ-05356,2025-06-29,Central Water Catchment,Meta Ads,Small,Household,168.43,0,0
ENQ-05357,2025-01-03,Straits View,Walk-in,Small,Household,173.75,0,0
ENQ-05358,2025-01-27,Central Water Catchment,Organic,Large,Household,475.73,0,0
ENQ-05359,2025-04-19,Marine Parade,Meta Ads,Small,Household,162.25,0,0
ENQ-05360,2025-02-16,Bukit Merah,Organic,Medium,Household,331.31,0,0
ENQ-05361,2025-08-15,Hougang,Meta Ads,Medium,Student/Expats,323.18,0,0
ENQ-05362,2025-09-26,Sengkang,Organic,Locker,E-commerce,92.01,0,0
ENQ-05363,2025-06-20,Orchard,Meta Ads,Small,E-commerce,171.08,0,1
ENQ-05364,2025-06-08,Tengah,Google Search,Medium,Household,322.88,0,0
ENQ-05365,2025-11-17,Tampines,Meta Ads,Medium,E-commerce,303.71,0,0
ENQ-05366,2025-06-06,Mandai,Walk-in,Large,Household,464.69,0,1
ENQ-05367,2025-10-02,Choa Chu Kang,Meta Ads,Locker,Relocation,82.89,0,0
ENQ-05368,2025-08-14,Downtown Core,Walk-in,Locker,Household,102.86,1,0
ENQ-05369,2025-07-25,Singapore River,Walk-in,Medium,Relocation,276.59,0,0
ENQ-05370,2025-03-12,Pioneer,Referral,Large,Relocation,423.95,0,0
ENQ-05371,2025-02-08,Bishan,Meta Ads,Large,Student/Expats,426.89,1,0
ENQ-05372,2025-06-24,Marina South,Meta Ads,Medium,SME,273.71,0,0
ENQ-05373,2025-07-05,Yishun,Google Search,Small,Household,202.07,1,0
ENQ-05374,2025-10-11,Changi Bay,Walk-in,Small,Household,168.2,0,0
ENQ-05375,2025-01-02,Serangoon,Partner,Small,Household,162.75,0,0
ENQ-05376,2025-01-02,Downtown Core,Google Search,Medium,Student/Expats,319.73,0,0
ENQ-05377,2025-07-18,Simpang,Walk-in,Small,Household,205.63,0,0
ENQ-05378,2025-01-23,Bukit Timah,Organic,Medium,Household,279.14,0,0
ENQ-05379,2025-04-19,Pioneer,Organic,Large,Relocation,487.83,0,0
ENQ-05380,2025-08-25,Queenstown,Referral,Medium,Relocation,269.04,1,1
ENQ-05381,2025-03-21,Tanglin,Meta Ads,Large,Student/Expats,513.74,0,0
ENQ-05382,2025-04-27,Punggol,Google Search,Small,Household,205.23,0,0
ENQ-05383,2025-11-26,Clementi,Walk-in,Medium,Relocation,298.7,0,0
ENQ-05384,2025-03-02,Changi,Organic,Medium,Student/Expats,269.13,0,0
ENQ-05385,2025-07-20,Kallang,Google Search,Small,Household,163.97,1,0
ENQ-05386,2025-01-05,Boon Lay,Meta Ads,Medium,Household,299.88,0,0
ENQ-05387,2025-03-10,Rochor,Google Search,Large,Household,449.77,0,0
ENQ-05388,2025-06-13,Geylang,Meta Ads,Medium,Student/Expats,262.06,0,0
ENQ-05389,2025-03-12,Bukit Panjang,Organic,Medium,Household,289.44,0,0
ENQ-05390,2025-08-05,Woodlands,Google Search,Small,SME,162.05,1,0
ENQ-05391,2025-02-18,Marine Parade,Meta Ads,Locker,Household,86.79,0,0
ENQ-05392,2025-11-04,Queenstown,Meta Ads,Small,Household,189.53,0,0
ENQ-05393,2025-02-07,Straits View,Google Search,Large,SME,424.33,0,0
ENQ-05394,2025-10-07,Marine Parade,Organic,Small,Student/Expats,174.3,1,0
ENQ-05395,2025-11-17,Bukit Panjang,Meta Ads,Medium,Student/Expats,328.56,0,0
ENQ-05396,2025-12-30,Queenstown,Walk-in,Small,Household,188.79,1,0
ENQ-05397,2025-05-01,Rochor,Walk-in,Small,E-commerce,193.49,0,0
ENQ-05398,2025-07-06,Museum,Google Search,Large,SME,509.39,1,0
ENQ-05399,2025-07-13,Geylang,Organic,Medium,Household,292.66,0,0
ENQ-05400,2025-12-09,Mandai,Organic,Small,Household,205.73,0,0
ENQ-05401,2025-11-17,Woodlands,Google Search,Medium,SME,297.36,0,0
ENQ-05402,2025-03-30,Pasir Ris,Partner,Medium,SME,262.34,1,0
ENQ-05403,2025-04-17,Downtown Core,Meta Ads,Medium,SME,290.44,0,0
ENQ-05404,2025-09-17,Toa Payoh,Referral,Large,Household,486.94,1,0
ENQ-05405,2025-07-16,Singapore River,Organic,Locker,SME,93.54,1,0
ENQ-05406,2025-05-24,Changi Bay,Walk-in,Medium,Household,262.73,0,0
ENQ-05407,2025-12-24,Queenstown,Organic,Medium,Student/Expats,280.88,0,0
ENQ-05408,2025-06-13,Punggol,Meta Ads,Large,SME,464.59,0,0
ENQ-05409,2025-09-04,Western Water Catchment,Organic,Medium,Household,273.04,0,0
ENQ-05410,2025-09-30,Bukit Timah,Partner,Small,Household,167.01,0,0
ENQ-05411,2025-04-04,Mandai,Meta Ads,Medium,Household,329.58,0,0
ENQ-05412,2025-10-27,Seletar,Walk-in,Small,Household,167.32,1,0
ENQ-05413,2025-04-21,Marina South,Referral,Large,Household,424.47,0,0
ENQ-05414,2025-12-29,Queenstown,Referral,Medium,Household,314.02,0,0
ENQ-05415,2025-11-08,Serangoon,Referral,Medium,Household,306.37,0,0
ENQ-05416,2025-08-22,Marina South,Partner,Large,Household,524.35,0,0
ENQ-05417,2025-06-26,Sungei Kadut,Partner,Medium,SME,287.11,0,0
ENQ-05418,2025-06-23,Central Water Catchment,Organic,Locker,Household,101.26,0,0
ENQ-05419,2025-06-12,Sembawang,Meta Ads,Small,Relocation,198.38,0,0
ENQ-05420,2025-01-08,Choa Chu Kang,Organic,Medium,Household,293.4,0,0
ENQ-05421,2025-05-28,Serangoon,Partner,Small,E-commerce,194.88,0,0
ENQ-05422,2025-01-01,Marine Parade,Organic,Large,SME,442.75,1,0
ENQ-05423,2025-01-05,Lim Chu Kang,Partner,Locker,Household,84.29,1,1
ENQ-05424,2025-09-07,Downtown Core,Organic,Small,SME,176.61,0,0
ENQ-05425,2025-09-08,Mandai,Walk-in,Small,Relocation,173.46,1,0
ENQ-05426,2025-04-17,Marina East,Google Search,Small,SME,167.17,0,0
ENQ-05427,2025-06-17,Serangoon,Organic,Medium,Household,322.85,0,0
ENQ-05428,2025-08-18,Singapore River,Organic,Locker,SME,82.95,0,1
ENQ-05429,2025-05-23,Hougang,Partner,Medium,Household,329.85,1,0
ENQ-05430,2025-05-01,Sengkang,Meta Ads,Medium,E-commerce,309.35,1,0
ENQ-05431,2025-05-23,Novena,Walk-in,Small,Household,205.02,0,0
ENQ-05432,2025-11-22,Geylang,Google Search,Small,SME,181.06,0,0
ENQ-05433,2025-10-25,Central Water Catchment,Organic,Large,Relocation,490.9,0,0
ENQ-05434,2025-03-03,Bukit Batok,Google Search,Locker,Household,90.46,0,0
ENQ-05435,2025-07-27,Seletar,Google Search,Small,Household,171.6,0,0
ENQ-05436,2025-05-21,Marine Parade,Organic,Medium,Student/Expats,330.12,1,0
ENQ-05437,2025-02-08,Sembawang,Google Search,Small,Student/Expats,172.99,0,0
ENQ-05438,2025-10-04,Singapore River,Referral,Small,Student/Expats,191.09,1,0
ENQ-05439,2025-03-29,Boon Lay,Referral,Large,SME,427.48,0,0
ENQ-05440,2025-05-30,Jurong West,Organic,Large,SME,476.85,1,0
ENQ-05441,2025-09-08,Tampines,Organic,Small,Student/Expats,185.57,1,0
ENQ-05442,2025-10-03,Punggol,Walk-in,Small,Relocation,191.68,0,0
ENQ-05443,2025-01-03,Tuas,Organic,Small,Relocation,163.73,0,0
ENQ-05444,2025-03-22,Museum,Google Search,Locker,Household,81.98,0,0
ENQ-05445,2025-10-23,Tengah,Google Search,Locker,Household,101.4,0,0
ENQ-05446,2025-01-02,Pasir Ris,Meta Ads,Small,Student/Expats,167.97,1,0
ENQ-05447,2025-06-21,Bishan,Google Search,Medium,Household,274.46,1,0
ENQ-05448,2025-09-12,Changi,Google Search,Small,E-commerce,171.12,1,1
ENQ-05449,2025-10-30,Lim Chu Kang,Referral,Small,SME,192.05,0,0
ENQ-05450,2025-02-05,Seletar,Google Search,Large,SME,420.19,0,0
ENQ-05451,2025-03-14,Ang Mo Kio,Organic,Medium,SME,274.17,0,0
ENQ-05452,2025-06-24,Bukit Panjang,Google Search,Large,Household,470.57,1,0
ENQ-05453,2025-06-01,Kallang,Meta Ads,Small,Student/Expats,206.46,0,0
ENQ-05454,2025-08-30,Novena,Walk-in,Medium,Student/Expats,313.69,0,0
ENQ-05455,2025-05-13,Tampines,Organic,Medium,SME,291.3,1,0
ENQ-05456,2025-08-30,Mandai,Organic,Medium,Student/Expats,319.01,0,0
ENQ-05457,2025-09-24,Punggol,Referral,Medium,Household,304.1,1,0
ENQ-05458,2025-10-15,Hougang,Organic,Large,SME,506.94,0,0
ENQ-05459,2025-10-24,Museum,Meta Ads,Large,Student/Expats,459.03,0,0
ENQ-05460,2025-02-16,Lim Chu Kang,Organic,Small,Relocation,174.15,0,0
ENQ-05461,2025-12-10,Changi,Google Search,Medium,E-commerce,285.36,1,1
ENQ-05462,2025-12-07,Serangoon,Organic,Small,Household,168.08,0,0
ENQ-05463,2025-08-20,Seletar,Organic,Medium,Household,302.74,0,0
ENQ-05464,2025-04-28,Marine Parade,Google Search,Small,Household,191.61,0,0
ENQ-05465,2025-03-20,Pasir Ris,Organic,Medium,Relocation,328.68,0,0
ENQ-05466,2025-07-15,Western Water Catchment,Partner,Locker,SME,91.25,0,0
ENQ-05467,2025-06-18,Tanglin,Google Search,Small,Household,203.53,1,0
ENQ-05468,2025-01-22,Western Water Catchment,Google Search,Medium,Household,269.48,0,0
ENQ-05469,2025-03-27,Pioneer,Meta Ads,Locker,Household,85.8,0,0
ENQ-05470,2025-06-12,Downtown Core,Meta Ads,Medium,Household,328.46,0,0
ENQ-05471,2025-07-06,Pioneer,Referral,Locker,Household,95.55,0,0
ENQ-05472,2025-01-21,Western Water Catchment,Organic,Large,Household,466.87,0,0
ENQ-05473,2025-08-30,River Valley,Walk-in,Large,Relocation,464.06,1,0
ENQ-05474,2025-09-01,Punggol,Google Search,Small,Household,183.36,0,0
ENQ-05475,2025-08-25,Marina South,Organic,Medium,Relocation,280.74,1,0
ENQ-05476,2025-11-02,Sembawang,Referral,Small,Student/Expats,168.48,0,0
ENQ-05477,2025-12-19,Tuas,Google Search,Medium,Household,273.29,0,0
ENQ-05478,2025-09-05,Bukit Batok,Google Search,Small,Household,180.83,1,0
ENQ-05479,2025-03-02,Changi,Referral,Small,Relocation,166.81,0,0
ENQ-05480,2025-07-05,Bukit Panjang,Meta Ads,Small,Household,167.58,0,0
ENQ-05481,2025-04-14,Tuas,Google Search,Medium,Household,330.86,1,0
ENQ-05482,2025-09-29,Southern Islands,Google Search,Medium,SME,309.49,0,0
ENQ-05483,2025-10-28,Bedok,Meta Ads,Small,Household,192.99,1,0
ENQ-05484,2025-09-18,Bukit Merah,Google Search,Small,Student/Expats,183.03,0,0
ENQ-05485,2025-09-12,Outram,Referral,Medium,Relocation,279.57,0,0
ENQ-05486,2025-03-31,Bukit Merah,Google Search,Small,Household,172.57,0,0
ENQ-05487,2025-07-18,Seletar,Organic,Small,SME,170.8,0,0
ENQ-05488,2025-09-26,North-Eastern Islands,Referral,Medium,Student/Expats,312.0,0,0
ENQ-05489,2025-03-11,Ang Mo Kio,Walk-in,Medium,Household,285.47,1,0
ENQ-05490,2025-10-26,Tampines,Partner,Small,Household,204.48,0,0
ENQ-05491,2025-05-22,Geylang,Referral,Small,Household,206.58,1,0
ENQ-05492,2025-07-25,Southern Islands,Organic,Small,SME,206.35,1,0
ENQ-05493,2025-12-08,Clementi,Meta Ads,Small,SME,184.38,0,0
ENQ-05494,2025-04-12,Changi Bay,Google Search,Large,Student/Expats,528.31,0,0
ENQ-05495,2025-05-09,North-Eastern Islands,Walk-in,Medium,Household,327.71,1,0
ENQ-05496,2025-12-20,Serangoon,Meta Ads,Small,SME,183.67,1,0
ENQ-05497,2025-08-11,Straits View,Referral,Small,SME,188.07,0,0
ENQ-05498,2025-06-07,Central Water Catchment,Organic,Small,Household,173.91,0,0
ENQ-05499,2025-06-25,Punggol,Google Search,Locker,Household,97.48,0,0
ENQ-05500,2025-01-12,Changi,Walk-in,Small,E-commerce,202.11,0,0
ENQ-05501,2025-12-26,Yishun,Organic,Medium,Student/Expats,272.81,0,0
ENQ-05502,2025-04-13,Clementi,Walk-in,Small,Household,165.89,0,0
ENQ-05503,2025-05-24,Singapore River,Google Search,Small,SME,187.84,0,0
ENQ-05504,2025-10-18,Bukit Merah,Google Search,Locker,SME,89.52,1,0
ENQ-05505,2025-12-17,Sungei Kadut,Meta Ads,Medium,SME,307.4,0,0
ENQ-05506,2025-02-21,Choa Chu Kang,Google Search,Small,Household,167.35,0,0
ENQ-05507,2025-09-22,Marina East,Organic,Medium,E-commerce,292.29,1,0
ENQ-05508,2025-04-02,Sengkang,Google Search,Medium,Household,327.55,0,0
ENQ-05509,2025-11-10,Straits View,Organic,Small,Household,188.52,0,0
ENQ-05510,2025-09-12,Tanglin,Referral,Medium,Household,297.97,1,0
ENQ-05511,2025-11-26,Hougang,Google Search,Small,Household,174.92,1,0
ENQ-05512,2025-12-29,Simpang,Walk-in,Small,SME,163.93,0,0
ENQ-05513,2025-07-17,Lim Chu Kang,Google Search,Medium,E-commerce,273.08,0,0
ENQ-05514,2025-09-01,Queenstown,Meta Ads,Small,Household,173.39,0,0
ENQ-05515,2025-02-01,Tengah,Google Search,Locker,Student/Expats,96.08,0,0
ENQ-05516,2025-12-25,Choa Chu Kang,Walk-in,Large,Household,431.97,0,0
ENQ-05517,2025-07-29,Sungei Kadut,Meta Ads,Locker,Relocation,81.08,0,0
ENQ-05518,2025-03-14,Bukit Panjang,Referral,Medium,SME,263.62,0,0
ENQ-05519,2025-10-15,Pioneer,Meta Ads,Medium,Household,275.96,0,0
ENQ-05520,2025-09-03,Rochor,Walk-in,Medium,E-commerce,331.45,0,0
ENQ-05521,2025-05-14,Changi,Organic,Small,Relocation,170.96,0,0
ENQ-05522,2025-06-28,Outram,Meta Ads,Medium,Student/Expats,321.63,0,0
ENQ-05523,2025-06-15,Western Water Catchment,Meta Ads,Small,Relocation,196.97,0,0
ENQ-05524,2025-12-12,Mandai,Partner,Small,E-commerce,186.43,0,0
ENQ-05525,2025-06-25,Marina East,Partner,Locker,Household,84.95,0,0
ENQ-05526,2025-09-26,Novena,Partner,Large,E-commerce,528.7,0,0
ENQ-05527,2025-08-14,Tanglin,Google Search,Medium,E-commerce,319.42,0,0
ENQ-05528,2025-03-10,Jurong East,Referral,Locker,Household,90.31,0,0
ENQ-05529,2025-01-13,Outram,Google Search,Medium,SME,328.51,0,0
ENQ-05530,2025-08-11,Bukit Merah,Referral,Medium,Student/Expats,322.87,0,0
ENQ-05531,2025-04-02,Choa Chu Kang,Referral,Small,E-commerce,198.27,0,0
ENQ-05532,2025-02-18,Pasir Ris,Partner,Small,Household,196.4,1,0
ENQ-05533,2025-05-18,Sembawang,Google Search,Large,Relocation,514.12,1,0
ENQ-05534,2025-03-10,Hougang,Google Search,Large,E-commerce,525.42,0,0
ENQ-05535,2025-04-07,Seletar,Walk-in,Large,SME,433.99,0,0
ENQ-05536,2025-11-13,Choa Chu Kang,Google Search,Large,Household,492.48,1,0
ENQ-05537,2025-01-23,Pasir Ris,Meta Ads,Medium,Household,312.01,0,0
ENQ-05538,2025-02-17,Central Water Catchment,Google Search,Medium,Household,273.02,0,0
ENQ-05539,2025-08-30,Toa Payoh,Google Search,Medium,Household,318.39,0,0
ENQ-05540,2025-12-16,Bedok,Google Search,Small,Household,185.04,0,0
ENQ-05541,2025-05-05,Bishan,Google Search,Locker,SME,99.04,1,0
ENQ-05542,2025-07-11,Tampines,Meta Ads,Locker,Household,85.14,0,0
ENQ-05543,2025-01-20,Bukit Timah,Meta Ads,Medium,Student/Expats,263.66,0,0
ENQ-05544,2025-01-03,Marine Parade,Partner,Medium,Household,288.75,1,1
ENQ-05545,2025-05-15,Bukit Merah,Google Search,Medium,Household,329.23,1,0
ENQ-05546,2025-03-04,Ang Mo Kio,Referral,Locker,Household,92.44,0,0
ENQ-05547,2025-04-17,Simpang,Meta Ads,Medium,E-commerce,325.88,0,0
ENQ-05548,2025-05-07,Bukit Merah,Google Search,Small,Household,196.3,0,0
ENQ-05549,2025-09-12,Central Water Catchment,Partner,Small,Household,182.01,0,0
ENQ-05550,2025-02-27,Sembawang,Meta Ads,Small,Household,194.81,0,0
ENQ-05551,2025-08-11,Simpang,Meta Ads,Medium,Household,289.58,0,0
ENQ-05552,2025-10-23,Museum,Referral,Locker,Household,92.09,0,0
ENQ-05553,2025-06-03,Bukit Timah,Google Search,Small,SME,171.01,0,1
ENQ-05554,2025-08-08,Kallang,Referral,Small,Student/Expats,187.41,1,0
ENQ-05555,2025-08-25,Choa Chu Kang,Meta Ads,Small,SME,201.52,0,0
ENQ-05556,2025-11-04,Tampines,Partner,Medium,Household,261.95,0,0
ENQ-05557,2025-02-02,Seletar,Google Search,Small,SME,174.64,0,0
ENQ-05558,2025-02-27,Punggol,Walk-in,Medium,Student/Expats,277.91,0,0
ENQ-05559,2025-01-24,Bukit Batok,Partner,Large,Household,516.08,0,0
ENQ-05560,2025-11-09,Tampines,Meta Ads,Locker,E-commerce,84.99,0,0
ENQ-05561,2025-02-25,Pioneer,Meta Ads,Small,SME,184.44,0,0
ENQ-05562,2025-09-18,Bukit Batok,Google Search,Medium,E-commerce,275.38,0,0
ENQ-05563,2025-08-05,Sungei Kadut,Organic,Large,Household,487.98,0,0
ENQ-05564,2025-01-18,Bedok,Meta Ads,Medium,SME,296.12,0,0
ENQ-05565,2025-11-04,Seletar,Walk-in,Small,SME,198.47,0,0
ENQ-05566,2025-07-08,Rochor,Partner,Medium,SME,282.58,0,0
ENQ-05567,2025-08-02,Orchard,Organic,Medium,Student/Expats,303.75,0,0
ENQ-05568,2025-06-27,Clementi,Google Search,Medium,E-commerce,295.25,0,0
ENQ-05569,2025-08-29,Queenstown,Meta Ads,Small,Household,200.42,0,0
ENQ-05570,2025-09-15,Western Water Catchment,Meta Ads,Small,SME,191.37,0,0
ENQ-05571,2025-06-29,Pasir Ris,Google Search,Small,SME,187.14,1,0
ENQ-05572,2025-08-05,Changi,Google Search,Locker,Household,96.91,0,0
ENQ-05573,2025-08-03,Serangoon,Meta Ads,Medium,Relocation,290.21,0,0
ENQ-05574,2025-05-15,Punggol,Meta Ads,Small,Household,199.98,0,0
ENQ-05575,2025-11-21,River Valley,Meta Ads,Locker,Household,96.82,0,0
ENQ-05576,2025-12-13,Changi Bay,Referral,Large,Household,442.18,0,0
ENQ-05577,2025-10-12,Marine Parade,Walk-in,Medium,Household,284.3,0,0
ENQ-05578,2025-12-07,Clementi,Meta Ads,Small,E-commerce,197.63,0,0
ENQ-05579,2025-06-15,Singapore River,Google Search,Small,SME,199.72,1,0
ENQ-05580,2025-06-01,North-Eastern Islands,Meta Ads,Small,E-commerce,201.35,0,0
ENQ-05581,2025-04-11,Bishan,Google Search,Small,Relocation,169.49,1,0
ENQ-05582,2025-01-24,Changi,Meta Ads,Locker,SME,84.03,0,0
ENQ-05583,2025-10-13,Jurong West,Meta Ads,Small,Household,170.12,0,0
ENQ-05584,2025-08-06,Seletar,Meta Ads,Locker,Household,98.39,0,0
ENQ-05585,2025-07-10,Jurong West,Google Search,Small,Household,183.54,0,0
ENQ-05586,2025-01-05,Museum,Organic,Medium,Household,290.56,0,0
ENQ-05587,2025-07-29,Bukit Timah,Google Search,Locker,Relocation,102.44,0,0
ENQ-05588,2025-09-13,Bedok,Google Search,Medium,Household,317.44,1,0
ENQ-05589,2025-01-31,Western Water Catchment,Partner,Medium,Relocation,319.47,1,0
ENQ-05590,2025-09-30,Jurong West,Google Search,Large,SME,457.72,1,0
ENQ-05591,2025-09-15,Marina South,Google Search,Small,Household,186.79,0,0
ENQ-05592,2025-12-12,Ang Mo Kio,Meta Ads,Locker,Household,88.63,0,0
ENQ-05593,2025-03-24,Simpang,Walk-in,Locker,SME,87.47,1,0
ENQ-05594,2025-08-03,Bishan,Google Search,Medium,Relocation,319.02,1,1
ENQ-05595,2025-01-28,Sembawang,Google Search,Locker,SME,91.45,0,0
ENQ-05596,2025-05-11,Downtown Core,Google Search,Small,Household,204.56,0,0
ENQ-05597,2025-03-19,River Valley,Google Search,Medium,Household,283.99,0,0
ENQ-05598,2025-05-05,Hougang,Organic,Medium,Student/Expats,305.89,0,0
ENQ-05599,2025-05-02,Kallang,Google Search,Small,Household,200.98,0,0
ENQ-05600,2025-12-25,Tuas,Google Search,Medium,Household,263.79,0,0
ENQ-05601,2025-06-06,Lim Chu Kang,Partner,Small,E-commerce,178.86,0,0
ENQ-05602,2025-03-17,Choa Chu Kang,Organic,Large,SME,414.79,0,0
ENQ-05603,2025-10-11,Novena,Organic,Small,Household,175.94,1,0
ENQ-05604,2025-01-11,Sungei Kadut,Google Search,Medium,Household,286.75,0,0
ENQ-05605,2025-08-27,Singapore River,Referral,Small,Household,174.88,0,0
ENQ-05606,2025-01-20,Bukit Timah,Meta Ads,Medium,SME,266.93,0,0
ENQ-05607,2025-10-18,Geylang,Meta Ads,Small,Household,165.83,0,0
ENQ-05608,2025-11-19,Rochor,Organic,Medium,SME,281.18,0,0
ENQ-05609,2025-10-13,Straits View,Meta Ads,Medium,SME,271.44,0,0
ENQ-05610,2025-04-16,Sengkang,Meta Ads,Medium,SME,282.45,0,0
ENQ-05611,2025-09-18,Toa Payoh,Organic,Small,Student/Expats,183.7,0,0
ENQ-05612,2025-06-01,Punggol,Organic,Locker,SME,87.66,0,1
ENQ-05613,2025-09-26,Sungei Kadut,Meta Ads,Medium,Household,321.34,0,0
ENQ-05614,2025-05-18,Marine Parade,Meta Ads,Small,Student/Expats,162.08,0,0
ENQ-05615,2025-10-10,Ang Mo Kio,Meta Ads,Locker,Household,91.51,0,0
ENQ-05616,2025-03-03,Orchard,Google Search,Medium,Student/Expats,288.24,0,0
ENQ-05617,2025-08-13,Bukit Merah,Organic,Medium,Relocation,301.36,0,0
ENQ-05618,2025-11-16,Novena,Partner,Medium,SME,275.87,0,0
ENQ-05619,2025-05-29,Clementi,Google Search,Medium,SME,294.31,1,0
ENQ-05620,2025-02-23,Marina South,Organic,Large,Household,463.76,0,0
ENQ-05621,2025-11-28,Hougang,Walk-in,Locker,Household,84.7,0,0
ENQ-05622,2025-09-10,Jurong East,Meta Ads,Small,Household,171.82,0,0
ENQ-05623,2025-06-03,River Valley,Referral,Small,Household,203.65,1,0
ENQ-05624,2025-04-29,Kallang,Partner,Medium,Household,332.31,0,0
ENQ-05625,2025-04-08,North-Eastern Islands,Organic,Large,SME,438.65,0,0
ENQ-05626,2025-08-14,Tanglin,Meta Ads,Locker,Relocation,83.33,0,0
ENQ-05627,2025-03-28,Southern Islands,Google Search,Small,Household,173.36,1,1
ENQ-05628,2025-03-28,Sengkang,Partner,Medium,Household,315.06,1,1
ENQ-05629,2025-03-24,Boon Lay,Referral,Small,SME,163.4,0,0
ENQ-05630,2025-10-11,Lim Chu Kang,Organic,Medium,E-commerce,267.47,0,0
ENQ-05631,2025-06-16,Lim Chu Kang,Walk-in,Large,SME,498.67,0,0
ENQ-05632,2025-10-29,North-Eastern Islands,Google Search,Medium,Household,278.47,0,0
ENQ-05633,2025-09-17,Serangoon,Referral,Small,Relocation,180.38,1,0
ENQ-05634,2025-08-12,Pioneer,Referral,Medium,Household,312.24,1,0
ENQ-05635,2025-03-11,Singapore River,Google Search,Medium,Household,310.3,0,0
ENQ-05636,2025-03-05,Central Water Catchment,Meta Ads,Small,Relocation,201.79,0,0
ENQ-05637,2025-12-17,Rochor,Meta Ads,Small,Relocation,205.83,0,0
ENQ-05638,2025-09-20,Downtown Core,Google Search,Small,E-commerce,194.98,0,0
ENQ-05639,2025-03-25,Hougang,Google Search,Small,SME,168.57,0,0
ENQ-05640,2025-12-28,Straits View,Meta Ads,Small,Household,189.44,1,0
ENQ-05641,2025-07-29,Boon Lay,Walk-in,Medium,Household,266.82,0,0
ENQ-05642,2025-07-16,Sungei Kadut,Referral,Medium,SME,331.68,1,0
ENQ-05643,2025-05-24,Tengah,Google Search,Large,Relocation,449.39,0,0
ENQ-05644,2025-06-12,Bukit Panjang,Partner,Medium,SME,312.73,0,0
ENQ-05645,2025-04-09,Kallang,Walk-in,Locker,Household,82.88,0,0
ENQ-05646,2025-01-22,Choa Chu Kang,Meta Ads,Large,E-commerce,464.43,0,0
ENQ-05647,2025-02-11,Western Water Catchment,Google Search,Small,Relocation,165.59,0,0
ENQ-05648,2025-09-14,Newton,Partner,Small,Household,172.94,1,0
ENQ-05649,2025-04-25,Bukit Panjang,Referral,Locker,Student/Expats,87.59,0,0
ENQ-05650,2025-02-03,Bedok,Meta Ads,Small,Household,172.56,1,0
ENQ-05651,2025-06-17,Bukit Timah,Walk-in,Medium,Household,261.59,0,0
ENQ-05652,2025-03-21,Central Water Catchment,Meta Ads,Medium,E-commerce,266.32,0,0
ENQ-05653,2025-11-06,Bukit Batok,Partner,Medium,Household,328.11,1,0
ENQ-05654,2025-09-29,Downtown Core,Google Search,Large,SME,468.88,0,0
ENQ-05655,2025-12-04,Tengah,Google Search,Locker,Household,98.27,0,0
ENQ-05656,2025-03-08,Hougang,Referral,Medium,SME,295.51,0,0
ENQ-05657,2025-12-08,Changi,Partner,Medium,SME,284.47,0,0
ENQ-05658,2025-10-17,Clementi,Meta Ads,Large,SME,428.83,0,0
ENQ-05659,2025-04-23,Woodlands,Referral,Large,SME,485.23,1,0
ENQ-05660,2025-01-01,North-Eastern Islands,Google Search,Medium,SME,327.64,0,0
ENQ-05661,2025-11-19,Boon Lay,Meta Ads,Locker,Student/Expats,98.69,1,0
ENQ-05662,2025-08-24,Outram,Google Search,Large,SME,473.75,0,0
ENQ-05663,2025-01-01,Tampines,Google Search,Medium,E-commerce,262.25,0,0
ENQ-05664,2025-05-08,Marine Parade,Referral,Small,SME,164.65,0,0
ENQ-05665,2025-09-17,Tampines,Google Search,Small,SME,174.43,0,0
ENQ-05666,2025-01-10,Jurong East,Referral,Medium,E-commerce,330.7,0,0
ENQ-05667,2025-06-13,Hougang,Referral,Medium,E-commerce,313.83,1,0
ENQ-05668,2025-07-30,Simpang,Organic,Small,Household,187.33,0,0
ENQ-05669,2025-10-29,Clementi,Google Search,Small,Household,171.03,0,0
ENQ-05670,2025-08-08,Western Water Catchment,Organic,Medium,Household,279.13,1,0
ENQ-05671,2025-09-18,Tuas,Google Search,Medium,Relocation,297.29,0,0
ENQ-05672,2025-08-06,Jurong West,Walk-in,Medium,Household,280.46,0,0
ENQ-05673,2025-10-31,Bukit Merah,Organic,Small,Household,166.1,0,0
ENQ-05674,2025-03-30,Changi,Google Search,Locker,E-commerce,102.02,0,0
ENQ-05675,2025-04-27,Pasir Ris,Google Search,Small,SME,184.94,0,0
ENQ-05676,2025-06-12,Lim Chu Kang,Meta Ads,Large,Household,418.59,0,0
ENQ-05677,2025-05-30,River Valley,Referral,Small,SME,197.34,1,1
ENQ-05678,2025-01-13,Tanglin,Referral,Large,Student/Expats,516.21,0,0
ENQ-05679,2025-08-30,Bishan,Partner,Small,Household,188.32,0,0
ENQ-05680,2025-04-10,Western Water Catchment,Walk-in,Medium,Household,318.31,0,0
ENQ-05681,2025-03-13,Tanglin,Meta Ads,Locker,Student/Expats,84.43,1,0
ENQ-05682,2025-11-05,Bishan,Organic,Medium,Household,306.48,0,0
ENQ-05683,2025-02-12,Pioneer,Walk-in,Small,Relocation,164.7,0,0
ENQ-05684,2025-03-10,Queenstown,Google Search,Locker,Household,91.52,1,0
ENQ-05685,2025-05-06,Sembawang,Partner,Small,Student/Expats,198.46,1,0
ENQ-05686,2025-04-12,Newton,Google Search,Locker,Relocation,86.43,0,0
ENQ-05687,2025-04-27,Jurong West,Meta Ads,Small,E-commerce,187.7,0,0
ENQ-05688,2025-11-16,Tuas,Meta Ads,Medium,Household,321.44,0,0
ENQ-05689,2025-05-27,Tengah,Google Search,Locker,Relocation,89.26,0,0
ENQ-05690,2025-10-31,Pasir Ris,Walk-in,Locker,Household,96.71,0,0
ENQ-05691,2025-08-30,Mandai,Google Search,Large,Relocation,515.16,0,0
ENQ-05692,2025-09-16,Kallang,Google Search,Medium,SME,317.75,0,1
ENQ-05693,2025-05-10,Bukit Merah,Google Search,Small,Household,206.71,0,0
ENQ-05694,2025-07-04,Bishan,Partner,Medium,Household,284.39,0,0
ENQ-05695,2025-01-13,Bukit Batok,Walk-in,Large,Relocation,415.75,0,0
ENQ-05696,2025-05-30,Toa Payoh,Referral,Small,Relocation,185.58,0,0
ENQ-05697,2025-10-16,Jurong West,Meta Ads,Small,Household,196.97,0,0
ENQ-05698,2025-12-15,Simpang,Google Search,Large,Student/Expats,445.77,0,0
ENQ-05699,2025-09-03,Clementi,Organic,Locker,E-commerce,85.4,0,0
ENQ-05700,2025-01-12,Southern Islands,Google Search,Medium,SME,266.79,1,1
ENQ-05701,2025-04-10,Bedok,Google Search,Locker,Household,103.23,0,0
ENQ-05702,2025-08-10,Outram,Walk-in,Medium,E-commerce,283.5,0,0
ENQ-05703,2025-10-10,Lim Chu Kang,Partner,Small,Household,206.41,0,0
ENQ-05704,2025-05-12,Central Water Catchment,Referral,Medium,Household,287.89,0,0
ENQ-05705,2025-08-03,Bukit Batok,Organic,Locker,E-commerce,102.96,0,0
ENQ-05706,2025-07-14,Orchard,Google Search,Medium,Household,307.96,0,0
ENQ-05707,2025-06-28,Downtown Core,Meta Ads,Medium,Relocation,291.51,0,0
ENQ-05708,2025-03-19,Straits View,Walk-in,Medium,Relocation,307.33,0,0
ENQ-05709,2025-10-18,Bukit Timah,Organic,Small,E-commerce,192.36,0,0
ENQ-05710,2025-03-03,Tampines,Organic,Small,Household,175.25,0,0
ENQ-05711,2025-02-18,Sungei Kadut,Walk-in,Medium,Household,323.96,0,1
ENQ-05712,2025-11-20,Simpang,Google Search,Medium,Household,290.6,1,0
ENQ-05713,2025-01-15,Bedok,Organic,Small,Household,167.79,0,0
ENQ-05714,2025-10-14,Tengah,Google Search,Locker,Household,93.33,0,0
ENQ-05715,2025-06-15,Bukit Merah,Referral,Large,SME,425.28,0,0
ENQ-05716,2025-10-02,Bedok,Google Search,Small,SME,194.32,1,0
ENQ-05717,2025-01-31,Seletar,Partner,Small,Household,202.97,0,0
ENQ-05718,2025-10-22,Mandai,Meta Ads,Small,Relocation,166.83,0,0
ENQ-05719,2025-11-28,Tengah,Meta Ads,Large,Relocation,417.08,0,0
ENQ-05720,2025-07-04,Changi Bay,Google Search,Medium,Household,265.91,0,0
ENQ-05721,2025-03-10,Bukit Timah,Partner,Medium,SME,324.63,0,0
ENQ-05722,2025-08-22,Mandai,Google Search,Medium,E-commerce,264.55,0,0
ENQ-05723,2025-11-30,Straits View,Meta Ads,Small,Student/Expats,179.18,0,0
ENQ-05724,2025-04-04,Bukit Merah,Google Search,Small,Household,203.08,0,0
ENQ-05725,2025-08-25,Bishan,Referral,Locker,Household,92.45,0,0
ENQ-05726,2025-12-08,Toa Payoh,Organic,Small,SME,181.86,0,0
ENQ-05727,2025-11-08,Clementi,Organic,Small,SME,205.91,0,0
ENQ-05728,2025-06-12,Newton,Walk-in,Small,Relocation,183.21,1,0
ENQ-05729,2025-11-05,Toa Payoh,Google Search,Medium,SME,312.11,0,0
ENQ-05730,2025-05-14,Serangoon,Partner,Medium,SME,290.93,1,0
ENQ-05731,2025-07-02,Tampines,Partner,Small,E-commerce,172.48,0,0
ENQ-05732,2025-04-08,Tengah,Google Search,Medium,Household,322.6,0,0
ENQ-05733,2025-11-26,Woodlands,Meta Ads,Medium,Household,327.85,0,0
ENQ-05734,2025-05-12,River Valley,Organic,Small,Household,184.43,0,0
ENQ-05735,2025-04-17,Sungei Kadut,Partner,Small,Relocation,181.79,1,0
ENQ-05736,2025-08-14,Ang Mo Kio,Google Search,Small,Household,178.02,1,0
ENQ-05737,2025-07-03,Mandai,Walk-in,Medium,SME,315.37,1,0
ENQ-05738,2025-10-30,Sembawang,Walk-in,Locker,Household,100.71,0,0
ENQ-05739,2025-09-07,Changi Bay,Meta Ads,Locker,Student/Expats,89.47,0,0
ENQ-05740,2025-04-18,Choa Chu Kang,Referral,Medium,Household,302.98,0,0
ENQ-05741,2025-02-26,Yishun,Partner,Locker,Household,86.41,1,0
ENQ-05742,2025-02-14,Rochor,Organic,Medium,Household,271.91,0,0
ENQ-05743,2025-11-09,Clementi,Google Search,Medium,E-commerce,333.15,0,0
ENQ-05744,2025-05-31,Simpang,Google Search,Medium,Relocation,291.58,1,0
ENQ-05745,2025-03-30,Geylang,Partner,Locker,Student/Expats,90.92,0,0
ENQ-05746,2025-04-10,Ang Mo Kio,Organic,Small,Household,170.31,0,0
ENQ-05747,2025-09-22,Marina South,Organic,Large,Household,495.72,1,0
ENQ-05748,2025-02-25,Jurong West,Google Search,Medium,Household,279.25,0,0
ENQ-05749,2025-11-09,Seletar,Organic,Small,E-commerce,175.55,0,0
ENQ-05750,2025-09-13,Rochor,Google Search,Medium,Household,287.03,0,0
ENQ-05751,2025-03-16,Marina East,Meta Ads,Locker,E-commerce,102.69,0,0
ENQ-05752,2025-06-25,Bukit Timah,Organic,Medium,E-commerce,308.2,1,0
ENQ-05753,2025-10-12,Marine Parade,Organic,Medium,E-commerce,326.5,0,0
ENQ-05754,2025-08-22,Bedok,Organic,Medium,Household,285.2,0,0
ENQ-05755,2025-11-23,Marina South,Organic,Large,Household,429.27,0,0
ENQ-05756,2025-10-17,Sembawang,Google Search,Medium,Student/Expats,331.01,0,0
ENQ-05757,2025-06-10,Geylang,Referral,Medium,Household,308.44,1,0
ENQ-05758,2025-08-28,Marine Parade,Organic,Medium,E-commerce,324.26,0,0
ENQ-05759,2025-07-07,Downtown Core,Google Search,Large,SME,488.84,0,0
ENQ-05760,2025-03-10,Orchard,Meta Ads,Medium,Household,271.61,0,0
ENQ-05761,2025-07-23,Museum,Organic,Large,Household,508.97,1,1
ENQ-05762,2025-07-30,Museum,Partner,Small,Relocation,200.51,0,0
ENQ-05763,2025-02-18,Clementi,Organic,Locker,Relocation,102.93,0,0
ENQ-05764,2025-07-24,Rochor,Google Search,Small,SME,202.89,0,0
ENQ-05765,2025-07-18,Kallang,Google Search,Small,SME,199.25,0,0
ENQ-05766,2025-10-20,Geylang,Referral,Small,E-commerce,176.83,1,0
ENQ-05767,2025-11-05,Marine Parade,Referral,Medium,Household,268.82,1,0
ENQ-05768,2025-01-03,Serangoon,Organic,Small,Relocation,177.13,0,0
ENQ-05769,2025-03-04,River Valley,Meta Ads,Locker,SME,94.86,0,0
ENQ-05770,2025-10-19,Southern Islands,Walk-in,Small,Household,206.55,0,0
ENQ-05771,2025-03-15,Geylang,Google Search,Small,E-commerce,206.78,0,0
ENQ-05772,2025-05-23,Novena,Google Search,Medium,Relocation,280.35,0,0
ENQ-05773,2025-03-23,Bukit Timah,Meta Ads,Small,Relocation,204.04,0,0
ENQ-05774,2025-05-29,Outram,Organic,Medium,Household,291.88,0,0
ENQ-05775,2025-08-11,Woodlands,Google Search,Large,E-commerce,442.35,0,0
ENQ-05776,2025-10-05,Seletar,Google Search,Medium,Household,302.93,0,0
ENQ-05777,2025-10-06,Tampines,Walk-in,Medium,Relocation,313.08,0,0
ENQ-05778,2025-04-07,Sengkang,Meta Ads,Small,E-commerce,180.75,0,0
ENQ-05779,2025-05-24,Choa Chu Kang,Meta Ads,Small,SME,205.88,0,0
ENQ-05780,2025-10-05,Bedok,Google Search,Small,Student/Expats,191.02,0,0
ENQ-05781,2025-09-02,Newton,Referral,Small,Household,177.6,0,0
ENQ-05782,2025-09-30,Southern Islands,Meta Ads,Small,Relocation,199.7,0,0
ENQ-05783,2025-07-13,Boon Lay,Referral,Small,Student/Expats,206.43,0,0
ENQ-05784,2025-08-26,Tuas,Google Search,Large,Household,446.0,0,0
ENQ-05785,2025-06-21,Woodlands,Organic,Locker,Household,89.81,0,0
ENQ-05786,2025-03-02,Jurong West,Meta Ads,Small,E-commerce,201.26,0,0
ENQ-05787,2025-09-07,Newton,Google Search,Medium,Student/Expats,277.2,0,0
ENQ-05788,2025-10-23,Pasir Ris,Partner,Small,Household,198.36,0,0
ENQ-05789,2025-10-13,Bukit Batok,Meta Ads,Large,SME,485.51,0,0
ENQ-05790,2025-11-29,Geylang,Google Search,Small,SME,202.68,0,0
ENQ-05791,2025-05-04,Tanglin,Partner,Small,Student/Expats,171.67,0,0
ENQ-05792,2025-01-02,Kallang,Partner,Large,Student/Expats,522.47,1,0
ENQ-05793,2025-12-21,Tanglin,Referral,Medium,SME,280.39,0,0
ENQ-05794,2025-02-04,Sengkang,Walk-in,Small,SME,203.37,0,0
ENQ-05795,2025-03-09,Newton,Meta Ads,Locker,Household,89.7,0,0
ENQ-05796,2025-03-22,Queenstown,Organic,Large,Relocation,524.82,0,0
ENQ-05797,2025-01-09,Changi Bay,Google Search,Medium,Household,328.77,1,0
ENQ-05798,2025-07-14,Boon Lay,Walk-in,Medium,Household,284.89,0,0
ENQ-05799,2025-11-18,Sungei Kadut,Partner,Small,Household,193.18,0,0
ENQ-05800,2025-03-06,Museum,Organic,Large,SME,525.34,0,0
ENQ-05801,2025-12-29,Southern Islands,Meta Ads,Medium,E-commerce,306.69,0,0
ENQ-05802,2025-12-11,Jurong West,Organic,Small,Household,164.18,1,0
ENQ-05803,2025-06-17,Singapore River,Walk-in,Medium,E-commerce,266.71,1,1
ENQ-05804,2025-08-08,Rochor,Referral,Small,Household,170.93,0,0
ENQ-05805,2025-03-05,Simpang,Google Search,Locker,Student/Expats,90.79,1,0
ENQ-05806,2025-07-25,Central Water Catchment,Meta Ads,Small,E-commerce,185.28,0,0
ENQ-05807,2025-04-26,Downtown Core,Organic,Small,SME,187.47,0,0
ENQ-05808,2025-02-17,River Valley,Google Search,Medium,Household,298.62,0,0
ENQ-05809,2025-04-13,Bukit Merah,Meta Ads,Small,Household,171.46,0,0
ENQ-05810,2025-08-08,Yishun,Google Search,Medium,Household,297.06,0,0
ENQ-05811,2025-03-01,Marina East,Referral,Small,Household,197.84,1,0
ENQ-05812,2025-11-15,Sungei Kadut,Meta Ads,Small,SME,187.67,0,0
ENQ-05813,2025-08-17,Newton,Google Search,Medium,Household,270.17,1,0
ENQ-05814,2025-05-23,Bishan,Referral,Locker,Household,92.33,0,0
ENQ-05815,2025-05-12,Jurong East,Organic,Small,Household,181.88,1,1
ENQ-05816,2025-09-12,Sengkang,Referral,Medium,Household,265.27,0,0
ENQ-05817,2025-11-28,Lim Chu Kang,Meta Ads,Medium,Household,298.46,0,0
ENQ-05818,2025-10-27,Yishun,Google Search,Small,Student/Expats,189.2,1,0
ENQ-05819,2025-03-21,Seletar,Google Search,Medium,Household,287.36,0,0
ENQ-05820,2025-09-09,Pioneer,Organic,Medium,SME,308.93,0,0
ENQ-05821,2025-05-30,Hougang,Walk-in,Large,Student/Expats,517.87,0,0
ENQ-05822,2025-12-12,Bukit Timah,Meta Ads,Medium,Household,275.84,0,0
ENQ-05823,2025-12-04,Museum,Meta Ads,Small,Household,171.7,0,0
ENQ-05824,2025-02-10,Novena,Walk-in,Locker,Household,87.08,1,0
ENQ-05825,2025-12-19,River Valley,Google Search,Medium,Household,313.58,0,0
ENQ-05826,2025-08-20,Bishan,Google Search,Medium,Household,303.23,0,0
ENQ-05827,2025-04-08,Tampines,Organic,Medium,SME,287.91,1,0
ENQ-05828,2025-12-08,Novena,Organic,Large,Household,432.85,0,0
ENQ-05829,2025-03-27,Lim Chu Kang,Google Search,Locker,SME,90.21,0,0
ENQ-05830,2025-07-16,Bukit Panjang,Referral,Medium,Household,283.35,0,0
ENQ-05831,2025-05-07,Toa Payoh,Partner,Medium,Household,312.22,0,0
ENQ-05832,2025-03-08,Marina East,Organic,Medium,Student/Expats,294.09,0,0
ENQ-05833,2025-01-30,Kallang,Referral,Small,Household,183.96,0,0
ENQ-05834,2025-08-02,Central Water Catchment,Referral,Locker,E-commerce,90.4,1,1
ENQ-05835,2025-08-12,Singapore River,Organic,Locker,Relocation,94.66,0,0
ENQ-05836,2025-08-17,Bukit Panjang,Meta Ads,Locker,Household,84.49,0,0
ENQ-05837,2025-04-13,Pioneer,Google Search,Locker,E-commerce,99.85,0,0
ENQ-05838,2025-06-12,Choa Chu Kang,Organic,Small,SME,166.02,1,0
ENQ-05839,2025-09-30,Ang Mo Kio,Organic,Medium,Student/Expats,321.14,0,0
ENQ-05840,2025-02-23,Bedok,Google Search,Large,Household,468.62,1,0
ENQ-05841,2025-07-06,Punggol,Meta Ads,Small,E-commerce,202.56,0,0
ENQ-05842,2025-01-22,Mandai,Walk-in,Medium,Household,310.66,1,0
ENQ-05843,2025-06-03,Bukit Batok,Referral,Medium,Household,322.82,1,0
ENQ-05844,2025-12-10,Choa Chu Kang,Google Search,Locker,Household,98.11,1,0
ENQ-05845,2025-09-04,Marina East,Google Search,Small,Household,178.67,1,0
ENQ-05846,2025-09-01,Museum,Referral,Small,Household,187.68,1,0
ENQ-05847,2025-05-02,Orchard,Meta Ads,Medium,SME,300.65,0,0
ENQ-05848,2025-08-05,Outram,Partner,Large,Household,470.54,0,0
ENQ-05849,2025-08-20,Bukit Merah,Organic,Medium,Household,285.31,1,0
ENQ-05850,2025-12-07,Tampines,Meta Ads,Small,Household,184.6,0,0
ENQ-05851,2025-07-13,Tanglin,Referral,Locker,Relocation,85.18,0,1
ENQ-05852,2025-01-28,Museum,Google Search,Small,SME,192.42,0,0
ENQ-05853,2025-04-23,Central Water Catchment,Meta Ads,Locker,Household,95.14,0,0
ENQ-05854,2025-12-21,Museum,Walk-in,Small,Relocation,198.03,0,0
ENQ-05855,2025-04-06,River Valley,Meta Ads,Large,Household,524.29,0,0
ENQ-05856,2025-05-20,Bedok,Walk-in,Locker,SME,101.35,1,0
ENQ-05857,2025-09-11,Clementi,Organic,Small,Household,204.96,0,0
ENQ-05858,2025-08-09,Central Water Catchment,Google Search,Small,E-commerce,171.93,1,0
ENQ-05859,2025-09-15,Clementi,Google Search,Medium,E-commerce,298.72,0,0
ENQ-05860,2025-06-09,Pioneer,Organic,Medium,Student/Expats,314.92,0,0
ENQ-05861,2025-05-01,Changi,Meta Ads,Medium,SME,297.81,1,0
ENQ-05862,2025-10-22,Bukit Merah,Referral,Medium,E-commerce,273.64,1,0
ENQ-05863,2025-06-10,Kallang,Google Search,Medium,Household,279.79,0,0
ENQ-05864,2025-02-03,Kallang,Partner,Small,SME,164.42,0,0
ENQ-05865,2025-06-27,Mandai,Organic,Small,SME,188.16,0,1
ENQ-05866,2025-02-11,Southern Islands,Meta Ads,Locker,SME,89.66,0,0
ENQ-05867,2025-09-25,Pasir Ris,Google Search,Small,Student/Expats,186.65,0,0
ENQ-05868,2025-03-31,Clementi,Meta Ads,Locker,SME,92.55,0,0
ENQ-05869,2025-12-19,Yishun,Organic,Medium,E-commerce,312.12,0,0
ENQ-05870,2025-01-13,Tuas,Organic,Large,SME,462.23,0,0
ENQ-05871,2025-03-31,Mandai,Google Search,Small,Household,188.06,1,0
ENQ-05872,2025-01-16,Marina East,Google Search,Small,Household,182.33,1,0
ENQ-05873,2025-06-25,Straits View,Organic,Medium,Household,269.06,0,0
ENQ-05874,2025-11-12,Tuas,Google Search,Large,E-commerce,463.27,0,0
ENQ-05875,2025-03-31,Marina South,Referral,Medium,Household,261.1,0,0
ENQ-05876,2025-11-26,Bukit Merah,Walk-in,Small,Household,168.17,0,0
ENQ-05877,2025-01-18,Yishun,Google Search,Medium,E-commerce,331.31,0,0
ENQ-05878,2025-04-16,Western Water Catchment,Meta Ads,Small,SME,172.42,0,0
ENQ-05879,2025-09-21,Choa Chu Kang,Organic,Small,E-commerce,166.16,0,0
ENQ-05880,2025-08-18,Bukit Panjang,Google Search,Small,Household,186.48,0,0
ENQ-05881,2025-01-22,Sungei Kadut,Google Search,Locker,E-commerce,87.92,0,0
ENQ-05882,2025-06-02,Jurong East,Meta Ads,Medium,Relocation,278.46,0,0
ENQ-05883,2025-07-10,Boon Lay,Meta Ads,Medium,E-commerce,262.55,0,0
ENQ-05884,2025-10-21,Hougang,Walk-in,Small,E-commerce,164.38,0,0
ENQ-05885,2025-12-06,Serangoon,Partner,Locker,Student/Expats,81.21,0,0
ENQ-05886,2025-09-28,Ang Mo Kio,Referral,Locker,Household,101.94,0,0
ENQ-05887,2025-06-25,Outram,Walk-in,Locker,SME,84.72,1,0
ENQ-05888,2025-12-02,Changi Bay,Referral,Medium,SME,271.7,0,0
ENQ-05889,2025-01-12,Museum,Partner,Locker,Household,91.34,0,0
ENQ-05890,2025-05-17,Museum,Walk-in,Small,Household,163.8,0,0
ENQ-05891,2025-01-01,Lim Chu Kang,Partner,Medium,E-commerce,296.97,0,0
ENQ-05892,2025-04-21,Geylang,Partner,Large,SME,520.54,0,0
ENQ-05893,2025-05-29,Pioneer,Walk-in,Medium,Household,322.64,0,0
ENQ-05894,2025-10-15,Lim Chu Kang,Organic,Small,Household,171.55,0,0
ENQ-05895,2025-05-29,Tampines,Referral,Medium,Household,302.58,0,0
ENQ-05896,2025-04-25,Southern Islands,Referral,Locker,SME,88.49,1,0
ENQ-05897,2025-03-23,Mandai,Partner,Small,Household,178.31,0,0
ENQ-05898,2025-07-06,Pasir Ris,Partner,Locker,SME,94.12,0,0
ENQ-05899,2025-10-03,Singapore River,Walk-in,Medium,Relocation,322.43,0,0
ENQ-05900,2025-02-09,Changi,Google Search,Small,Household,183.43,0,0
ENQ-05901,2025-07-28,Tengah,Walk-in,Small,SME,163.13,0,0
ENQ-05902,2025-07-14,Museum,Meta Ads,Locker,Household,100.27,0,0
ENQ-05903,2025-12-18,Ang Mo Kio,Organic,Small,Household,173.65,0,0
ENQ-05904,2025-09-02,Mandai,Google Search,Medium,Household,293.78,0,0
ENQ-05905,2025-08-30,Marine Parade,Meta Ads,Small,Household,197.45,0,0
ENQ-05906,2025-10-15,Pasir Ris,Google Search,Small,Household,167.52,0,0
ENQ-05907,2025-04-28,Novena,Organic,Medium,Relocation,270.95,1,0
ENQ-05908,2025-11-08,Ang Mo Kio,Organic,Medium,SME,275.52,0,0
ENQ-05909,2025-05-04,Downtown Core,Google Search,Small,E-commerce,200.7,0,0
ENQ-05910,2025-02-02,Jurong East,Walk-in,Medium,Household,332.51,0,0
ENQ-05911,2025-03-14,Lim Chu Kang,Partner,Small,Student/Expats,168.12,0,0
ENQ-05912,2025-05-22,River Valley,Partner,Small,Household,195.01,0,0
ENQ-05913,2025-11-18,Bukit Merah,Walk-in,Medium,Household,278.76,0,0
ENQ-05914,2025-10-07,Sembawang,Walk-in,Medium,Relocation,310.54,0,0
ENQ-05915,2025-03-12,Western Water Catchment,Meta Ads,Small,Relocation,182.38,0,0
ENQ-05916,2025-05-01,Bukit Batok,Walk-in,Locker,SME,94.15,0,0
ENQ-05917,2025-04-01,Bukit Panjang,Referral,Locker,SME,102.28,1,1
ENQ-05918,2025-01-20,Choa Chu Kang,Meta Ads,Locker,Household,89.48,0,0
ENQ-05919,2025-11-15,Seletar,Meta Ads,Locker,Relocation,90.29,0,0
ENQ-05920,2025-02-19,Woodlands,Meta Ads,Small,SME,206.44,0,0
ENQ-05921,2025-08-24,Boon Lay,Google Search,Medium,Household,290.96,0,0
ENQ-05922,2025-10-16,North-Eastern Islands,Organic,Large,Relocation,485.2,1,1
ENQ-05923,2025-05-16,Boon Lay,Google Search,Medium,Relocation,264.43,0,0
ENQ-05924,2025-08-09,Serangoon,Google Search,Medium,Household,323.08,1,0
ENQ-05925,2025-01-02,Novena,Meta Ads,Large,E-commerce,419.06,0,0
ENQ-05926,2025-10-23,Ang Mo Kio,Google Search,Small,Student/Expats,190.14,0,0
ENQ-05927,2025-12-22,Marina South,Walk-in,Small,SME,205.86,1,0
ENQ-05928,2025-08-12,Bedok,Referral,Small,E-commerce,184.98,0,0
ENQ-05929,2025-05-14,Tanglin,Google Search,Small,E-commerce,190.58,0,0
ENQ-05930,2025-08-05,Choa Chu Kang,Meta Ads,Locker,Relocation,89.0,0,0
ENQ-05931,2025-04-07,Sengkang,Google Search,Large,Relocation,499.46,0,0
ENQ-05932,2025-03-01,Marina East,Organic,Large,Household,432.26,1,0
ENQ-05933,2025-08-10,Western Water Catchment,Referral,Small,Household,203.4,0,0
ENQ-05934,2025-10-26,Simpang,Meta Ads,Medium,SME,298.3,0,0
ENQ-05935,2025-02-18,Bukit Batok,Meta Ads,Small,SME,165.25,1,0
ENQ-05936,2025-02-16,Novena,Google Search,Medium,Relocation,262.11,0,0
ENQ-05937,2025-08-01,Downtown Core,Google Search,Small,SME,176.46,0,0
ENQ-05938,2025-11-13,Choa Chu Kang,Google Search,Medium,Household,300.79,0,0
ENQ-05939,2025-02-05,Changi,Organic,Locker,SME,98.51,0,0
ENQ-05940,2025-06-16,Changi,Organic,Locker,Household,93.49,0,0
ENQ-05941,2025-02-28,Western Water Catchment,Referral,Medium,Household,296.29,0,0
ENQ-05942,2025-05-16,Ang Mo Kio,Google Search,Locker,E-commerce,102.33,0,0
ENQ-05943,2025-12-01,Bishan,Walk-in,Locker,SME,81.88,0,0
ENQ-05944,2025-08-03,Pasir Ris,Meta Ads,Locker,Household,84.7,0,0
ENQ-05945,2025-12-10,Lim Chu Kang,Meta Ads,Small,E-commerce,171.92,1,0
ENQ-05946,2025-08-11,Pasir Ris,Meta Ads,Locker,E-commerce,94.15,0,0
ENQ-05947,2025-11-15,Seletar,Organic,Medium,Household,322.69,0,0
ENQ-05948,2025-07-13,Downtown Core,Partner,Medium,Relocation,289.58,0,0
ENQ-05949,2025-08-26,Kallang,Partner,Locker,Household,96.15,0,0
ENQ-05950,2025-08-24,Queenstown,Organic,Small,E-commerce,172.77,0,0
ENQ-05951,2025-01-21,Jurong West,Partner,Medium,Relocation,281.04,1,0
ENQ-05952,2025-09-18,Singapore River,Referral,Small,SME,200.94,0,0
ENQ-05953,2025-01-26,Mandai,Walk-in,Medium,Student/Expats,332.14,0,0
ENQ-05954,2025-07-25,Clementi,Meta Ads,Locker,E-commerce,99.95,0,0
ENQ-05955,2025-08-02,Mandai,Google Search,Locker,Relocation,83.74,0,0
ENQ-05956,2025-08-18,Western Water Catchment,Partner,Locker,E-commerce,97.47,0,0
ENQ-05957,2025-04-01,Tanglin,Google Search,Medium,Household,269.08,0,0
ENQ-05958,2025-12-23,Bishan,Meta Ads,Medium,Household,306.25,0,0
ENQ-05959,2025-08-18,Kallang,Meta Ads,Medium,Household,295.44,0,0
ENQ-05960,2025-12-05,Seletar,Organic,Small,SME,191.57,0,0
ENQ-05961,2025-11-27,Southern Islands,Organic,Medium,SME,320.0,0,0
ENQ-05962,2025-03-29,Orchard,Organic,Small,SME,173.81,0,0
ENQ-05963,2025-11-12,Queenstown,Google Search,Medium,Relocation,311.5,0,0
ENQ-05964,2025-05-12,Hougang,Meta Ads,Small,Household,169.38,0,0
ENQ-05965,2025-01-30,Tengah,Organic,Small,Household,200.14,1,0
ENQ-05966,2025-06-17,Tampines,Google Search,Locker,SME,84.52,1,1
ENQ-05967,2025-05-28,Bukit Merah,Partner,Locker,SME,85.47,0,0
ENQ-05968,2025-09-05,Geylang,Meta Ads,Large,Relocation,443.19,0,0
ENQ-05969,2025-07-30,Woodlands,Google Search,Medium,E-commerce,262.23,0,0
ENQ-05970,2025-11-18,Sungei Kadut,Partner,Medium,Household,305.01,0,0
ENQ-05971,2025-12-12,Bukit Merah,Organic,Small,Student/Expats,181.11,0,0
ENQ-05972,2025-02-18,Punggol,Walk-in,Small,Household,173.56,0,0
ENQ-05973,2025-06-07,Geylang,Meta Ads,Medium,E-commerce,323.7,0,0
ENQ-05974,2025-02-27,Novena,Organic,Medium,Relocation,264.11,0,0
ENQ-05975,2025-05-18,Boon Lay,Google Search,Medium,Relocation,288.52,0,0
ENQ-05976,2025-07-20,Pioneer,Partner,Medium,SME,263.88,0,0
ENQ-05977,2025-01-24,Punggol,Walk-in,Medium,SME,273.48,0,0
ENQ-05978,2025-09-25,Jurong West,Organic,Locker,Household,103.05,0,0
ENQ-05979,2025-11-23,Toa Payoh,Google Search,Locker,E-commerce,83.13,0,0
ENQ-05980,2025-01-27,Changi Bay,Meta Ads,Small,SME,176.71,0,0
ENQ-05981,2025-03-03,Rochor,Meta Ads,Medium,Household,262.21,0,0
ENQ-05982,2025-11-13,Bukit Panjang,Partner,Medium,Relocation,319.51,0,0
ENQ-05983,2025-03-14,Tanglin,Google Search,Locker,Household,84.26,0,0
ENQ-05984,2025-09-19,Bukit Merah,Partner,Large,Relocation,499.81,0,0
ENQ-05985,2025-01-31,Punggol,Meta Ads,Locker,Household,85.13,0,0
ENQ-05986,2025-10-28,Novena,Referral,Large,E-commerce,419.68,0,0
ENQ-05987,2025-08-12,Orchard,Google Search,Small,Household,187.96,1,0
ENQ-05988,2025-12-29,Orchard,Meta Ads,Small,Student/Expats,199.18,0,0
ENQ-05989,2025-08-05,Rochor,Google Search,Locker,E-commerce,96.73,0,0
ENQ-05990,2025-05-24,Mandai,Referral,Locker,SME,101.64,0,0
ENQ-05991,2025-12-01,Toa Payoh,Meta Ads,Small,SME,165.53,0,0
ENQ-05992,2025-12-10,Changi Bay,Meta Ads,Large,E-commerce,522.53,0,0
ENQ-05993,2025-10-24,Tuas,Google Search,Locker,Relocation,94.41,0,0
ENQ-05994,2025-05-19,Geylang,Meta Ads,Large,E-commerce,522.04,0,0
ENQ-05995,2025-07-29,Ang Mo Kio,Walk-in,Medium,SME,310.52,0,0
ENQ-05996,2025-11-02,Simpang,Meta Ads,Small,Household,178.04,0,0
ENQ-05997,2025-04-25,Jurong West,Meta Ads,Locker,SME,91.09,0,0
ENQ-05998,2025-04-13,Yishun,Partner,Large,Household,505.12,0,1
ENQ-05999,2025-08-04,Punggol,Meta Ads,Locker,Household,90.56,0,0
ENQ-06000,2025-03-26,Bukit Batok,Google Search,Medium,SME,328.02,0,0
ENQ-06001,2025-05-29,Bishan,Organic,Medium,Student/Expats,301.35,0,0
ENQ-06002,2025-12-06,Woodlands,Referral,Small,Student/Expats,176.3,1,0
ENQ-06003,2025-02-23,Simpang,Google Search,Small,Household,173.0,1,0
ENQ-06004,2025-08-12,Toa Payoh,Meta Ads,Medium,Household,268.74,0,0
ENQ-06005,2025-05-10,Southern Islands,Organic,Large,SME,517.63,0,0
ENQ-06006,2025-08-29,Marine Parade,Google Search,Small,SME,184.28,0,0
ENQ-06007,2025-07-20,Woodlands,Organic,Large,Relocation,420.9,0,0
ENQ-06008,2025-12-25,Central Water Catchment,Referral,Medium,Household,265.19,0,0
ENQ-06009,2025-03-05,Western Water Catchment,Meta Ads,Small,Household,200.97,0,0
ENQ-06010,2025-03-24,Kallang,Walk-in,Medium,Student/Expats,319.73,0,0
ENQ-06011,2025-06-15,Yishun,Organic,Small,E-commerce,163.17,0,0
ENQ-06012,2025-07-27,Seletar,Meta Ads,Medium,Relocation,263.18,0,0
ENQ-06013,2025-07-05,Serangoon,Organic,Medium,SME,318.25,0,0
ENQ-06014,2025-05-01,Ang Mo Kio,Meta Ads,Small,Household,172.03,0,0
ENQ-06015,2025-03-21,Singapore River,Referral,Small,Student/Expats,164.66,1,0
ENQ-06016,2025-08-26,Seletar,Walk-in,Small,Household,172.95,0,0
ENQ-06017,2025-01-18,Tanglin,Google Search,Small,Relocation,180.4,0,0
ENQ-06018,2025-12-10,Queenstown,Meta Ads,Medium,Household,323.23,0,0
ENQ-06019,2025-05-24,Hougang,Organic,Small,Student/Expats,167.49,1,0
ENQ-06020,2025-10-05,Yishun,Organic,Large,SME,478.91,0,0
ENQ-06021,2025-06-02,Outram,Partner,Locker,SME,98.22,0,0
ENQ-06022,2025-11-27,River Valley,Meta Ads,Medium,Household,329.28,0,0
ENQ-06023,2025-05-15,Tuas,Organic,Large,SME,469.38,1,0
ENQ-06024,2025-10-22,Orchard,Organic,Small,E-commerce,198.09,1,0
ENQ-06025,2025-06-23,Marina East,Organic,Locker,SME,90.09,0,0
ENQ-06026,2025-08-30,Pioneer,Meta Ads,Small,Household,199.59,0,0
ENQ-06027,2025-12-23,Outram,Partner,Small,Household,184.34,0,0
ENQ-06028,2025-03-17,Toa Payoh,Referral,Medium,Student/Expats,284.6,0,0
ENQ-06029,2025-12-06,Museum,Organic,Locker,Household,97.12,0,1
ENQ-06030,2025-04-02,Central Water Catchment,Google Search,Large,Household,447.51,0,0
ENQ-06031,2025-09-05,Pasir Ris,Google Search,Small,Household,172.56,0,0
ENQ-06032,2025-08-23,North-Eastern Islands,Google Search,Small,SME,166.8,0,0
ENQ-06033,2025-05-29,Tuas,Referral,Medium,E-commerce,311.12,0,0
ENQ-06034,2025-09-15,Marina East,Referral,Medium,Household,291.89,0,0
ENQ-06035,2025-01-03,Central Water Catchment,Google Search,Medium,SME,328.01,1,0
ENQ-06036,2025-01-10,Western Water Catchment,Organic,Locker,Household,101.48,0,0
ENQ-06037,2025-07-05,Tuas,Walk-in,Locker,Household,103.15,0,0
ENQ-06038,2025-05-19,Bukit Batok,Meta Ads,Small,Relocation,175.9,1,0
ENQ-06039,2025-05-31,Southern Islands,Google Search,Medium,Student/Expats,272.23,0,0
ENQ-06040,2025-06-01,Bukit Merah,Google Search,Locker,SME,102.86,0,0
ENQ-06041,2025-12-12,Jurong West,Walk-in,Medium,Household,312.78,0,0
ENQ-06042,2025-06-18,Seletar,Referral,Medium,SME,264.43,0,0
ENQ-06043,2025-03-15,Bukit Batok,Referral,Medium,E-commerce,273.34,1,0
ENQ-06044,2025-01-07,Southern Islands,Meta Ads,Small,Household,171.93,0,1
ENQ-06045,2025-05-04,Novena,Meta Ads,Large,Student/Expats,461.31,0,0
ENQ-06046,2025-11-05,Sembawang,Google Search,Locker,E-commerce,99.69,0,0
ENQ-06047,2025-01-21,Serangoon,Google Search,Large,E-commerce,414.94,0,0
ENQ-06048,2025-10-28,Western Water Catchment,Meta Ads,Locker,Student/Expats,101.04,0,0
ENQ-06049,2025-10-07,Bukit Timah,Google Search,Large,Household,436.16,0,0
ENQ-06050,2025-07-31,Lim Chu Kang,Google Search,Medium,Relocation,323.87,0,0
ENQ-06051,2025-06-25,Pasir Ris,Google Search,Locker,Household,91.88,1,0
ENQ-06052,2025-03-27,Toa Payoh,Meta Ads,Large,Relocation,502.67,0,0
ENQ-06053,2025-11-16,Museum,Meta Ads,Locker,Household,96.66,0,0
ENQ-06054,2025-07-19,Pioneer,Organic,Medium,SME,283.74,0,0
ENQ-06055,2025-03-04,Queenstown,Organic,Locker,SME,92.49,0,0
ENQ-06056,2025-07-11,River Valley,Google Search,Small,Relocation,170.54,0,0
ENQ-06057,2025-01-14,Ang Mo Kio,Organic,Large,Household,518.7,0,0
ENQ-06058,2025-07-31,Toa Payoh,Organic,Small,Household,165.22,0,0
ENQ-06059,2025-09-20,Outram,Organic,Medium,Household,296.11,0,0
ENQ-06060,2025-06-17,Punggol,Meta Ads,Medium,SME,269.56,0,0
ENQ-06061,2025-07-10,Tanglin,Referral,Small,Household,186.65,0,0
ENQ-06062,2025-10-19,Changi,Google Search,Small,E-commerce,199.03,0,0
ENQ-06063,2025-07-06,Novena,Google Search,Locker,Student/Expats,94.8,0,0
ENQ-06064,2025-12-01,Bukit Timah,Google Search,Medium,Student/Expats,317.0,0,0
ENQ-06065,2025-07-01,Changi Bay,Google Search,Small,Relocation,185.57,0,0
ENQ-06066,2025-01-26,Sungei Kadut,Partner,Large,Household,471.03,0,0
ENQ-06067,2025-01-22,North-Eastern Islands,Meta Ads,Medium,SME,302.35,0,0
ENQ-06068,2025-06-01,Marine Parade,Meta Ads,Large,Household,504.71,0,0
ENQ-06069,2025-03-12,Novena,Referral,Small,SME,187.07,1,1
ENQ-06070,2025-05-23,Singapore River,Google Search,Small,Household,172.27,0,0
ENQ-06071,2025-09-19,Changi,Meta Ads,Medium,Household,303.17,0,0
ENQ-06072,2025-06-02,River Valley,Google Search,Locker,SME,93.27,0,0
ENQ-06073,2025-07-03,Mandai,Walk-in,Large,Student/Expats,495.21,0,0
ENQ-06074,2025-06-29,Bukit Panjang,Walk-in,Locker,SME,93.15,1,0
ENQ-06075,2025-12-28,Choa Chu Kang,Walk-in,Small,Household,196.81,0,0
ENQ-06076,2025-03-07,Geylang,Meta Ads,Small,Student/Expats,179.93,1,0
ENQ-06077,2025-12-02,Mandai,Organic,Small,Household,202.37,0,0
ENQ-06078,2025-08-28,Woodlands,Organic,Small,Household,191.44,0,0
ENQ-06079,2025-02-14,Tuas,Google Search,Small,Household,188.53,0,0
ENQ-06080,2025-05-11,Seletar,Meta Ads,Medium,Student/Expats,306.45,0,0
ENQ-06081,2025-08-25,Sembawang,Meta Ads,Locker,E-commerce,100.88,0,0
ENQ-06082,2025-09-03,Jurong West,Google Search,Small,Household,168.95,0,0
ENQ-06083,2025-10-22,Bedok,Organic,Small,E-commerce,171.2,1,0
ENQ-06084,2025-10-24,Marina East,Meta Ads,Small,SME,173.14,0,0
ENQ-06085,2025-08-15,Mandai,Google Search,Medium,SME,303.51,0,0
ENQ-06086,2025-05-26,Rochor,Referral,Small,Household,174.54,1,0
ENQ-06087,2025-03-06,Ang Mo Kio,Meta Ads,Small,Household,199.33,1,0
ENQ-06088,2025-08-14,Central Water Catchment,Partner,Medium,E-commerce,284.06,1,0
ENQ-06089,2025-09-14,Novena,Google Search,Locker,SME,99.93,1,0
ENQ-06090,2025-12-16,Singapore River,Meta Ads,Medium,SME,294.25,1,0
ENQ-06091,2025-05-13,Ang Mo Kio,Walk-in,Small,SME,162.92,0,0
ENQ-06092,2025-05-25,Clementi,Organic,Small,Household,174.44,0,0
ENQ-06093,2025-06-12,Rochor,Referral,Medium,Household,315.8,1,1
ENQ-06094,2025-09-18,Bukit Batok,Google Search,Large,Household,440.31,0,0
ENQ-06095,2025-12-13,Central Water Catchment,Google Search,Locker,Household,87.1,0,0
ENQ-06096,2025-01-13,Punggol,Google Search,Medium,Household,324.72,0,0
ENQ-06097,2025-11-21,Queenstown,Walk-in,Medium,Household,287.49,0,0
ENQ-06098,2025-03-22,Ang Mo Kio,Google Search,Medium,Household,318.42,1,0
ENQ-06099,2025-04-03,Clementi,Partner,Locker,Household,95.85,0,0
ENQ-06100,2025-03-09,Sembawang,Referral,Locker,Student/Expats,83.97,1,0
ENQ-06101,2025-11-18,Lim Chu Kang,Walk-in,Large,SME,498.43,0,0
ENQ-06102,2025-09-10,Bukit Merah,Walk-in,Medium,Household,275.04,0,0
ENQ-06103,2025-08-18,Western Water Catchment,Partner,Large,Household,503.4,0,0
ENQ-06104,2025-07-02,Sungei Kadut,Google Search,Small,Household,182.63,1,0
ENQ-06105,2025-05-17,Tuas,Meta Ads,Locker,SME,85.29,0,0
ENQ-06106,2025-06-23,Mandai,Google Search,Medium,E-commerce,283.9,0,0
ENQ-06107,2025-12-12,Seletar,Google Search,Small,Household,173.13,0,0
ENQ-06108,2025-12-14,Marina East,Google Search,Medium,E-commerce,264.93,0,0
ENQ-06109,2025-08-24,Choa Chu Kang,Organic,Locker,Household,83.51,1,0
ENQ-06110,2025-07-24,Seletar,Google Search,Medium,E-commerce,275.16,0,0
ENQ-06111,2025-03-01,Outram,Partner,Medium,Household,329.32,1,1
ENQ-06112,2025-10-02,Woodlands,Partner,Locker,Household,81.35,0,0
ENQ-06113,2025-04-28,Southern Islands,Meta Ads,Large,E-commerce,440.24,1,0
ENQ-06114,2025-10-13,Kallang,Organic,Medium,Household,325.89,0,0
ENQ-06115,2025-10-21,Marine Parade,Walk-in,Small,SME,187.86,0,0
ENQ-06116,2025-05-04,Bedok,Partner,Locker,Household,102.47,0,0
ENQ-06117,2025-02-02,Boon Lay,Organic,Small,SME,173.35,0,0
ENQ-06118,2025-11-03,Tampines,Walk-in,Locker,Household,83.89,0,0
ENQ-06119,2025-03-15,Clementi,Organic,Medium,Household,280.14,0,0
ENQ-06120,2025-01-12,Sembawang,Organic,Medium,Household,316.32,0,0
ENQ-06121,2025-05-15,Outram,Organic,Medium,SME,270.11,0,0
ENQ-06122,2025-05-05,Tampines,Organic,Medium,Student/Expats,288.04,0,0
ENQ-06123,2025-11-23,Changi,Organic,Small,SME,193.76,0,0
ENQ-06124,2025-02-24,Sengkang,Meta Ads,Locker,E-commerce,94.5,0,0
ENQ-06125,2025-08-02,Outram,Google Search,Small,SME,180.54,0,0
ENQ-06126,2025-12-31,Outram,Meta Ads,Medium,E-commerce,310.99,0,0
ENQ-06127,2025-03-02,Tengah,Meta Ads,Medium,Household,283.63,0,0
ENQ-06128,2025-01-21,Marine Parade,Partner,Large,E-commerce,479.26,0,0
ENQ-06129,2025-10-23,Bedok,Meta Ads,Small,Household,188.83,1,0
ENQ-06130,2025-07-29,North-Eastern Islands,Organic,Small,E-commerce,194.86,0,0
ENQ-06131,2025-03-24,Tampines,Google Search,Small,E-commerce,174.65,0,0
ENQ-06132,2025-04-19,Newton,Google Search,Large,SME,473.63,0,0
ENQ-06133,2025-02-17,Punggol,Meta Ads,Medium,E-commerce,322.46,1,0
ENQ-06134,2025-12-30,Boon Lay,Google Search,Large,Household,421.86,0,0
ENQ-06135,2025-09-13,Southern Islands,Google Search,Medium,Household,328.37,0,0
ENQ-06136,2025-09-26,Lim Chu Kang,Partner,Locker,Household,83.25,1,0
ENQ-06137,2025-01-11,Queenstown,Walk-in,Locker,Household,82.75,0,0
ENQ-06138,2025-03-28,Rochor,Meta Ads,Small,E-commerce,175.82,0,0
ENQ-06139,2025-10-15,River Valley,Partner,Medium,Household,297.15,1,0
ENQ-06140,2025-12-20,Museum,Walk-in,Locker,Relocation,81.95,1,0
ENQ-06141,2025-10-28,Toa Payoh,Organic,Small,Household,181.1,0,0
ENQ-06142,2025-04-01,Central Water Catchment,Partner,Medium,SME,278.79,1,0
ENQ-06143,2025-01-08,Boon Lay,Google Search,Medium,E-commerce,272.15,0,0
ENQ-06144,2025-01-10,Lim Chu Kang,Google Search,Locker,SME,89.63,0,0
ENQ-06145,2025-08-01,Tanglin,Google Search,Large,Household,473.45,0,0
ENQ-06146,2025-05-25,Sengkang,Walk-in,Medium,E-commerce,302.49,0,0
ENQ-06147,2025-12-27,Sengkang,Meta Ads,Small,E-commerce,189.09,1,0
ENQ-06148,2025-07-10,Sembawang,Meta Ads,Large,Student/Expats,457.12,0,0
ENQ-06149,2025-04-29,Punggol,Google Search,Large,Relocation,428.68,0,0
ENQ-06150,2025-11-11,Jurong West,Walk-in,Medium,Household,305.8,0,0
ENQ-06151,2025-01-05,North-Eastern Islands,Meta Ads,Small,Household,173.32,0,0
ENQ-06152,2025-05-13,Bukit Merah,Google Search,Locker,Student/Expats,82.96,1,0
ENQ-06153,2025-01-16,Downtown Core,Google Search,Large,Household,500.37,0,0
ENQ-06154,2025-01-13,Museum,Organic,Locker,Household,97.92,0,0
ENQ-06155,2025-07-25,Woodlands,Walk-in,Small,Household,167.09,1,0
ENQ-06156,2025-11-23,Simpang,Google Search,Medium,Household,270.58,0,0
ENQ-06157,2025-05-23,Toa Payoh,Organic,Large,SME,473.07,0,0
ENQ-06158,2025-05-20,Western Water Catchment,Google Search,Small,SME,187.2,0,0
ENQ-06159,2025-07-12,Simpang,Partner,Locker,E-commerce,82.93,0,0
ENQ-06160,2025-06-17,Changi,Google Search,Small,SME,185.57,0,0
ENQ-06161,2025-04-06,Bishan,Walk-in,Small,E-commerce,183.5,1,0
ENQ-06162,2025-03-10,Yishun,Walk-in,Small,Household,173.1,0,0
ENQ-06163,2025-01-25,Lim Chu Kang,Google Search,Medium,Household,282.4,0,0
ENQ-06164,2025-07-27,Hougang,Google Search,Small,Household,175.1,1,0
ENQ-06165,2025-06-02,Lim Chu Kang,Meta Ads,Medium,Student/Expats,332.18,0,0
ENQ-06166,2025-08-02,Marine Parade,Walk-in,Small,Household,177.28,0,0
ENQ-06167,2025-08-24,Downtown Core,Google Search,Small,SME,166.04,1,0
ENQ-06168,2025-04-05,Hougang,Organic,Small,E-commerce,203.46,0,0
ENQ-06169,2025-10-09,Tampines,Organic,Medium,Household,270.86,0,0
ENQ-06170,2025-03-13,Yishun,Organic,Small,E-commerce,190.99,1,0
ENQ-06171,2025-09-01,Marina East,Partner,Locker,SME,103.13,0,0
ENQ-06172,2025-12-01,Rochor,Referral,Medium,SME,329.29,0,0
ENQ-06173,2025-05-12,Marine Parade,Referral,Small,SME,192.71,1,1
ENQ-06174,2025-05-12,Toa Payoh,Walk-in,Medium,Student/Expats,272.54,0,0
ENQ-06175,2025-01-31,Ang Mo Kio,Google Search,Locker,Household,98.74,0,0
ENQ-06176,2025-11-08,Museum,Meta Ads,Small,Relocation,164.1,0,0
ENQ-06177,2025-11-09,Sungei Kadut,Referral,Locker,Household,95.23,1,0
ENQ-06178,2025-08-21,Downtown Core,Walk-in,Large,Student/Expats,525.1,0,0
ENQ-06179,2025-05-28,Sembawang,Partner,Small,Household,163.12,0,0
ENQ-06180,2025-07-29,Kallang,Partner,Large,Household,450.79,0,0
ENQ-06181,2025-01-10,Serangoon,Meta Ads,Locker,Household,101.18,0,0
ENQ-06182,2025-02-07,Tuas,Google Search,Locker,Household,84.22,0,0
ENQ-06183,2025-03-31,Lim Chu Kang,Partner,Medium,Student/Expats,302.3,0,0
ENQ-06184,2025-06-23,Toa Payoh,Google Search,Medium,Household,290.82,0,0
ENQ-06185,2025-06-24,Marina East,Google Search,Medium,Household,281.66,0,0
ENQ-06186,2025-11-20,Sembawang,Google Search,Medium,Student/Expats,289.15,0,0
ENQ-06187,2025-08-03,Seletar,Referral,Small,Student/Expats,180.61,0,0
ENQ-06188,2025-06-18,Jurong East,Partner,Small,Household,172.17,1,1
ENQ-06189,2025-11-06,Bishan,Google Search,Small,Student/Expats,163.42,0,0
ENQ-06190,2025-02-18,Serangoon,Google Search,Small,E-commerce,203.58,0,0
ENQ-06191,2025-08-27,Tanglin,Organic,Large,E-commerce,416.22,0,0
ENQ-06192,2025-06-13,Yishun,Organic,Medium,Household,300.05,0,0
ENQ-06193,2025-10-06,Novena,Organic,Medium,Household,293.23,0,0
ENQ-06194,2025-02-06,Changi Bay,Walk-in,Medium,Household,330.7,0,0
ENQ-06195,2025-12-23,Marina South,Google Search,Small,E-commerce,205.77,0,0
ENQ-06196,2025-08-20,Marine Parade,Organic,Small,SME,170.7,0,0
ENQ-06197,2025-03-31,Queenstown,Partner,Large,SME,442.88,0,0
ENQ-06198,2025-03-04,Bukit Timah,Walk-in,Large,Household,486.89,0,0
ENQ-06199,2025-12-28,Sembawang,Google Search,Small,SME,205.54,0,0
ENQ-06200,2025-05-19,Bukit Batok,Meta Ads,Locker,Household,101.94,0,0
ENQ-06201,2025-07-12,Downtown Core,Walk-in,Small,Household,204.24,0,0
ENQ-06202,2025-08-11,Kallang,Walk-in,Locker,Household,81.86,0,0
ENQ-06203,2025-09-07,Downtown Core,Referral,Small,E-commerce,174.54,0,0
ENQ-06204,2025-12-31,Clementi,Referral,Medium,Household,322.07,0,0
ENQ-06205,2025-03-15,Toa Payoh,Referral,Medium,Student/Expats,330.04,0,0
ENQ-06206,2025-05-08,Bishan,Google Search,Locker,SME,87.38,1,0
ENQ-06207,2025-02-22,Geylang,Google Search,Locker,SME,90.57,0,0
ENQ-06208,2025-12-18,Bukit Batok,Referral,Small,Student/Expats,198.92,0,0
ENQ-06209,2025-05-27,Punggol,Meta Ads,Medium,Household,262.43,0,0
ENQ-06210,2025-04-29,Tampines,Walk-in,Small,Household,205.83,0,0
ENQ-06211,2025-10-06,Central Water Catchment,Referral,Small,Student/Expats,168.37,1,0
ENQ-06212,2025-09-09,Novena,Google Search,Large,Household,526.35,0,0
ENQ-06213,2025-09-11,Yishun,Referral,Locker,Household,93.55,0,0
ENQ-06214,2025-11-11,Bukit Merah,Google Search,Medium,Relocation,270.44,0,0
ENQ-06215,2025-03-30,Rochor,Google Search,Small,SME,186.9,1,0
ENQ-06216,2025-08-31,Sungei Kadut,Partner,Small,Household,170.5,0,0
ENQ-06217,2025-12-13,Boon Lay,Organic,Small,SME,177.91,0,0
ENQ-06218,2025-01-30,Serangoon,Walk-in,Medium,Household,270.64,0,0
ENQ-06219,2025-05-04,Bukit Batok,Google Search,Large,Household,468.9,0,0
ENQ-06220,2025-02-25,Choa Chu Kang,Meta Ads,Medium,Household,266.01,0,0
ENQ-06221,2025-08-06,Hougang,Organic,Small,Household,191.28,0,0
ENQ-06222,2025-10-14,Mandai,Google Search,Small,Household,196.89,1,0
ENQ-06223,2025-01-11,Central Water Catchment,Meta Ads,Medium,SME,264.59,0,0
ENQ-06224,2025-01-12,Marina East,Referral,Medium,Household,291.8,0,0
ENQ-06225,2025-08-13,Tuas,Meta Ads,Small,Household,204.39,0,0
ENQ-06226,2025-02-08,Rochor,Google Search,Small,Household,198.32,0,0
ENQ-06227,2025-01-19,Yishun,Referral,Small,Household,179.33,0,0
ENQ-06228,2025-04-21,Punggol,Referral,Medium,Household,269.77,0,0
ENQ-06229,2025-08-28,Queenstown,Google Search,Locker,Household,97.79,0,0
ENQ-06230,2025-04-08,Lim Chu Kang,Referral,Medium,SME,273.9,0,1
ENQ-06231,2025-09-27,Marine Parade,Walk-in,Small,SME,186.92,0,0
ENQ-06232,2025-12-31,Marina East,Meta Ads,Small,Relocation,184.06,0,0
ENQ-06233,2025-05-18,Yishun,Partner,Medium,Student/Expats,280.8,0,0
ENQ-06234,2025-10-13,Marine Parade,Organic,Small,Household,185.48,0,0
ENQ-06235,2025-02-13,Sungei Kadut,Organic,Medium,SME,313.0,1,0
ENQ-06236,2025-05-25,Singapore River,Organic,Locker,E-commerce,87.25,0,0
ENQ-06237,2025-10-03,Ang Mo Kio,Walk-in,Medium,E-commerce,282.06,1,0
ENQ-06238,2025-11-10,Bishan,Organic,Locker,Household,92.14,1,0
ENQ-06239,2025-01-25,Clementi,Google Search,Large,Household,458.78,0,0
ENQ-06240,2025-09-20,Hougang,Organic,Small,SME,196.84,0,0
ENQ-06241,2025-12-04,Hougang,Google Search,Medium,SME,314.35,0,0
ENQ-06242,2025-08-29,Singapore River,Organic,Small,Household,162.76,0,0
ENQ-06243,2025-05-13,Lim Chu Kang,Referral,Locker,Household,84.83,1,0
ENQ-06244,2025-09-10,Bukit Batok,Meta Ads,Medium,Relocation,277.05,0,0
ENQ-06245,2025-09-30,Straits View,Referral,Small,Student/Expats,201.43,1,0
ENQ-06246,2025-06-18,Outram,Google Search,Locker,SME,101.78,0,0
ENQ-06247,2025-03-09,Marina East,Google Search,Small,Household,182.35,0,0
ENQ-06248,2025-03-31,Changi,Referral,Medium,Student/Expats,274.06,0,0
ENQ-06249,2025-10-20,Western Water Catchment,Meta Ads,Small,Relocation,165.3,1,0
ENQ-06250,2025-07-20,Bishan,Meta Ads,Locker,Relocation,96.14,0,0
ENQ-06251,2025-05-20,Straits View,Organic,Medium,Student/Expats,316.37,0,0
ENQ-06252,2025-11-06,Rochor,Organic,Small,Relocation,170.96,0,0
ENQ-06253,2025-07-24,Seletar,Walk-in,Large,Household,519.58,0,0
ENQ-06254,2025-01-21,Outram,Meta Ads,Medium,Household,275.06,0,0
ENQ-06255,2025-06-21,Tampines,Meta Ads,Small,E-commerce,192.94,0,0
ENQ-06256,2025-12-20,Central Water Catchment,Google Search,Small,E-commerce,168.74,0,0
ENQ-06257,2025-10-09,Hougang,Partner,Small,E-commerce,182.55,0,0
ENQ-06258,2025-04-23,Queenstown,Meta Ads,Locker,Household,100.35,0,0
ENQ-06259,2025-08-30,Novena,Google Search,Locker,Household,95.51,0,0
ENQ-06260,2025-05-24,Toa Payoh,Meta Ads,Medium,Household,320.1,0,0
ENQ-06261,2025-11-19,Mandai,Google Search,Small,Relocation,176.58,1,0
ENQ-06262,2025-08-04,Bukit Batok,Meta Ads,Medium,E-commerce,269.03,0,0
ENQ-06263,2025-05-31,Tengah,Partner,Medium,SME,303.39,0,0
ENQ-06264,2025-08-04,Changi,Partner,Small,SME,165.22,0,0
ENQ-06265,2025-03-23,Yishun,Google Search,Small,Household,172.41,0,0
ENQ-06266,2025-12-09,Downtown Core,Walk-in,Large,Household,416.53,0,0
ENQ-06267,2025-08-20,Jurong West,Google Search,Medium,Household,300.13,0,0
ENQ-06268,2025-09-26,Pioneer,Google Search,Small,Student/Expats,177.47,0,0
ENQ-06269,2025-10-07,Bukit Batok,Walk-in,Large,E-commerce,456.66,1,0
ENQ-06270,2025-11-10,Bukit Timah,Meta Ads,Large,Relocation,441.42,0,0
ENQ-06271,2025-04-15,Choa Chu Kang,Google Search,Small,Household,197.78,0,0
ENQ-06272,2025-07-09,Boon Lay,Organic,Small,Household,162.53,1,1
ENQ-06273,2025-05-12,Changi,Google Search,Locker,Household,101.65,0,0
ENQ-06274,2025-12-18,Jurong West,Partner,Medium,E-commerce,292.19,0,0
ENQ-06275,2025-08-02,Punggol,Partner,Medium,Household,324.98,1,0
ENQ-06276,2025-07-13,Choa Chu Kang,Partner,Small,Student/Expats,174.93,0,0
ENQ-06277,2025-09-06,Pasir Ris,Partner,Medium,Household,322.07,0,0
ENQ-06278,2025-11-20,Outram,Meta Ads,Small,Household,198.82,0,0
ENQ-06279,2025-07-29,Museum,Google Search,Medium,SME,277.48,1,0
ENQ-06280,2025-03-30,Pasir Ris,Walk-in,Medium,Household,282.28,0,0
ENQ-06281,2025-02-24,Choa Chu Kang,Organic,Medium,E-commerce,266.9,0,0
ENQ-06282,2025-01-01,Changi Bay,Google Search,Medium,Student/Expats,323.51,1,0
ENQ-06283,2025-02-10,Singapore River,Walk-in,Small,Household,162.9,0,0
ENQ-06284,2025-04-04,Yishun,Partner,Small,Household,162.86,1,0
ENQ-06285,2025-07-08,North-Eastern Islands,Referral,Small,SME,177.71,0,0
ENQ-06286,2025-04-16,Bishan,Partner,Small,E-commerce,190.79,0,0
ENQ-06287,2025-12-20,North-Eastern Islands,Meta Ads,Locker,E-commerce,90.13,0,0
ENQ-06288,2025-10-04,Central Water Catchment,Referral,Small,Household,183.45,1,0
ENQ-06289,2025-06-26,Tanglin,Partner,Locker,SME,101.8,0,0
ENQ-06290,2025-06-28,River Valley,Referral,Small,SME,181.73,1,0
ENQ-06291,2025-01-05,Sungei Kadut,Google Search,Medium,Relocation,266.41,0,0
ENQ-06292,2025-01-18,Museum,Organic,Small,Household,182.86,0,0
ENQ-06293,2025-06-25,Changi Bay,Walk-in,Medium,E-commerce,316.68,1,0
ENQ-06294,2025-11-26,Bukit Panjang,Organic,Large,Household,504.91,0,0
ENQ-06295,2025-08-26,Museum,Walk-in,Locker,E-commerce,81.36,0,0
ENQ-06296,2025-01-17,Straits View,Partner,Medium,Student/Expats,323.11,1,0
ENQ-06297,2025-10-02,Tengah,Referral,Small,Household,204.66,1,0
ENQ-06298,2025-03-08,Bishan,Meta Ads,Large,SME,464.95,0,0
ENQ-06299,2025-06-05,Jurong East,Google Search,Medium,Household,312.23,1,0
ENQ-06300,2025-07-23,Kallang,Google Search,Small,Household,179.3,1,0
ENQ-06301,2025-03-15,North-Eastern Islands,Partner,Locker,SME,81.12,0,0
ENQ-06302,2025-12-19,Central Water Catchment,Meta Ads,Small,Household,178.91,0,0
ENQ-06303,2025-01-29,Western Water Catchment,Walk-in,Small,Household,188.67,0,0
ENQ-06304,2025-06-20,Choa Chu Kang,Google Search,Medium,Household,306.96,0,0
ENQ-06305,2025-04-02,Lim Chu Kang,Organic,Locker,Student/Expats,91.37,0,0
ENQ-06306,2025-12-12,Tampines,Partner,Small,SME,195.41,1,0
ENQ-06307,2025-06-12,Marina East,Meta Ads,Locker,Household,103.01,0,0
ENQ-06308,2025-01-15,Novena,Google Search,Medium,Relocation,295.68,0,1
ENQ-06309,2025-08-28,Straits View,Walk-in,Medium,Student/Expats,301.33,0,0
ENQ-06310,2025-09-25,Clementi,Meta Ads,Medium,Household,292.81,0,0
ENQ-06311,2025-03-17,Orchard,Meta Ads,Locker,SME,95.54,0,0
ENQ-06312,2025-02-10,River Valley,Meta Ads,Medium,Relocation,292.92,0,0
ENQ-06313,2025-10-11,Western Water Catchment,Walk-in,Locker,E-commerce,88.37,0,0
ENQ-06314,2025-03-01,Novena,Partner,Locker,SME,89.26,0,0
ENQ-06315,2025-10-14,Yishun,Meta Ads,Large,SME,512.18,0,0
ENQ-06316,2025-12-12,Tengah,Google Search,Large,Household,433.1,0,0
ENQ-06317,2025-04-19,Yishun,Organic,Small,Household,184.65,0,0
ENQ-06318,2025-03-21,Simpang,Google Search,Medium,Student/Expats,301.61,0,0
ENQ-06319,2025-03-12,Toa Payoh,Organic,Locker,Household,100.27,0,0
ENQ-06320,2025-07-01,Simpang,Partner,Small,Household,184.87,1,0
ENQ-06321,2025-06-06,Yishun,Walk-in,Small,Relocation,197.34,0,0
ENQ-06322,2025-06-19,Pioneer,Google Search,Locker,SME,83.7,1,0
ENQ-06323,2025-03-08,Changi,Google Search,Small,SME,170.67,1,0
ENQ-06324,2025-04-23,Punggol,Google Search,Small,Student/Expats,167.13,0,0
ENQ-06325,2025-03-24,Marina South,Google Search,Small,Household,162.66,0,0
ENQ-06326,2025-11-18,Lim Chu Kang,Organic,Medium,SME,294.47,0,0
ENQ-06327,2025-01-30,Changi Bay,Google Search,Medium,Household,272.14,0,0
ENQ-06328,2025-08-02,Rochor,Google Search,Locker,SME,100.91,0,0
ENQ-06329,2025-02-06,Seletar,Meta Ads,Medium,Student/Expats,266.04,1,0
ENQ-06330,2025-05-10,Rochor,Partner,Small,Household,177.19,0,0
ENQ-06331,2025-10-28,Simpang,Organic,Large,SME,493.47,1,0
ENQ-06332,2025-12-16,Pioneer,Walk-in,Locker,Household,98.41,1,0
ENQ-06333,2025-06-29,Lim Chu Kang,Meta Ads,Medium,SME,288.67,0,0
ENQ-06334,2025-11-24,Seletar,Partner,Locker,E-commerce,90.53,0,0
ENQ-06335,2025-12-17,Geylang,Meta Ads,Medium,E-commerce,315.95,0,0
ENQ-06336,2025-10-31,Ang Mo Kio,Meta Ads,Locker,Relocation,93.0,0,0
ENQ-06337,2025-03-23,Rochor,Meta Ads,Large,Relocation,480.87,0,0
ENQ-06338,2025-02-11,Jurong West,Google Search,Small,Relocation,180.49,0,0
ENQ-06339,2025-05-03,Hougang,Organic,Medium,SME,307.14,1,0
ENQ-06340,2025-07-02,Bukit Timah,Referral,Medium,SME,303.4,0,0
ENQ-06341,2025-07-02,North-Eastern Islands,Organic,Small,E-commerce,206.11,0,0
ENQ-06342,2025-09-18,Simpang,Organic,Small,Household,190.33,0,0
ENQ-06343,2025-03-05,Jurong East,Google Search,Locker,SME,94.87,0,0
ENQ-06344,2025-10-20,Bukit Merah,Google Search,Small,Household,190.82,0,0
ENQ-06345,2025-02-25,Southern Islands,Google Search,Medium,E-commerce,300.86,0,0
ENQ-06346,2025-07-09,Bedok,Walk-in,Large,Household,503.64,0,0
ENQ-06347,2025-02-11,Pioneer,Referral,Small,E-commerce,195.24,0,0
ENQ-06348,2025-01-30,Toa Payoh,Google Search,Medium,Student/Expats,312.74,0,0
ENQ-06349,2025-03-17,Sengkang,Google Search,Small,Household,171.9,0,0
ENQ-06350,2025-12-13,Choa Chu Kang,Meta Ads,Large,SME,438.36,0,0
ENQ-06351,2025-11-23,Sembawang,Walk-in,Medium,Household,271.36,0,0
ENQ-06352,2025-12-20,Yishun,Referral,Small,Household,182.67,1,0
ENQ-06353,2025-01-17,Novena,Referral,Large,Student/Expats,442.2,1,0
ENQ-06354,2025-01-03,Punggol,Walk-in,Medium,Student/Expats,297.56,0,0
ENQ-06355,2025-06-29,Queenstown,Google Search,Small,Household,181.9,0,0
ENQ-06356,2025-08-16,Newton,Google Search,Medium,Household,325.13,0,0
ENQ-06357,2025-04-15,Choa Chu Kang,Meta Ads,Small,E-commerce,186.01,0,0
ENQ-06358,2025-08-06,Outram,Google Search,Large,Relocation,440.48,0,0
ENQ-06359,2025-12-20,River Valley,Walk-in,Small,Relocation,199.88,0,0
ENQ-06360,2025-06-18,Serangoon,Google Search,Medium,SME,278.39,0,0
ENQ-06361,2025-12-16,Tanglin,Google Search,Small,Household,171.36,0,0
ENQ-06362,2025-07-23,Western Water Catchment,Walk-in,Small,SME,170.37,0,0
ENQ-06363,2025-08-24,Queenstown,Walk-in,Small,Household,191.85,1,0
ENQ-06364,2025-09-24,Lim Chu Kang,Meta Ads,Small,Student/Expats,197.69,0,0
ENQ-06365,2025-12-05,Bukit Batok,Google Search,Small,SME,190.11,0,0
ENQ-06366,2025-12-09,Simpang,Meta Ads,Small,Student/Expats,189.56,1,0
ENQ-06367,2025-08-17,Marina East,Organic,Locker,Household,99.89,0,0
ENQ-06368,2025-09-14,Museum,Meta Ads,Small,Household,169.52,0,0
ENQ-06369,2025-03-23,North-Eastern Islands,Organic,Medium,Household,266.57,0,0
ENQ-06370,2025-04-04,Sengkang,Google Search,Locker,Student/Expats,82.82,0,0
ENQ-06371,2025-09-30,Clementi,Partner,Medium,Household,264.34,0,0
ENQ-06372,2025-04-08,Newton,Organic,Small,Household,201.47,1,0
ENQ-06373,2025-09-18,Jurong East,Google Search,Small,Household,185.56,1,0
ENQ-06374,2025-06-05,Clementi,Google Search,Locker,Student/Expats,82.83,0,0
ENQ-06375,2025-08-06,Woodlands,Meta Ads,Medium,E-commerce,270.88,0,0
ENQ-06376,2025-10-02,Rochor,Google Search,Small,Household,184.96,0,0
ENQ-06377,2025-08-27,Woodlands,Google Search,Small,Relocation,181.7,0,0
ENQ-06378,2025-02-02,Bukit Timah,Google Search,Small,Household,204.69,1,0
ENQ-06379,2025-07-30,Sengkang,Organic,Medium,SME,264.52,0,0
ENQ-06380,2025-10-12,Southern Islands,Google Search,Large,Household,516.84,0,0
ENQ-06381,2025-10-13,Bukit Panjang,Partner,Locker,Household,86.82,0,0
ENQ-06382,2025-01-27,River Valley,Google Search,Small,Student/Expats,178.15,0,0
ENQ-06383,2025-04-22,Central Water Catchment,Google Search,Locker,Household,87.14,0,0
ENQ-06384,2025-11-21,Newton,Meta Ads,Medium,SME,292.56,0,0
ENQ-06385,2025-10-06,Sungei Kadut,Walk-in,Large,Household,419.31,0,0
ENQ-06386,2025-04-15,Rochor,Google Search,Large,Household,500.21,0,0
ENQ-06387,2025-11-06,Newton,Walk-in,Medium,SME,278.37,0,0
ENQ-06388,2025-12-10,Simpang,Meta Ads,Small,E-commerce,178.09,0,0
ENQ-06389,2025-05-29,Woodlands,Organic,Locker,Household,96.24,0,0
ENQ-06390,2025-08-22,Toa Payoh,Google Search,Medium,Household,267.38,1,1
ENQ-06391,2025-03-16,Tampines,Google Search,Medium,Household,299.11,0,0
ENQ-06392,2025-04-05,Kallang,Google Search,Medium,Household,327.16,0,0
ENQ-06393,2025-08-07,Tuas,Meta Ads,Locker,Household,82.85,0,0
ENQ-06394,2025-06-16,Pasir Ris,Google Search,Locker,Household,100.13,0,0
ENQ-06395,2025-04-13,Sengkang,Organic,Medium,SME,280.3,0,0
ENQ-06396,2025-10-06,Changi,Partner,Small,SME,182.22,0,0
ENQ-06397,2025-01-30,Changi,Referral,Small,SME,198.85,0,0
ENQ-06398,2025-02-13,Choa Chu Kang,Walk-in,Locker,Household,100.18,1,0
ENQ-06399,2025-10-03,Tengah,Meta Ads,Medium,Household,311.91,0,0
ENQ-06400,2025-03-24,Queenstown,Organic,Medium,Household,276.71,0,0
ENQ-06401,2025-03-31,Tengah,Walk-in,Locker,E-commerce,84.54,1,0
ENQ-06402,2025-10-08,Downtown Core,Google Search,Locker,E-commerce,81.74,0,0
ENQ-06403,2025-06-12,Lim Chu Kang,Partner,Small,Household,192.87,0,0
ENQ-06404,2025-08-18,River Valley,Referral,Large,Household,494.3,0,0
ENQ-06405,2025-10-22,Sungei Kadut,Walk-in,Medium,SME,311.92,0,0
ENQ-06406,2025-10-21,Southern Islands,Referral,Small,Household,185.2,0,0
ENQ-06407,2025-01-05,Kallang,Referral,Small,Relocation,190.01,0,0
ENQ-06408,2025-12-30,Central Water Catchment,Partner,Locker,Household,82.24,0,0
ENQ-06409,2025-06-16,Newton,Meta Ads,Large,Relocation,441.96,0,0
ENQ-06410,2025-07-07,Seletar,Partner,Medium,Household,288.2,0,1
ENQ-06411,2025-05-25,Museum,Partner,Locker,Student/Expats,94.97,0,0
ENQ-06412,2025-01-27,Kallang,Referral,Locker,SME,87.61,0,0
ENQ-06413,2025-09-18,Marina East,Referral,Medium,Relocation,325.34,0,0
ENQ-06414,2025-09-26,Southern Islands,Google Search,Large,Household,509.47,0,0
ENQ-06415,2025-07-17,Sungei Kadut,Meta Ads,Small,SME,179.75,0,0
ENQ-06416,2025-07-10,Tampines,Organic,Medium,Household,324.68,0,0
ENQ-06417,2025-11-03,Changi,Walk-in,Medium,E-commerce,332.61,0,0
ENQ-06418,2025-09-25,River Valley,Partner,Locker,E-commerce,84.35,1,0
ENQ-06419,2025-04-14,Marina South,Partner,Medium,Household,286.02,0,0
ENQ-06420,2025-04-08,Geylang,Meta Ads,Small,Relocation,197.5,0,1
ENQ-06421,2025-06-25,Jurong East,Google Search,Locker,Household,99.29,0,0
ENQ-06422,2025-02-02,Museum,Organic,Small,Household,204.05,0,0
ENQ-06423,2025-06-06,Toa Payoh,Meta Ads,Medium,SME,310.6,0,0
ENQ-06424,2025-06-03,Tanglin,Google Search,Large,SME,444.38,0,0
ENQ-06425,2025-07-19,Simpang,Walk-in,Locker,Household,100.56,0,0
ENQ-06426,2025-02-08,Pioneer,Walk-in,Small,Household,171.83,0,0
ENQ-06427,2025-05-21,Bedok,Referral,Locker,E-commerce,89.11,0,0
ENQ-06428,2025-11-16,Changi Bay,Partner,Small,Household,205.63,1,0
ENQ-06429,2025-05-09,Museum,Referral,Medium,Student/Expats,268.06,1,0
ENQ-06430,2025-09-10,Bukit Batok,Organic,Large,E-commerce,467.61,0,0
ENQ-06431,2025-07-09,Marine Parade,Referral,Small,E-commerce,205.66,1,0
ENQ-06432,2025-12-14,Tengah,Meta Ads,Small,SME,196.23,0,0
ENQ-06433,2025-01-28,Southern Islands,Organic,Large,Household,516.89,0,0
ENQ-06434,2025-09-14,Southern Islands,Google Search,Medium,Household,305.39,0,0
ENQ-06435,2025-07-14,Tampines,Google Search,Medium,Household,291.77,1,0
ENQ-06436,2025-07-22,Bukit Batok,Partner,Small,Household,164.5,1,0
ENQ-06437,2025-07-28,Jurong West,Google Search,Large,SME,506.46,1,0
ENQ-06438,2025-07-21,Pasir Ris,Google Search,Small,Household,167.05,0,0
ENQ-06439,2025-02-28,Tuas,Partner,Small,Household,173.18,0,0
ENQ-06440,2025-07-30,Bedok,Walk-in,Small,Household,194.72,0,0
ENQ-06441,2025-01-18,Bukit Panjang,Walk-in,Medium,Household,303.06,0,0
ENQ-06442,2025-01-31,Toa Payoh,Referral,Small,SME,189.48,0,0
ENQ-06443,2025-08-02,Jurong West,Google Search,Small,Household,193.48,0,0
ENQ-06444,2025-10-19,Tanglin,Organic,Large,Relocation,450.76,0,0
ENQ-06445,2025-01-02,Queenstown,Google Search,Small,E-commerce,195.13,0,0
ENQ-06446,2025-06-14,Sungei Kadut,Organic,Medium,Household,278.84,0,0
ENQ-06447,2025-05-05,Changi,Meta Ads,Locker,Household,90.28,0,0
ENQ-06448,2025-08-27,Woodlands,Partner,Small,Household,205.44,0,0
ENQ-06449,2025-09-28,Sembawang,Partner,Small,Household,163.41,0,0
ENQ-06450,2025-12-18,Rochor,Walk-in,Locker,E-commerce,89.66,1,0
ENQ-06451,2025-01-06,Toa Payoh,Partner,Large,Household,475.53,0,0
ENQ-06452,2025-08-10,Jurong West,Referral,Large,SME,482.84,0,0
ENQ-06453,2025-01-16,Sungei Kadut,Organic,Small,SME,191.11,0,0
ENQ-06454,2025-12-03,Lim Chu Kang,Partner,Small,Household,200.67,1,1
ENQ-06455,2025-10-25,Hougang,Meta Ads,Locker,Student/Expats,85.55,0,0
ENQ-06456,2025-06-17,Punggol,Walk-in,Small,Household,191.64,0,0
ENQ-06457,2025-06-23,Seletar,Google Search,Locker,Relocation,96.7,0,0
ENQ-06458,2025-04-27,Marine Parade,Meta Ads,Small,Household,183.89,0,0
ENQ-06459,2025-02-01,Yishun,Walk-in,Small,Household,201.99,0,0
ENQ-06460,2025-06-05,Straits View,Walk-in,Small,Household,198.03,1,0
ENQ-06461,2025-11-05,Ang Mo Kio,Partner,Small,SME,196.3,0,0
ENQ-06462,2025-10-22,Ang Mo Kio,Meta Ads,Small,Household,162.16,0,0
ENQ-06463,2025-06-30,Outram,Partner,Medium,SME,319.79,0,0
ENQ-06464,2025-10-28,Changi,Meta Ads,Small,E-commerce,190.3,0,0
ENQ-06465,2025-06-10,Changi Bay,Meta Ads,Small,Relocation,170.67,0,0
ENQ-06466,2025-06-18,Central Water Catchment,Walk-in,Locker,Relocation,91.87,0,0
ENQ-06467,2025-02-19,Bukit Batok,Organic,Locker,Household,83.66,0,0
ENQ-06468,2025-05-09,Western Water Catchment,Partner,Small,Household,163.99,1,0
ENQ-06469,2025-11-23,Pasir Ris,Google Search,Small,SME,205.16,1,0
ENQ-06470,2025-08-13,Seletar,Google Search,Locker,Relocation,83.71,0,0
ENQ-06471,2025-04-17,Tanglin,Referral,Small,Household,193.81,0,0
ENQ-06472,2025-04-24,Ang Mo Kio,Walk-in,Small,E-commerce,170.27,0,0
ENQ-06473,2025-02-15,Marina South,Organic,Medium,Household,270.19,0,0
ENQ-06474,2025-03-30,Central Water Catchment,Walk-in,Small,SME,174.59,0,0
ENQ-06475,2025-07-30,Orchard,Walk-in,Medium,Household,262.31,0,0
ENQ-06476,2025-12-02,Clementi,Organic,Small,Student/Expats,195.1,1,1
ENQ-06477,2025-08-22,Hougang,Referral,Small,Household,206.41,1,0
ENQ-06478,2025-08-10,Punggol,Organic,Small,Household,193.37,0,0
ENQ-06479,2025-11-22,Marina South,Organic,Small,Household,191.57,0,0
ENQ-06480,2025-04-11,Changi Bay,Walk-in,Small,SME,170.24,1,0
ENQ-06481,2025-03-21,Tanglin,Meta Ads,Small,E-commerce,199.08,0,0
ENQ-06482,2025-11-30,Western Water Catchment,Walk-in,Locker,Household,98.86,1,0
ENQ-06483,2025-02-25,Novena,Meta Ads,Locker,Household,85.2,0,0
ENQ-06484,2025-06-30,Tuas,Walk-in,Medium,Household,285.19,0,0
ENQ-06485,2025-09-23,Tuas,Organic,Small,SME,206.66,0,0
ENQ-06486,2025-05-27,Jurong West,Google Search,Small,Household,206.29,0,0
ENQ-06487,2025-02-03,Woodlands,Google Search,Small,Household,174.05,1,0
ENQ-06488,2025-12-11,Orchard,Organic,Small,Household,189.09,0,0
ENQ-06489,2025-04-25,Museum,Partner,Small,Household,205.49,0,0
ENQ-06490,2025-11-26,Western Water Catchment,Referral,Small,Student/Expats,173.08,0,0
ENQ-06491,2025-09-24,Ang Mo Kio,Referral,Small,E-commerce,182.56,1,0
ENQ-06492,2025-06-23,Novena,Meta Ads,Medium,Household,293.92,0,0
ENQ-06493,2025-11-02,Museum,Google Search,Small,Household,170.71,0,0
ENQ-06494,2025-08-08,Boon Lay,Walk-in,Medium,SME,301.29,0,0
ENQ-06495,2025-07-13,Bukit Timah,Referral,Medium,Household,291.59,1,0
ENQ-06496,2025-08-16,Western Water Catchment,Google Search,Locker,Household,91.98,0,0
ENQ-06497,2025-08-24,Seletar,Google Search,Small,E-commerce,173.12,0,1
ENQ-06498,2025-02-04,Hougang,Meta Ads,Medium,Household,267.59,0,0
ENQ-06499,2025-07-04,Kallang,Walk-in,Locker,Household,98.77,0,0
ENQ-06500,2025-10-28,Central Water Catchment,Google Search,Medium,E-commerce,314.67,0,0
ENQ-06501,2025-01-20,Mandai,Meta Ads,Small,Relocation,175.88,0,1
ENQ-06502,2025-07-24,Ang Mo Kio,Google Search,Locker,E-commerce,97.85,0,0
ENQ-06503,2025-01-30,Bishan,Meta Ads,Large,E-commerce,429.47,0,0
ENQ-06504,2025-01-04,Downtown Core,Walk-in,Locker,Household,84.82,0,0
ENQ-06505,2025-03-02,Mandai,Google Search,Locker,SME,102.15,0,0
ENQ-06506,2025-10-28,Tampines,Partner,Large,SME,517.02,0,0
ENQ-06507,2025-05-07,North-Eastern Islands,Organic,Medium,Student/Expats,331.57,0,0
ENQ-06508,2025-02-24,Hougang,Google Search,Small,Household,199.61,0,0
ENQ-06509,2025-07-11,Seletar,Meta Ads,Medium,Student/Expats,269.57,0,0
ENQ-06510,2025-01-22,Boon Lay,Meta Ads,Locker,Relocation,82.84,0,0
ENQ-06511,2025-09-02,Straits View,Walk-in,Small,SME,169.64,0,0
ENQ-06512,2025-08-21,Tengah,Walk-in,Medium,Household,306.67,0,0
ENQ-06513,2025-08-28,Museum,Organic,Large,Household,470.39,0,0
ENQ-06514,2025-08-26,Western Water Catchment,Google Search,Small,Household,162.94,0,0
ENQ-06515,2025-12-30,Pasir Ris,Organic,Small,Household,183.66,1,1
ENQ-06516,2025-08-28,Marina East,Organic,Medium,Household,262.43,0,0
ENQ-06517,2025-08-24,Downtown Core,Walk-in,Medium,Student/Expats,306.22,1,0
ENQ-06518,2025-03-03,River Valley,Organic,Locker,Household,84.62,1,0
ENQ-06519,2025-10-14,Queenstown,Organic,Medium,Household,271.4,0,0
ENQ-06520,2025-10-10,Sungei Kadut,Google Search,Small,SME,166.91,1,0
ENQ-06521,2025-09-06,Pioneer,Referral,Medium,Relocation,330.71,0,0
ENQ-06522,2025-06-20,Bukit Panjang,Google Search,Small,Household,168.38,0,0
ENQ-06523,2025-09-14,Sengkang,Google Search,Medium,SME,289.36,1,0
ENQ-06524,2025-02-26,Yishun,Organic,Small,Household,190.04,0,0
ENQ-06525,2025-03-08,Changi,Organic,Small,Household,203.99,0,0
ENQ-06526,2025-07-03,Novena,Organic,Medium,Relocation,275.53,0,0
ENQ-06527,2025-11-09,Ang Mo Kio,Meta Ads,Small,E-commerce,205.15,0,0
ENQ-06528,2025-12-19,Western Water Catchment,Organic,Small,Household,177.22,1,0
ENQ-06529,2025-01-17,Bishan,Google Search,Large,SME,515.05,0,0
ENQ-06530,2025-01-06,Novena,Google Search,Small,Student/Expats,203.79,0,0
ENQ-06531,2025-03-18,Outram,Referral,Small,Household,184.1,0,0
ENQ-06532,2025-10-21,Rochor,Organic,Small,Household,191.94,0,0
ENQ-06533,2025-04-07,River Valley,Meta Ads,Medium,E-commerce,262.89,0,0
ENQ-06534,2025-01-24,Boon Lay,Organic,Large,SME,466.16,0,0
ENQ-06535,2025-04-14,Punggol,Google Search,Medium,SME,292.57,1,0
ENQ-06536,2025-08-08,Bukit Timah,Partner,Medium,Household,297.4,1,0
ENQ-06537,2025-06-11,Seletar,Google Search,Small,SME,172.0,1,0
ENQ-06538,2025-02-05,Museum,Walk-in,Large,E-commerce,511.58,0,0
ENQ-06539,2025-12-09,Marina South,Partner,Small,Household,190.11,1,0
ENQ-06540,2025-12-06,Bukit Panjang,Meta Ads,Medium,Relocation,322.2,0,0
ENQ-06541,2025-10-31,Kallang,Meta Ads,Small,Household,202.72,0,0
ENQ-06542,2025-03-16,Punggol,Organic,Locker,SME,88.41,0,0
ENQ-06543,2025-10-23,Lim Chu Kang,Google Search,Small,Relocation,168.12,0,0
ENQ-06544,2025-03-17,Jurong West,Walk-in,Small,E-commerce,189.23,0,0
ENQ-06545,2025-08-30,Punggol,Google Search,Medium,Household,330.44,0,0
ENQ-06546,2025-10-22,Sengkang,Google Search,Medium,Student/Expats,320.32,0,0
ENQ-06547,2025-08-07,Straits View,Referral,Locker,Household,100.46,0,0
ENQ-06548,2025-07-21,Sembawang,Google Search,Medium,SME,286.23,1,1
ENQ-06549,2025-11-12,Bukit Panjang,Organic,Medium,Household,332.47,0,0
ENQ-06550,2025-05-03,Singapore River,Meta Ads,Small,Household,176.27,0,0
ENQ-06551,2025-09-08,Downtown Core,Partner,Small,Household,200.34,0,0
ENQ-06552,2025-04-26,Sungei Kadut,Walk-in,Locker,SME,96.64,0,0
ENQ-06553,2025-03-24,Marina South,Referral,Medium,Relocation,269.57,0,0
ENQ-06554,2025-10-01,Tengah,Referral,Medium,Relocation,282.79,0,0
ENQ-06555,2025-08-08,Clementi,Meta Ads,Medium,Household,274.15,1,0
ENQ-06556,2025-05-25,Outram,Meta Ads,Small,Household,175.35,0,0
ENQ-06557,2025-05-07,Bukit Batok,Walk-in,Locker,Household,81.34,0,0
ENQ-06558,2025-03-04,Singapore River,Organic,Small,SME,171.54,0,0
ENQ-06559,2025-07-02,Woodlands,Organic,Small,E-commerce,196.19,0,0
ENQ-06560,2025-05-27,Bukit Batok,Organic,Small,Household,204.99,0,0
ENQ-06561,2025-06-02,Bukit Batok,Meta Ads,Small,E-commerce,180.54,1,0
ENQ-06562,2025-09-14,Woodlands,Meta Ads,Medium,Household,310.76,0,0
ENQ-06563,2025-11-12,Boon Lay,Partner,Large,SME,468.24,0,0
ENQ-06564,2025-08-20,Bedok,Meta Ads,Small,SME,188.08,0,0
ENQ-06565,2025-02-22,Museum,Google Search,Small,Relocation,168.17,0,0
ENQ-06566,2025-12-02,Kallang,Google Search,Locker,Relocation,87.31,0,0
ENQ-06567,2025-09-11,Yishun,Meta Ads,Large,SME,422.99,0,0
ENQ-06568,2025-01-07,Seletar,Walk-in,Small,Household,181.87,0,0
ENQ-06569,2025-10-05,Marina East,Google Search,Medium,Household,304.52,0,0
ENQ-06570,2025-11-21,North-Eastern Islands,Meta Ads,Small,Household,171.68,0,0
ENQ-06571,2025-06-21,Hougang,Google Search,Medium,Student/Expats,303.89,0,0
ENQ-06572,2025-09-23,Hougang,Google Search,Large,SME,442.67,1,1
ENQ-06573,2025-12-30,Sengkang,Google Search,Small,SME,199.4,0,0
ENQ-06574,2025-04-25,Pasir Ris,Google Search,Locker,Household,98.28,1,0
ENQ-06575,2025-01-08,North-Eastern Islands,Walk-in,Locker,Household,86.89,0,0
ENQ-06576,2025-08-30,Geylang,Walk-in,Small,SME,190.73,0,0
ENQ-06577,2025-12-11,Bedok,Google Search,Small,SME,183.02,1,0
ENQ-06578,2025-02-24,Singapore River,Walk-in,Medium,Household,295.28,0,0
ENQ-06579,2025-12-17,Kallang,Referral,Locker,E-commerce,84.97,1,0
ENQ-06580,2025-12-03,Straits View,Meta Ads,Small,Household,173.47,0,0
ENQ-06581,2025-09-29,Sembawang,Organic,Medium,SME,281.23,1,0
ENQ-06582,2025-04-30,Kallang,Google Search,Medium,Household,269.09,1,0
ENQ-06583,2025-10-16,Ang Mo Kio,Organic,Medium,Student/Expats,271.55,1,0
ENQ-06584,2025-08-28,Pasir Ris,Organic,Small,E-commerce,201.06,0,0
ENQ-06585,2025-10-10,Singapore River,Google Search,Small,Household,191.29,1,0
ENQ-06586,2025-09-16,Bedok,Google Search,Small,E-commerce,205.22,0,0
ENQ-06587,2025-10-24,Choa Chu Kang,Meta Ads,Medium,Household,294.37,1,0
ENQ-06588,2025-01-08,Lim Chu Kang,Organic,Medium,SME,262.16,1,0
ENQ-06589,2025-07-09,Marina East,Organic,Medium,SME,312.46,0,0
ENQ-06590,2025-08-29,Bukit Batok,Google Search,Medium,Household,298.77,0,0
ENQ-06591,2025-10-16,Downtown Core,Meta Ads,Small,Household,188.78,0,0
ENQ-06592,2025-11-28,Changi Bay,Referral,Medium,SME,270.34,0,0
ENQ-06593,2025-08-08,Marina South,Google Search,Medium,Household,297.14,0,0
ENQ-06594,2025-06-16,Marina East,Google Search,Medium,E-commerce,296.9,0,0
ENQ-06595,2025-01-17,Bukit Timah,Meta Ads,Small,Student/Expats,180.77,0,0
ENQ-06596,2025-11-02,Tengah,Organic,Medium,Household,304.7,0,0
ENQ-06597,2025-11-20,Serangoon,Partner,Small,SME,185.35,0,0
ENQ-06598,2025-07-31,Serangoon,Meta Ads,Small,E-commerce,202.83,0,0
ENQ-06599,2025-06-27,Bukit Panjang,Partner,Medium,Student/Expats,325.04,1,0
ENQ-06600,2025-12-12,Southern Islands,Google Search,Medium,SME,304.45,1,0
ENQ-06601,2025-12-15,Bukit Timah,Google Search,Small,Household,173.53,1,0
ENQ-06602,2025-10-19,River Valley,Organic,Medium,Household,299.52,0,0
ENQ-06603,2025-02-03,Bukit Timah,Meta Ads,Small,E-commerce,205.33,0,0
ENQ-06604,2025-02-09,Lim Chu Kang,Google Search,Small,Household,179.48,0,0
ENQ-06605,2025-09-20,Serangoon,Organic,Small,E-commerce,165.04,0,0
ENQ-06606,2025-12-28,Clementi,Walk-in,Large,SME,519.35,0,0
ENQ-06607,2025-07-19,Sengkang,Organic,Small,E-commerce,191.74,0,0
ENQ-06608,2025-08-18,Toa Payoh,Walk-in,Medium,SME,333.1,0,0
ENQ-06609,2025-07-01,Punggol,Organic,Medium,SME,281.62,0,0
ENQ-06610,2025-05-13,Lim Chu Kang,Google Search,Small,Relocation,194.05,1,0
ENQ-06611,2025-09-11,Ang Mo Kio,Organic,Medium,Household,316.56,0,0
ENQ-06612,2025-07-17,Bukit Merah,Google Search,Medium,SME,317.98,1,0
ENQ-06613,2025-01-08,Seletar,Referral,Large,SME,422.76,0,0
ENQ-06614,2025-06-21,Tanglin,Meta Ads,Large,Household,443.92,0,0
ENQ-06615,2025-12-15,Singapore River,Organic,Small,Student/Expats,202.14,0,0
ENQ-06616,2025-11-24,Seletar,Organic,Small,Student/Expats,180.97,0,0
ENQ-06617,2025-04-22,Orchard,Referral,Small,Student/Expats,199.54,0,0
ENQ-06618,2025-09-24,Woodlands,Meta Ads,Locker,Household,92.24,0,0
ENQ-06619,2025-08-12,Western Water Catchment,Organic,Locker,Student/Expats,102.89,0,0
ENQ-06620,2025-02-17,Western Water Catchment,Referral,Medium,Student/Expats,332.63,1,0
ENQ-06621,2025-07-29,Woodlands,Meta Ads,Small,E-commerce,173.37,1,0
ENQ-06622,2025-11-09,North-Eastern Islands,Organic,Large,SME,504.04,1,0
ENQ-06623,2025-06-10,Clementi,Referral,Small,SME,195.47,0,0
ENQ-06624,2025-12-24,Pioneer,Walk-in,Small,SME,176.62,0,0
ENQ-06625,2025-09-30,Jurong East,Google Search,Medium,Household,289.37,1,0
ENQ-06626,2025-04-01,Clementi,Organic,Medium,SME,327.09,1,0
ENQ-06627,2025-12-20,Toa Payoh,Google Search,Small,Household,167.49,0,0
ENQ-06628,2025-06-19,Tuas,Walk-in,Medium,SME,273.15,0,0
ENQ-06629,2025-04-09,Yishun,Google Search,Large,Household,487.98,1,0
ENQ-06630,2025-10-21,Downtown Core,Referral,Medium,Relocation,263.5,0,0
ENQ-06631,2025-01-21,Woodlands,Walk-in,Small,E-commerce,178.3,0,0
ENQ-06632,2025-01-04,Yishun,Google Search,Medium,Household,282.1,0,1
ENQ-06633,2025-01-08,Pasir Ris,Organic,Small,Household,190.3,0,0
ENQ-06634,2025-05-13,Yishun,Organic,Small,E-commerce,205.09,0,0
ENQ-06635,2025-02-10,Lim Chu Kang,Walk-in,Medium,Household,282.64,0,0
ENQ-06636,2025-08-11,Simpang,Google Search,Small,Household,176.11,1,0
ENQ-06637,2025-11-09,Lim Chu Kang,Organic,Locker,Household,102.6,0,0
ENQ-06638,2025-07-08,Bukit Timah,Walk-in,Medium,Household,301.54,0,0
ENQ-06639,2025-04-04,Queenstown,Meta Ads,Small,Household,181.14,0,0
ENQ-06640,2025-07-30,Downtown Core,Organic,Small,SME,187.53,0,0
ENQ-06641,2025-03-08,Tanglin,Meta Ads,Small,Student/Expats,187.15,0,0
ENQ-06642,2025-11-05,Changi,Organic,Locker,Household,99.72,0,0
ENQ-06643,2025-04-01,Central Water Catchment,Meta Ads,Locker,Household,103.37,0,0
ENQ-06644,2025-01-24,Bishan,Partner,Medium,Household,284.79,0,0
ENQ-06645,2025-03-17,Boon Lay,Google Search,Medium,SME,307.87,0,0
ENQ-06646,2025-01-05,Hougang,Meta Ads,Small,Relocation,192.79,0,0
ENQ-06647,2025-04-03,Southern Islands,Google Search,Locker,Relocation,84.85,0,0
ENQ-06648,2025-09-02,Central Water Catchment,Google Search,Large,Household,484.92,0,0
ENQ-06649,2025-07-29,Punggol,Meta Ads,Medium,SME,276.82,0,0
ENQ-06650,2025-01-05,River Valley,Organic,Medium,Household,316.7,1,0
ENQ-06651,2025-07-28,Simpang,Walk-in,Small,Household,189.01,0,0
ENQ-06652,2025-04-12,Bukit Merah,Meta Ads,Small,Household,188.71,0,0
ENQ-06653,2025-12-30,North-Eastern Islands,Organic,Medium,Household,309.43,0,0
ENQ-06654,2025-03-06,Marina East,Referral,Locker,Household,92.25,0,0
ENQ-06655,2025-01-01,Simpang,Organic,Medium,Household,332.6,0,0
ENQ-06656,2025-10-04,Bukit Panjang,Organic,Large,Household,484.68,0,0
ENQ-06657,2025-03-24,Geylang,Google Search,Locker,E-commerce,101.13,1,0
ENQ-06658,2025-06-14,Woodlands,Referral,Large,SME,421.77,1,0
ENQ-06659,2025-08-14,Changi,Walk-in,Medium,Student/Expats,314.78,0,0
ENQ-06660,2025-11-04,Queenstown,Organic,Locker,SME,92.73,0,0
ENQ-06661,2025-01-31,Kallang,Google Search,Locker,Household,86.63,0,0
ENQ-06662,2025-10-13,Tanglin,Walk-in,Locker,E-commerce,91.47,0,0
ENQ-06663,2025-01-15,Rochor,Google Search,Small,Household,165.72,1,0
ENQ-06664,2025-03-02,Lim Chu Kang,Partner,Medium,Household,303.83,0,0
ENQ-06665,2025-01-14,Bedok,Meta Ads,Small,Household,198.91,1,0
ENQ-06666,2025-04-21,Bukit Merah,Partner,Medium,SME,269.71,0,0
ENQ-06667,2025-06-09,Changi,Organic,Medium,Student/Expats,317.43,0,0
ENQ-06668,2025-08-12,Straits View,Google Search,Medium,SME,269.8,0,0
ENQ-06669,2025-10-09,North-Eastern Islands,Referral,Small,Household,190.12,1,0
ENQ-06670,2025-03-31,Novena,Google Search,Small,Household,204.29,0,0
ENQ-06671,2025-06-01,Bishan,Partner,Small,Household,192.03,0,0
ENQ-06672,2025-07-21,Serangoon,Meta Ads,Medium,Household,329.07,0,0
ENQ-06673,2025-05-19,Pasir Ris,Meta Ads,Small,E-commerce,198.65,0,0
ENQ-06674,2025-04-04,Marina East,Organic,Locker,Student/Expats,100.48,1,0
ENQ-06675,2025-01-10,Sungei Kadut,Google Search,Locker,Relocation,91.38,0,0
ENQ-06676,2025-11-28,Southern Islands,Meta Ads,Medium,Relocation,278.41,1,0
ENQ-06677,2025-01-25,Yishun,Organic,Locker,Household,101.81,0,0
ENQ-06678,2025-12-02,Jurong West,Walk-in,Locker,E-commerce,81.79,1,0
ENQ-06679,2025-11-18,Seletar,Meta Ads,Large,Relocation,513.31,0,0
ENQ-06680,2025-02-13,Tengah,Meta Ads,Small,SME,175.36,0,0
ENQ-06681,2025-11-04,Museum,Google Search,Small,Household,198.39,1,0
ENQ-06682,2025-08-15,Sungei Kadut,Meta Ads,Medium,E-commerce,287.23,1,0
ENQ-06683,2025-04-25,Straits View,Google Search,Small,SME,186.77,0,0
ENQ-06684,2025-11-22,Tengah,Google Search,Small,Relocation,198.59,1,1
ENQ-06685,2025-07-23,Bukit Panjang,Google Search,Locker,Student/Expats,101.5,0,0
ENQ-06686,2025-03-04,Boon Lay,Referral,Medium,E-commerce,329.88,0,0
ENQ-06687,2025-06-14,Kallang,Organic,Small,SME,185.92,1,0
ENQ-06688,2025-01-01,Marine Parade,Referral,Large,Relocation,476.33,0,0
ENQ-06689,2025-11-02,Bukit Batok,Referral,Locker,Household,97.61,0,0
ENQ-06690,2025-11-14,Bukit Panjang,Walk-in,Medium,E-commerce,316.2,0,0
ENQ-06691,2025-11-12,Simpang,Meta Ads,Locker,Household,97.63,0,0
ENQ-06692,2025-04-05,Outram,Partner,Medium,E-commerce,264.76,0,0
ENQ-06693,2025-12-09,Orchard,Organic,Medium,SME,304.46,1,1
ENQ-06694,2025-11-13,Museum,Organic,Locker,Household,84.69,1,0
ENQ-06695,2025-08-01,River Valley,Organic,Small,Household,186.02,0,0
ENQ-06696,2025-11-19,Woodlands,Google Search,Large,Household,520.38,0,0
ENQ-06697,2025-11-10,Kallang,Organic,Medium,Student/Expats,324.33,0,0
ENQ-06698,2025-04-06,Punggol,Referral,Small,Household,191.97,0,0
ENQ-06699,2025-11-28,Novena,Organic,Medium,Household,316.52,0,0
ENQ-06700,2025-03-06,Marina East,Referral,Locker,Household,92.45,0,0
ENQ-06701,2025-05-15,Changi Bay,Google Search,Small,Relocation,175.6,0,0
ENQ-06702,2025-05-29,Marine Parade,Meta Ads,Small,Household,182.19,0,0
ENQ-06703,2025-10-24,Rochor,Google Search,Small,Household,172.94,0,0
ENQ-06704,2025-06-15,Western Water Catchment,Referral,Locker,Household,95.95,0,0
ENQ-06705,2025-06-25,Queenstown,Google Search,Locker,Household,87.03,0,0
ENQ-06706,2025-07-03,Choa Chu Kang,Walk-in,Medium,Household,298.41,0,0
ENQ-06707,2025-06-11,Geylang,Walk-in,Small,Relocation,190.69,0,0
ENQ-06708,2025-11-07,Straits View,Meta Ads,Medium,Household,261.76,0,0
ENQ-06709,2025-09-04,Straits View,Walk-in,Medium,SME,286.94,0,0
ENQ-06710,2025-07-05,Lim Chu Kang,Meta Ads,Small,Household,182.11,0,0
ENQ-06711,2025-03-18,Lim Chu Kang,Google Search,Locker,SME,98.9,1,0
ENQ-06712,2025-03-09,Marina South,Google Search,Medium,Student/Expats,304.23,0,0
ENQ-06713,2025-02-11,Ang Mo Kio,Meta Ads,Small,Household,169.96,1,0
ENQ-06714,2025-12-19,Queenstown,Organic,Small,Relocation,193.86,0,0
ENQ-06715,2025-08-19,Pioneer,Meta Ads,Medium,Household,310.32,0,0
ENQ-06716,2025-10-13,Western Water Catchment,Referral,Small,Household,169.02,0,0
ENQ-06717,2025-08-02,Boon Lay,Referral,Small,Household,197.91,0,0
ENQ-06718,2025-06-12,Sengkang,Partner,Large,SME,438.58,1,0
ENQ-06719,2025-01-08,Bukit Timah,Referral,Medium,Household,294.99,1,0
ENQ-06720,2025-04-17,Boon Lay,Google Search,Small,SME,181.26,0,0
ENQ-06721,2025-01-31,Rochor,Meta Ads,Small,Student/Expats,184.25,0,0
ENQ-06722,2025-04-10,Pasir Ris,Partner,Medium,Household,288.08,0,0
ENQ-06723,2025-08-24,Ang Mo Kio,Google Search,Medium,SME,315.22,0,0
ENQ-06724,2025-07-10,Museum,Meta Ads,Small,Household,186.75,0,0
ENQ-06725,2025-03-30,Sengkang,Partner,Large,Relocation,471.65,0,0
ENQ-06726,2025-07-24,Pioneer,Google Search,Medium,Household,302.77,0,0
ENQ-06727,2025-04-23,Museum,Walk-in,Medium,Household,296.56,0,0
ENQ-06728,2025-10-11,Newton,Google Search,Small,Relocation,162.6,0,0
ENQ-06729,2025-08-03,Marine Parade,Organic,Small,Household,179.17,0,0
ENQ-06730,2025-04-18,Singapore River,Partner,Medium,Household,281.2,0,0
ENQ-06731,2025-05-06,Seletar,Google Search,Locker,Relocation,85.09,0,0
ENQ-06732,2025-02-10,Sembawang,Meta Ads,Large,Relocation,473.25,0,0
ENQ-06733,2025-03-13,Serangoon,Partner,Small,Student/Expats,205.21,0,0
ENQ-06734,2025-05-15,Orchard,Google Search,Medium,E-commerce,308.02,1,0
ENQ-06735,2025-06-06,Serangoon,Google Search,Large,Household,521.6,1,0
ENQ-06736,2025-08-30,Marina East,Meta Ads,Small,SME,204.84,1,0
ENQ-06737,2025-07-14,Western Water Catchment,Google Search,Small,Household,197.1,0,0
ENQ-06738,2025-06-21,Queenstown,Google Search,Medium,Household,270.03,0,0
ENQ-06739,2025-08-21,Bukit Batok,Partner,Large,SME,422.11,0,0
ENQ-06740,2025-03-17,Singapore River,Google Search,Small,Household,188.36,0,0
ENQ-06741,2025-10-23,Marina South,Organic,Small,SME,172.18,0,0
ENQ-06742,2025-10-20,Rochor,Referral,Locker,Household,88.97,1,0
ENQ-06743,2025-09-14,Geylang,Google Search,Large,Household,489.96,0,0
ENQ-06744,2025-09-12,Orchard,Partner,Large,Relocation,495.33,0,0
ENQ-06745,2025-01-04,Sungei Kadut,Google Search,Small,Household,187.75,0,0
ENQ-06746,2025-01-18,North-Eastern Islands,Partner,Large,SME,478.0,0,0
ENQ-06747,2025-04-11,Yishun,Organic,Medium,E-commerce,286.54,0,0
ENQ-06748,2025-08-17,Tuas,Meta Ads,Small,SME,162.99,1,0
ENQ-06749,2025-02-02,Pioneer,Organic,Small,Household,166.06,0,0
ENQ-06750,2025-10-07,Changi Bay,Partner,Medium,Household,304.43,0,0
ENQ-06751,2025-12-07,Western Water Catchment,Google Search,Medium,Student/Expats,268.81,0,0
ENQ-06752,2025-09-12,North-Eastern Islands,Organic,Small,Household,204.89,1,0
ENQ-06753,2025-06-04,Central Water Catchment,Organic,Small,Student/Expats,206.44,0,0
ENQ-06754,2025-03-26,Choa Chu Kang,Partner,Small,Student/Expats,195.97,0,0
ENQ-06755,2025-06-26,Marina East,Organic,Locker,Household,97.02,0,0
ENQ-06756,2025-06-30,Marina South,Meta Ads,Locker,Relocation,86.72,0,0
ENQ-06757,2025-04-24,Central Water Catchment,Walk-in,Large,Household,422.33,0,0
ENQ-06758,2025-08-01,Mandai,Organic,Medium,Student/Expats,266.1,0,0
ENQ-06759,2025-07-15,Central Water Catchment,Referral,Locker,Student/Expats,86.3,0,0
ENQ-06760,2025-10-04,Geylang,Google Search,Locker,Household,88.71,0,0
ENQ-06761,2025-02-21,Museum,Google Search,Small,Household,172.13,0,0
ENQ-06762,2025-12-03,Sengkang,Referral,Locker,SME,88.76,0,0
ENQ-06763,2025-07-24,Punggol,Google Search,Large,Household,425.64,0,0
ENQ-06764,2025-08-24,Toa Payoh,Google Search,Small,E-commerce,172.35,0,0
ENQ-06765,2025-12-13,Jurong East,Google Search,Small,Household,175.46,0,0
ENQ-06766,2025-05-27,Jurong West,Organic,Locker,Student/Expats,84.54,0,0
ENQ-06767,2025-06-03,Kallang,Meta Ads,Medium,Student/Expats,332.12,0,0
ENQ-06768,2025-12-15,Jurong East,Organic,Locker,Household,97.32,1,0
ENQ-06769,2025-10-15,Simpang,Google Search,Medium,Household,268.63,0,0
ENQ-06770,2025-12-06,Newton,Organic,Locker,Household,98.4,0,0
ENQ-06771,2025-12-10,North-Eastern Islands,Organic,Medium,SME,318.12,0,0
ENQ-06772,2025-12-02,Woodlands,Referral,Medium,Household,286.53,0,0
ENQ-06773,2025-12-01,Southern Islands,Google Search,Medium,Household,321.65,1,0
ENQ-06774,2025-11-28,Seletar,Google Search,Medium,Household,266.61,1,0
ENQ-06775,2025-05-09,Sengkang,Walk-in,Locker,SME,95.13,1,0
ENQ-06776,2025-05-19,Tengah,Google Search,Small,Household,184.75,0,0
ENQ-06777,2025-02-14,Bukit Panjang,Google Search,Small,E-commerce,195.73,0,0
ENQ-06778,2025-05-24,Bishan,Google Search,Medium,Household,266.01,1,0
ENQ-06779,2025-11-25,Pasir Ris,Google Search,Medium,Household,297.09,0,0
ENQ-06780,2025-01-30,Downtown Core,Referral,Medium,Household,291.29,0,0
ENQ-06781,2025-06-23,Pasir Ris,Google Search,Locker,Student/Expats,94.89,0,0
ENQ-06782,2025-09-07,Downtown Core,Organic,Locker,Household,91.42,0,0
ENQ-06783,2025-01-02,Seletar,Walk-in,Medium,Household,330.53,1,0
ENQ-06784,2025-07-02,Rochor,Organic,Locker,Household,83.15,0,0
ENQ-06785,2025-04-08,Ang Mo Kio,Meta Ads,Small,Household,181.98,0,0
ENQ-06786,2025-08-04,Central Water Catchment,Meta Ads,Large,Household,491.03,0,0
ENQ-06787,2025-11-30,Marine Parade,Referral,Locker,E-commerce,82.15,0,0
ENQ-06788,2025-04-25,Pasir Ris,Google Search,Small,Household,169.24,1,0
ENQ-06789,2025-06-27,Sungei Kadut,Google Search,Medium,Household,266.63,0,0
ENQ-06790,2025-04-18,Downtown Core,Google Search,Small,Household,162.34,0,0
ENQ-06791,2025-06-29,North-Eastern Islands,Google Search,Medium,SME,279.61,0,0
ENQ-06792,2025-12-28,Bishan,Organic,Small,Household,192.73,0,0
ENQ-06793,2025-10-18,Queenstown,Organic,Medium,Household,281.03,0,0
ENQ-06794,2025-11-22,Tampines,Meta Ads,Large,Relocation,516.58,0,0
ENQ-06795,2025-01-02,Sembawang,Meta Ads,Small,Household,167.5,0,0
ENQ-06796,2025-04-16,Sengkang,Walk-in,Small,Student/Expats,204.37,0,0
ENQ-06797,2025-06-23,Rochor,Google Search,Medium,Student/Expats,329.13,0,0
ENQ-06798,2025-08-03,Tampines,Meta Ads,Medium,Student/Expats,314.34,0,0
ENQ-06799,2025-07-16,Novena,Organic,Medium,Student/Expats,309.5,0,0
ENQ-06800,2025-10-27,Newton,Google Search,Medium,Household,267.74,0,0
ENQ-06801,2025-11-18,Orchard,Referral,Small,Household,163.45,0,0
ENQ-06802,2025-11-06,Bishan,Walk-in,Small,Student/Expats,197.06,0,0
ENQ-06803,2025-11-20,Marina South,Partner,Locker,E-commerce,87.06,0,0
ENQ-06804,2025-12-27,Newton,Walk-in,Medium,Student/Expats,319.74,0,1
ENQ-06805,2025-02-23,Downtown Core,Organic,Small,Household,199.64,0,0
ENQ-06806,2025-04-22,Bukit Merah,Meta Ads,Locker,Relocation,101.55,0,0
ENQ-06807,2025-07-24,Boon Lay,Referral,Large,SME,492.48,1,1
ENQ-06808,2025-12-01,Central Water Catchment,Meta Ads,Locker,Relocation,88.15,0,0
ENQ-06809,2025-02-18,Western Water Catchment,Google Search,Medium,Household,313.2,0,0
ENQ-06810,2025-11-19,Geylang,Google Search,Large,Household,438.18,0,0
ENQ-06811,2025-04-18,Bukit Merah,Google Search,Locker,E-commerce,90.91,0,0
ENQ-06812,2025-05-18,Novena,Meta Ads,Medium,Household,277.02,0,0
ENQ-06813,2025-09-05,Lim Chu Kang,Meta Ads,Locker,SME,98.0,1,0
ENQ-06814,2025-12-05,Ang Mo Kio,Organic,Medium,Household,301.35,1,0
ENQ-06815,2025-04-08,Tanglin,Google Search,Medium,Household,311.84,1,0
ENQ-06816,2025-04-24,Changi,Partner,Large,Household,512.6,0,0
ENQ-06817,2025-11-19,Sungei Kadut,Referral,Large,SME,493.52,0,0
ENQ-06818,2025-03-28,Changi Bay,Meta Ads,Medium,SME,298.69,0,0
ENQ-06819,2025-10-14,Bukit Timah,Partner,Medium,Student/Expats,270.16,0,0
ENQ-06820,2025-04-18,Seletar,Partner,Medium,E-commerce,263.89,0,0
ENQ-06821,2025-08-20,River Valley,Walk-in,Medium,Relocation,294.88,0,0
ENQ-06822,2025-02-23,Singapore River,Google Search,Locker,Household,100.13,0,0
ENQ-06823,2025-08-28,Tengah,Meta Ads,Large,Relocation,464.83,0,0
ENQ-06824,2025-02-23,Punggol,Referral,Large,E-commerce,525.36,0,0
ENQ-06825,2025-11-05,Marina South,Meta Ads,Medium,Household,269.08,0,0
ENQ-06826,2025-09-10,Bishan,Walk-in,Locker,Household,87.83,0,0
ENQ-06827,2025-09-20,Jurong East,Meta Ads,Medium,Household,299.08,0,0
ENQ-06828,2025-04-18,Marina East,Meta Ads,Large,E-commerce,448.04,0,0
ENQ-06829,2025-10-15,North-Eastern Islands,Google Search,Locker,E-commerce,91.84,0,0
ENQ-06830,2025-04-02,Sengkang,Google Search,Small,SME,171.11,0,0
ENQ-06831,2025-10-11,Bedok,Google Search,Locker,Household,86.7,1,0
ENQ-06832,2025-08-01,Jurong West,Meta Ads,Medium,E-commerce,309.41,0,0
ENQ-06833,2025-11-03,Marine Parade,Google Search,Large,Household,424.72,0,0
ENQ-06834,2025-04-03,Western Water Catchment,Walk-in,Large,SME,442.55,0,0
ENQ-06835,2025-12-20,Western Water Catchment,Walk-in,Medium,SME,325.95,0,0
ENQ-06836,2025-08-18,Sembawang,Organic,Small,Household,190.65,0,0
ENQ-06837,2025-05-04,Outram,Google Search,Medium,SME,285.85,0,0
ENQ-06838,2025-12-28,Bukit Batok,Google Search,Small,E-commerce,191.36,0,0
ENQ-06839,2025-06-08,North-Eastern Islands,Organic,Medium,Household,308.2,0,0
ENQ-06840,2025-09-01,Sembawang,Meta Ads,Locker,SME,89.9,0,0
ENQ-06841,2025-06-07,Orchard,Google Search,Locker,Household,97.04,1,1
ENQ-06842,2025-03-06,Serangoon,Meta Ads,Medium,Student/Expats,291.04,0,0
ENQ-06843,2025-12-28,Central Water Catchment,Meta Ads,Small,Household,198.84,0,0
ENQ-06844,2025-08-25,River Valley,Referral,Medium,Household,330.66,0,0
ENQ-06845,2025-05-01,Woodlands,Partner,Small,Student/Expats,204.3,1,1
ENQ-06846,2025-09-17,Bukit Panjang,Walk-in,Locker,Household,87.17,1,0
ENQ-06847,2025-01-27,Bedok,Partner,Small,Household,168.07,0,0
ENQ-06848,2025-08-31,Rochor,Google Search,Small,SME,203.75,0,0
ENQ-06849,2025-01-02,Bukit Merah,Referral,Medium,SME,318.17,0,0
ENQ-06850,2025-03-11,River Valley,Google Search,Large,SME,501.72,0,0
ENQ-06851,2025-01-14,Newton,Meta Ads,Locker,Household,89.38,0,0
ENQ-06852,2025-08-16,Yishun,Walk-in,Locker,Household,90.61,0,0
ENQ-06853,2025-07-30,Simpang,Google Search,Medium,Household,326.27,0,0
ENQ-06854,2025-11-17,River Valley,Meta Ads,Small,Relocation,165.45,1,0
ENQ-06855,2025-01-11,Tanglin,Google Search,Medium,Student/Expats,284.41,0,0
ENQ-06856,2025-08-12,Sengkang,Google Search,Small,SME,189.3,1,0
ENQ-06857,2025-07-07,Bishan,Meta Ads,Small,Household,183.16,0,0
ENQ-06858,2025-05-27,Hougang,Partner,Locker,E-commerce,92.84,0,0
ENQ-06859,2025-09-04,Pasir Ris,Referral,Locker,SME,92.63,0,0
ENQ-06860,2025-04-05,Newton,Google Search,Medium,SME,328.05,0,0
ENQ-06861,2025-07-12,Lim Chu Kang,Organic,Large,E-commerce,528.35,1,0
ENQ-06862,2025-01-28,Queenstown,Meta Ads,Small,Relocation,197.19,0,0
ENQ-06863,2025-09-10,Seletar,Google Search,Medium,Household,278.11,0,0
ENQ-06864,2025-12-13,River Valley,Meta Ads,Small,Household,194.87,0,0
ENQ-06865,2025-10-27,Singapore River,Google Search,Locker,SME,88.97,0,0
ENQ-06866,2025-04-02,Bukit Timah,Google Search,Medium,E-commerce,305.64,0,0
ENQ-06867,2025-08-09,Marine Parade,Walk-in,Medium,Household,306.27,0,0
ENQ-06868,2025-07-27,Choa Chu Kang,Organic,Medium,SME,327.54,0,0
ENQ-06869,2025-07-04,Punggol,Organic,Medium,Household,312.71,0,0
ENQ-06870,2025-01-15,Bukit Batok,Google Search,Small,Household,163.0,1,0
ENQ-06871,2025-08-08,Orchard,Organic,Medium,SME,294.05,0,0
ENQ-06872,2025-07-31,Bukit Merah,Google Search,Large,E-commerce,471.76,0,0
ENQ-06873,2025-04-27,Bukit Batok,Organic,Small,SME,164.18,0,1
ENQ-06874,2025-11-06,Lim Chu Kang,Referral,Small,Household,182.77,1,1
ENQ-06875,2025-10-01,Mandai,Google Search,Small,Student/Expats,192.47,0,0
ENQ-06876,2025-06-22,Singapore River,Organic,Small,Household,203.61,0,0
ENQ-06877,2025-05-09,Downtown Core,Organic,Large,SME,444.55,0,0
ENQ-06878,2025-07-02,Orchard,Google Search,Large,SME,500.37,0,0
ENQ-06879,2025-06-04,Pasir Ris,Google Search,Small,SME,191.49,0,0
ENQ-06880,2025-04-12,Simpang,Walk-in,Medium,Household,306.15,0,0
ENQ-06881,2025-11-30,Sengkang,Meta Ads,Small,SME,192.82,1,1
ENQ-06882,2025-11-01,Geylang,Meta Ads,Small,SME,168.43,0,0
ENQ-06883,2025-07-07,Lim Chu Kang,Meta Ads,Large,Student/Expats,457.42,0,0
ENQ-06884,2025-08-05,Seletar,Google Search,Small,Household,182.79,0,0
ENQ-06885,2025-10-14,Geylang,Referral,Locker,Student/Expats,101.73,0,0
ENQ-06886,2025-06-10,Novena,Google Search,Locker,Household,90.91,0,0
ENQ-06887,2025-07-28,Museum,Partner,Locker,Household,84.02,0,0
ENQ-06888,2025-10-21,Simpang,Partner,Large,Relocation,448.86,0,0
ENQ-06889,2025-10-01,Kallang,Google Search,Large,SME,489.29,0,0
ENQ-06890,2025-01-22,Geylang,Meta Ads,Medium,E-commerce,286.93,0,0
ENQ-06891,2025-01-13,Mandai,Organic,Small,SME,192.56,0,0
ENQ-06892,2025-09-20,Sungei Kadut,Organic,Small,Household,177.25,0,0
ENQ-06893,2025-07-05,Lim Chu Kang,Meta Ads,Medium,Household,321.31,0,0
ENQ-06894,2025-06-25,Rochor,Google Search,Medium,Household,285.29,0,0
ENQ-06895,2025-02-01,Jurong East,Google Search,Small,Relocation,172.51,0,0
ENQ-06896,2025-07-29,Kallang,Partner,Locker,SME,87.1,0,0
ENQ-06897,2025-07-11,Sengkang,Partner,Medium,Relocation,317.2,0,0
ENQ-06898,2025-04-21,Pioneer,Meta Ads,Small,Student/Expats,178.49,0,0
ENQ-06899,2025-03-24,Tampines,Organic,Small,Student/Expats,186.53,0,0
ENQ-06900,2025-12-07,Changi Bay,Google Search,Medium,SME,289.63,0,0
ENQ-06901,2025-01-02,Seletar,Google Search,Medium,E-commerce,331.91,0,1
ENQ-06902,2025-02-14,Newton,Organic,Medium,Household,312.73,0,0
ENQ-06903,2025-11-19,River Valley,Partner,Small,Household,192.5,0,0
ENQ-06904,2025-09-30,Orchard,Walk-in,Medium,E-commerce,326.07,0,0
ENQ-06905,2025-01-05,Tuas,Organic,Locker,Household,97.99,0,0
ENQ-06906,2025-12-21,Changi Bay,Referral,Medium,Household,312.67,0,0
ENQ-06907,2025-04-07,Newton,Meta Ads,Small,Household,179.24,0,0
ENQ-06908,2025-09-23,Hougang,Organic,Small,SME,203.0,1,0
ENQ-06909,2025-03-01,Central Water Catchment,Referral,Small,Household,201.28,1,0
ENQ-06910,2025-08-06,Marina East,Partner,Small,SME,180.56,0,0
ENQ-06911,2025-07-18,Tanglin,Google Search,Locker,SME,101.27,0,0
ENQ-06912,2025-07-19,Kallang,Walk-in,Locker,Student/Expats,98.25,1,0
ENQ-06913,2025-07-13,Southern Islands,Google Search,Medium,Student/Expats,282.41,0,0
ENQ-06914,2025-09-15,Bukit Timah,Walk-in,Medium,Household,280.84,0,0
ENQ-06915,2025-02-07,Jurong West,Walk-in,Medium,Household,314.84,0,0
ENQ-06916,2025-02-04,Simpang,Meta Ads,Medium,Student/Expats,276.57,0,0
ENQ-06917,2025-03-16,Marine Parade,Meta Ads,Medium,Household,327.91,0,0
ENQ-06918,2025-04-26,Marine Parade,Google Search,Small,E-commerce,191.74,0,1
ENQ-06919,2025-02-22,Tanglin,Meta Ads,Locker,Household,96.95,1,0
ENQ-06920,2025-06-22,Bukit Panjang,Referral,Locker,Student/Expats,87.26,0,0
ENQ-06921,2025-12-14,Sungei Kadut,Google Search,Large,Student/Expats,515.05,0,0
ENQ-06922,2025-03-13,Bukit Timah,Partner,Medium,Household,300.1,1,0
ENQ-06923,2025-05-18,Museum,Google Search,Medium,SME,325.08,0,0
ENQ-06924,2025-07-08,Changi,Google Search,Medium,SME,320.68,0,0
ENQ-06925,2025-11-20,Singapore River,Meta Ads,Medium,Relocation,319.8,0,0
ENQ-06926,2025-06-29,Lim Chu Kang,Meta Ads,Large,SME,433.04,0,0
ENQ-06927,2025-10-27,Tengah,Google Search,Small,Household,172.6,0,0
ENQ-06928,2025-08-02,Bedok,Google Search,Large,Household,479.94,0,0
ENQ-06929,2025-02-24,Bukit Batok,Walk-in,Small,E-commerce,171.69,0,0
ENQ-06930,2025-01-03,Orchard,Meta Ads,Medium,E-commerce,269.1,0,0
ENQ-06931,2025-05-20,Geylang,Organic,Large,Relocation,464.11,0,0
ENQ-06932,2025-05-07,Hougang,Walk-in,Small,Household,188.25,0,0
ENQ-06933,2025-02-26,Rochor,Google Search,Locker,Household,83.96,0,0
ENQ-06934,2025-08-28,Marine Parade,Meta Ads,Small,Student/Expats,204.81,1,0
ENQ-06935,2025-09-12,Bukit Panjang,Walk-in,Small,Relocation,188.76,0,0
ENQ-06936,2025-03-02,Punggol,Walk-in,Locker,Relocation,91.88,0,0
ENQ-06937,2025-01-28,Marina South,Organic,Small,Household,172.63,0,0
ENQ-06938,2025-03-25,Serangoon,Meta Ads,Medium,SME,322.42,1,0
ENQ-06939,2025-10-19,Choa Chu Kang,Google Search,Medium,Student/Expats,261.8,1,0
ENQ-06940,2025-04-08,Tuas,Google Search,Small,Household,163.75,0,0
ENQ-06941,2025-12-23,Southern Islands,Meta Ads,Medium,Household,262.84,0,0
ENQ-06942,2025-01-16,Rochor,Meta Ads,Locker,Relocation,97.29,0,0
ENQ-06943,2025-10-31,North-Eastern Islands,Google Search,Medium,Household,273.0,1,0
ENQ-06944,2025-06-29,Changi,Referral,Large,Household,473.69,0,0
ENQ-06945,2025-03-09,Orchard,Google Search,Small,Household,172.96,1,0
ENQ-06946,2025-11-25,Toa Payoh,Google Search,Medium,SME,270.12,0,0
ENQ-06947,2025-10-02,Tampines,Referral,Medium,SME,298.51,1,0
ENQ-06948,2025-10-22,Novena,Meta Ads,Locker,E-commerce,99.4,0,0
ENQ-06949,2025-06-30,Pasir Ris,Walk-in,Small,Household,187.84,1,0
ENQ-06950,2025-01-02,Marina South,Organic,Small,SME,201.15,0,0
ENQ-06951,2025-09-07,Marina South,Organic,Small,SME,165.83,0,0
ENQ-06952,2025-06-20,Tampines,Referral,Medium,E-commerce,304.22,0,0
ENQ-06953,2025-07-31,Jurong East,Google Search,Small,SME,170.1,0,0
ENQ-06954,2025-07-26,Bedok,Meta Ads,Medium,Relocation,323.73,0,0
ENQ-06955,2025-06-10,Western Water Catchment,Referral,Large,Student/Expats,470.11,0,0
ENQ-06956,2025-12-20,Southern Islands,Organic,Locker,Household,88.0,0,0
ENQ-06957,2025-10-21,River Valley,Walk-in,Locker,SME,100.57,1,1
ENQ-06958,2025-01-23,Hougang,Google Search,Medium,SME,265.14,0,0
ENQ-06959,2025-08-27,Mandai,Referral,Locker,Student/Expats,102.55,0,0
ENQ-06960,2025-07-01,Hougang,Walk-in,Locker,Household,101.5,0,0
ENQ-06961,2025-11-16,Bishan,Referral,Medium,Household,308.22,0,0
ENQ-06962,2025-06-20,River Valley,Meta Ads,Medium,E-commerce,288.16,0,0
ENQ-06963,2025-08-18,Marina East,Meta Ads,Medium,SME,312.71,0,0
ENQ-06964,2025-07-08,Serangoon,Organic,Small,Household,194.24,0,1
ENQ-06965,2025-09-18,Rochor,Walk-in,Medium,E-commerce,273.56,0,0
ENQ-06966,2025-10-26,Novena,Google Search,Small,Household,196.58,0,0
ENQ-06967,2025-03-12,Bedok,Organic,Small,Relocation,163.83,0,0
ENQ-06968,2025-09-02,River Valley,Organic,Locker,Household,99.75,1,0
ENQ-06969,2025-10-28,Bukit Panjang,Walk-in,Medium,E-commerce,290.88,1,0
ENQ-06970,2025-02-19,Tanglin,Google Search,Medium,SME,321.81,0,0
ENQ-06971,2025-09-06,Bukit Panjang,Meta Ads,Small,Household,174.05,0,0
ENQ-06972,2025-02-22,Marina East,Meta Ads,Small,SME,205.19,0,0
ENQ-06973,2025-02-20,Serangoon,Walk-in,Locker,E-commerce,89.79,0,0
ENQ-06974,2025-09-23,Changi Bay,Meta Ads,Locker,E-commerce,98.75,0,0
ENQ-06975,2025-01-15,Sungei Kadut,Google Search,Small,Household,178.68,1,0
ENQ-06976,2025-09-01,Singapore River,Google Search,Medium,Household,270.57,1,0
ENQ-06977,2025-03-23,Southern Islands,Organic,Locker,SME,91.33,0,0
ENQ-06978,2025-12-13,Boon Lay,Google Search,Medium,SME,261.61,1,0
ENQ-06979,2025-11-06,Seletar,Google Search,Small,Household,199.76,1,0
ENQ-06980,2025-03-26,Newton,Google Search,Small,Relocation,183.77,1,0
ENQ-06981,2025-08-03,Serangoon,Referral,Medium,Household,295.01,0,0
ENQ-06982,2025-03-17,Novena,Walk-in,Medium,SME,277.15,1,0
ENQ-06983,2025-09-03,Central Water Catchment,Organic,Medium,E-commerce,312.42,0,0
ENQ-06984,2025-10-08,Pasir Ris,Google Search,Medium,SME,281.37,0,0
ENQ-06985,2025-11-14,Bukit Merah,Meta Ads,Large,Household,440.83,0,0
ENQ-06986,2025-09-21,Bishan,Walk-in,Large,E-commerce,455.8,1,0
ENQ-06987,2025-12-22,Changi,Meta Ads,Large,E-commerce,489.29,0,0
ENQ-06988,2025-03-21,Sengkang,Meta Ads,Locker,SME,97.12,0,0
ENQ-06989,2025-07-24,Jurong East,Partner,Locker,Household,88.82,0,0
ENQ-06990,2025-10-27,Boon Lay,Meta Ads,Small,Student/Expats,206.29,1,0
ENQ-06991,2025-07-12,Tampines,Referral,Locker,Household,83.83,0,0
ENQ-06992,2025-11-18,Lim Chu Kang,Meta Ads,Medium,Household,265.63,0,0
ENQ-06993,2025-09-01,Novena,Google Search,Locker,Student/Expats,101.74,1,0
ENQ-06994,2025-12-16,Straits View,Referral,Medium,SME,280.18,0,0
ENQ-06995,2025-06-29,Lim Chu Kang,Google Search,Medium,SME,329.13,0,0
ENQ-06996,2025-10-11,Yishun,Walk-in,Small,Household,191.66,1,0
ENQ-06997,2025-04-29,Geylang,Walk-in,Large,Household,526.79,0,0
ENQ-06998,2025-11-22,Sengkang,Google Search,Small,E-commerce,176.39,0,0
ENQ-06999,2025-05-13,Pioneer,Walk-in,Small,Household,189.55,0,0
ENQ-07000,2025-06-09,Bukit Merah,Organic,Small,Household,171.16,0,0
ENQ-07001,2025-02-16,Boon Lay,Google Search,Small,Household,204.98,0,0
ENQ-07002,2025-06-20,Jurong East,Partner,Medium,Household,310.37,0,0
ENQ-07003,2025-05-16,Tengah,Meta Ads,Medium,Household,286.09,0,0
ENQ-07004,2025-08-26,Kallang,Meta Ads,Medium,Household,307.09,0,0
ENQ-07005,2025-07-12,Novena,Organic,Medium,Household,298.75,0,0
ENQ-07006,2025-05-22,Serangoon,Meta Ads,Medium,Relocation,332.41,0,0
ENQ-07007,2025-02-06,Southern Islands,Partner,Medium,SME,313.33,0,0
ENQ-07008,2025-03-16,Clementi,Partner,Medium,Household,289.26,0,0
ENQ-07009,2025-11-02,Rochor,Meta Ads,Small,Household,197.61,0,0
ENQ-07010,2025-02-02,Changi Bay,Meta Ads,Medium,Household,284.15,0,0
ENQ-07011,2025-07-05,Punggol,Google Search,Small,SME,190.12,0,1
ENQ-07012,2025-10-11,River Valley,Meta Ads,Medium,Student/Expats,261.65,0,0
ENQ-07013,2025-04-24,Changi Bay,Meta Ads,Medium,Relocation,324.05,0,0
ENQ-07014,2025-04-22,Changi Bay,Meta Ads,Locker,SME,91.63,0,0
ENQ-07015,2025-07-19,North-Eastern Islands,Walk-in,Large,E-commerce,419.08,0,0
ENQ-07016,2025-12-05,Outram,Referral,Small,Household,162.2,1,0
ENQ-07017,2025-02-05,North-Eastern Islands,Organic,Medium,SME,321.79,0,0
ENQ-07018,2025-11-13,Marina East,Organic,Medium,E-commerce,269.51,1,0
ENQ-07019,2025-05-25,Ang Mo Kio,Google Search,Small,Student/Expats,188.04,1,0
ENQ-07020,2025-11-02,Newton,Meta Ads,Locker,Student/Expats,87.25,0,0
ENQ-07021,2025-11-19,North-Eastern Islands,Referral,Small,SME,169.64,0,0
ENQ-07022,2025-04-29,Toa Payoh,Organic,Medium,Household,281.75,0,0
ENQ-07023,2025-04-23,Marina East,Organic,Medium,SME,292.34,0,0
ENQ-07024,2025-12-31,Museum,Partner,Medium,Relocation,263.89,0,0
ENQ-07025,2025-10-06,Bishan,Walk-in,Large,SME,447.56,0,0
ENQ-07026,2025-10-01,Changi Bay,Meta Ads,Medium,Household,327.86,0,0
ENQ-07027,2025-06-22,Bedok,Meta Ads,Small,SME,187.32,0,0
ENQ-07028,2025-06-06,Simpang,Organic,Medium,Household,305.72,0,0
ENQ-07029,2025-08-19,Punggol,Google Search,Medium,Household,316.76,0,0
ENQ-07030,2025-02-13,Tengah,Google Search,Medium,E-commerce,298.69,0,0
ENQ-07031,2025-12-03,Tanglin,Referral,Locker,SME,89.05,0,0
ENQ-07032,2025-11-12,Tuas,Organic,Medium,Household,314.72,0,0
ENQ-07033,2025-11-29,Jurong West,Organic,Large,SME,503.57,1,0
ENQ-07034,2025-08-11,Yishun,Meta Ads,Medium,Household,327.91,0,0
ENQ-07035,2025-06-25,Sembawang,Google Search,Large,Household,521.28,1,0
ENQ-07036,2025-04-05,Tampines,Google Search,Small,Household,182.65,1,0
ENQ-07037,2025-07-17,Rochor,Meta Ads,Small,Relocation,203.83,0,0
ENQ-07038,2025-05-25,Sungei Kadut,Meta Ads,Large,SME,432.48,0,0
ENQ-07039,2025-12-21,Tuas,Google Search,Small,E-commerce,200.06,0,0
ENQ-07040,2025-03-21,Bukit Timah,Meta Ads,Medium,Household,310.08,0,0
ENQ-07041,2025-01-29,Jurong West,Google Search,Small,Household,193.77,0,0
ENQ-07042,2025-01-22,Outram,Organic,Small,SME,200.02,1,0
ENQ-07043,2025-03-05,Kallang,Google Search,Medium,Household,315.62,1,0
ENQ-07044,2025-07-23,Simpang,Referral,Medium,Household,311.79,0,0
ENQ-07045,2025-02-23,Sembawang,Referral,Small,Student/Expats,201.44,0,0
ENQ-07046,2025-03-05,Kallang,Referral,Locker,SME,95.38,0,0
ENQ-07047,2025-08-22,Bedok,Google Search,Medium,Relocation,272.75,0,0
ENQ-07048,2025-05-14,Pioneer,Google Search,Medium,Household,288.67,0,0
ENQ-07049,2025-08-20,Changi,Organic,Locker,SME,83.83,0,0
ENQ-07050,2025-12-20,Sembawang,Meta Ads,Locker,Relocation,87.31,0,0
ENQ-07051,2025-08-22,Sembawang,Organic,Small,E-commerce,191.27,0,0
ENQ-07052,2025-01-17,Changi Bay,Meta Ads,Small,SME,178.56,0,0
ENQ-07053,2025-11-07,Simpang,Google Search,Large,Student/Expats,457.75,0,0
ENQ-07054,2025-11-29,Mandai,Google Search,Large,E-commerce,469.85,0,0
ENQ-07055,2025-01-28,Bukit Merah,Meta Ads,Small,SME,164.25,0,0
ENQ-07056,2025-12-14,Bukit Panjang,Referral,Medium,Student/Expats,292.91,0,0
ENQ-07057,2025-07-22,River Valley,Google Search,Small,E-commerce,201.68,0,0
ENQ-07058,2025-08-17,Changi Bay,Google Search,Small,Household,173.04,0,0
ENQ-07059,2025-09-28,River Valley,Walk-in,Medium,Household,272.08,0,0
ENQ-07060,2025-08-13,Sengkang,Organic,Large,SME,450.97,0,0
ENQ-07061,2025-11-24,Rochor,Google Search,Medium,E-commerce,312.14,1,1
ENQ-07062,2025-09-10,Mandai,Referral,Locker,Student/Expats,94.21,0,0
ENQ-07063,2025-05-15,Lim Chu Kang,Google Search,Medium,Household,303.91,0,0
ENQ-07064,2025-12-27,Western Water Catchment,Walk-in,Medium,SME,282.99,1,1
ENQ-07065,2025-11-23,Bukit Timah,Walk-in,Locker,SME,90.45,0,0
ENQ-07066,2025-08-31,Jurong East,Google Search,Locker,SME,88.68,0,0
ENQ-07067,2025-02-15,Tampines,Partner,Small,Household,197.5,0,0
ENQ-07068,2025-11-07,Singapore River,Google Search,Large,Household,490.83,0,0
ENQ-07069,2025-02-02,Singapore River,Google Search,Small,Household,204.88,0,0
ENQ-07070,2025-04-27,Singapore River,Walk-in,Medium,Household,279.06,0,0
ENQ-07071,2025-09-20,Southern Islands,Google Search,Small,SME,191.22,0,0
ENQ-07072,2025-09-18,Marina South,Organic,Small,Household,190.48,0,0
ENQ-07073,2025-05-12,Boon Lay,Partner,Medium,Household,314.31,0,0
ENQ-07074,2025-06-22,Marina South,Google Search,Locker,Household,99.12,1,0
ENQ-07075,2025-11-09,Marine Parade,Partner,Large,Household,523.38,0,0
ENQ-07076,2025-07-28,Sengkang,Referral,Large,Relocation,527.07,0,0
ENQ-07077,2025-06-14,Rochor,Walk-in,Locker,Household,81.75,0,0
ENQ-07078,2025-07-20,Western Water Catchment,Google Search,Medium,SME,280.37,0,0
ENQ-07079,2025-01-05,Orchard,Google Search,Locker,Student/Expats,97.22,1,0
ENQ-07080,2025-01-04,Sembawang,Organic,Locker,Household,103.11,0,0
ENQ-07081,2025-02-01,Sembawang,Partner,Small,E-commerce,189.45,0,0
ENQ-07082,2025-07-26,Choa Chu Kang,Meta Ads,Small,Student/Expats,205.38,0,0
ENQ-07083,2025-05-23,Museum,Google Search,Locker,Student/Expats,82.28,0,0
ENQ-07084,2025-09-26,Mandai,Organic,Locker,SME,100.0,0,0
ENQ-07085,2025-04-11,Tanglin,Organic,Small,Household,182.59,0,0
ENQ-07086,2025-04-17,Sungei Kadut,Meta Ads,Large,Relocation,464.28,0,0
ENQ-07087,2025-01-19,Outram,Organic,Small,Household,195.51,0,0
ENQ-07088,2025-06-08,Southern Islands,Organic,Locker,Household,96.79,0,0
ENQ-07089,2025-06-17,Straits View,Meta Ads,Small,SME,191.74,0,0
ENQ-07090,2025-01-21,Yishun,Referral,Medium,Household,319.48,0,0
ENQ-07091,2025-03-16,Ang Mo Kio,Meta Ads,Medium,Household,263.17,0,0
ENQ-07092,2025-10-01,Woodlands,Walk-in,Locker,Student/Expats,93.67,0,0
ENQ-07093,2025-03-04,Museum,Partner,Locker,Household,91.23,0,0
ENQ-07094,2025-09-14,Bedok,Organic,Medium,SME,285.88,0,0
ENQ-07095,2025-11-25,Hougang,Organic,Large,E-commerce,501.3,0,0
ENQ-07096,2025-05-08,Lim Chu Kang,Google Search,Medium,Household,292.62,0,0
ENQ-07097,2025-11-03,Pioneer,Partner,Medium,Student/Expats,328.24,0,0
ENQ-07098,2025-08-20,Singapore River,Organic,Small,Household,170.46,0,0
ENQ-07099,2025-05-31,Marine Parade,Walk-in,Medium,Household,266.52,0,0
ENQ-07100,2025-04-06,Bedok,Organic,Large,Household,427.36,0,0
ENQ-07101,2025-03-31,Western Water Catchment,Meta Ads,Locker,Household,90.9,1,1
ENQ-07102,2025-06-29,Lim Chu Kang,Walk-in,Large,Relocation,478.16,1,0
ENQ-07103,2025-08-24,Outram,Referral,Medium,Household,308.38,0,0
ENQ-07104,2025-09-27,Western Water Catchment,Google Search,Small,Household,170.97,1,0
ENQ-07105,2025-08-11,Lim Chu Kang,Organic,Small,SME,188.32,1,0
ENQ-07106,2025-09-16,Toa Payoh,Walk-in,Small,Student/Expats,189.67,0,0
ENQ-07107,2025-10-11,Kallang,Partner,Locker,SME,82.51,0,0
ENQ-07108,2025-08-31,Toa Payoh,Organic,Medium,Household,274.24,0,0
ENQ-07109,2025-11-21,Bishan,Meta Ads,Large,Household,524.25,0,0
ENQ-07110,2025-05-25,Serangoon,Google Search,Small,Household,193.69,0,0
ENQ-07111,2025-04-18,Jurong East,Referral,Small,SME,205.58,0,0
ENQ-07112,2025-12-29,Changi Bay,Meta Ads,Locker,Relocation,84.8,0,0
ENQ-07113,2025-11-07,Choa Chu Kang,Referral,Locker,E-commerce,82.31,1,0
ENQ-07114,2025-02-16,Woodlands,Partner,Medium,Household,314.19,0,0
ENQ-07115,2025-05-28,Tanglin,Google Search,Medium,E-commerce,296.88,0,0
ENQ-07116,2025-05-28,Marina East,Referral,Small,Student/Expats,177.54,1,0
ENQ-07117,2025-01-18,Changi Bay,Walk-in,Large,Household,492.9,1,0
ENQ-07118,2025-09-30,Woodlands,Meta Ads,Small,Relocation,183.94,0,0
ENQ-07119,2025-09-21,Museum,Walk-in,Medium,Student/Expats,298.94,0,0
ENQ-07120,2025-12-21,Jurong West,Google Search,Small,SME,197.23,1,0
ENQ-07121,2025-11-21,Bedok,Organic,Locker,E-commerce,97.15,1,0
ENQ-07122,2025-06-20,Tuas,Meta Ads,Locker,SME,92.22,0,0
ENQ-07123,2025-05-02,Marina East,Google Search,Large,SME,442.32,1,0
ENQ-07124,2025-10-16,Marina South,Referral,Small,Household,181.28,0,0
ENQ-07125,2025-04-19,Novena,Organic,Medium,E-commerce,284.62,0,0
ENQ-07126,2025-01-18,Tuas,Google Search,Small,Household,184.67,0,0
ENQ-07127,2025-09-22,Kallang,Meta Ads,Small,Household,188.78,0,0
ENQ-07128,2025-05-18,Western Water Catchment,Google Search,Medium,E-commerce,274.29,0,0
ENQ-07129,2025-01-31,Geylang,Referral,Medium,SME,261.61,1,0
ENQ-07130,2025-01-12,Novena,Referral,Medium,E-commerce,281.39,0,1
ENQ-07131,2025-10-06,Queenstown,Meta Ads,Small,Household,183.33,0,0
ENQ-07132,2025-07-18,Changi Bay,Google Search,Large,Household,490.33,1,0
ENQ-07133,2025-02-13,Geylang,Partner,Small,Student/Expats,193.03,0,0
ENQ-07134,2025-12-12,Outram,Google Search,Locker,Household,82.15,0,0
ENQ-07135,2025-12-14,River Valley,Google Search,Small,Household,166.13,1,0
ENQ-07136,2025-08-21,North-Eastern Islands,Organic,Medium,SME,291.23,0,0
ENQ-07137,2025-11-11,Bishan,Google Search,Medium,Household,301.09,0,0
ENQ-07138,2025-09-20,Sengkang,Partner,Small,E-commerce,182.61,0,0
ENQ-07139,2025-11-16,Sungei Kadut,Organic,Locker,Household,100.64,0,0
ENQ-07140,2025-07-01,Geylang,Walk-in,Medium,Household,270.81,0,0
ENQ-07141,2025-10-15,Boon Lay,Google Search,Medium,Student/Expats,328.11,0,1
ENQ-07142,2025-08-24,Clementi,Partner,Medium,SME,297.49,0,0
ENQ-07143,2025-07-05,Orchard,Walk-in,Medium,Household,301.26,0,0
ENQ-07144,2025-01-30,Queenstown,Google Search,Large,E-commerce,480.71,0,0
ENQ-07145,2025-05-28,Pioneer,Google Search,Medium,Household,262.63,0,0
ENQ-07146,2025-06-04,Serangoon,Google Search,Medium,Household,289.87,1,0
ENQ-07147,2025-08-08,Changi,Walk-in,Small,Household,170.04,0,0
ENQ-07148,2025-06-16,Toa Payoh,Referral,Medium,Relocation,261.19,1,0
ENQ-07149,2025-03-15,Punggol,Partner,Small,SME,165.77,0,0
ENQ-07150,2025-07-10,Geylang,Walk-in,Small,Household,176.57,1,0
ENQ-07151,2025-12-30,Tengah,Google Search,Small,Relocation,196.47,1,0
ENQ-07152,2025-12-21,Kallang,Google Search,Medium,Relocation,274.89,0,0
ENQ-07153,2025-04-28,Woodlands,Google Search,Small,E-commerce,162.62,0,0
ENQ-07154,2025-03-23,Tuas,Referral,Medium,Household,325.12,0,1
ENQ-07155,2025-09-08,Sungei Kadut,Walk-in,Medium,E-commerce,281.75,0,0
ENQ-07156,2025-12-12,River Valley,Partner,Large,E-commerce,502.43,0,0
ENQ-07157,2025-12-20,Orchard,Google Search,Small,SME,200.35,0,0
ENQ-07158,2025-06-05,Seletar,Google Search,Large,Relocation,475.53,1,0
ENQ-07159,2025-11-02,Western Water Catchment,Meta Ads,Small,Household,187.87,0,0
ENQ-07160,2025-10-24,Sengkang,Referral,Large,SME,506.36,0,0
ENQ-07161,2025-08-03,Hougang,Organic,Small,Household,192.22,0,0
ENQ-07162,2025-04-24,Queenstown,Meta Ads,Medium,Household,299.39,0,0
ENQ-07163,2025-05-30,Tuas,Referral,Locker,Household,91.06,0,0
ENQ-07164,2025-12-06,Simpang,Organic,Large,Household,489.5,0,0
ENQ-07165,2025-06-01,Rochor,Google Search,Small,E-commerce,187.36,1,0
ENQ-07166,2025-04-16,Outram,Referral,Large,Household,439.87,0,0
ENQ-07167,2025-03-11,Changi,Organic,Large,Household,502.81,0,0
ENQ-07168,2025-04-30,Simpang,Google Search,Medium,SME,278.68,0,0
ENQ-07169,2025-09-10,Tengah,Referral,Small,Household,184.44,0,1
ENQ-07170,2025-02-12,Clementi,Organic,Large,Household,414.12,0,0
ENQ-07171,2025-02-18,Western Water Catchment,Partner,Medium,Household,279.2,0,0
ENQ-07172,2025-02-11,Lim Chu Kang,Referral,Small,Student/Expats,169.18,0,0
ENQ-07173,2025-10-20,Clementi,Meta Ads,Medium,Household,308.47,0,0
ENQ-07174,2025-02-22,Seletar,Walk-in,Small,Household,164.53,1,0
ENQ-07175,2025-06-28,Changi Bay,Referral,Medium,Household,304.41,0,0
ENQ-07176,2025-10-31,Changi,Referral,Large,Student/Expats,417.98,1,0
ENQ-07177,2025-04-25,Newton,Google Search,Medium,Household,288.27,0,0
ENQ-07178,2025-12-22,Ang Mo Kio,Meta Ads,Small,Student/Expats,192.03,0,0
ENQ-07179,2025-12-24,Mandai,Walk-in,Locker,Household,90.26,0,0
ENQ-07180,2025-12-15,Yishun,Referral,Small,Household,197.12,0,0
ENQ-07181,2025-03-31,Mandai,Partner,Large,Household,484.36,0,0
ENQ-07182,2025-05-16,River Valley,Organic,Medium,Household,312.32,0,0
ENQ-07183,2025-11-13,Jurong West,Google Search,Small,Household,174.22,0,0
ENQ-07184,2025-01-30,Marine Parade,Google Search,Small,Household,162.11,0,0
ENQ-07185,2025-12-30,Bukit Timah,Meta Ads,Small,Household,181.55,0,0
ENQ-07186,2025-11-11,Downtown Core,Google Search,Large,Household,507.07,1,0
ENQ-07187,2025-06-10,Bukit Batok,Partner,Medium,Household,319.92,0,0
ENQ-07188,2025-07-04,Mandai,Google Search,Large,SME,494.58,0,0
ENQ-07189,2025-04-21,Bukit Panjang,Meta Ads,Medium,Household,329.77,0,0
ENQ-07190,2025-12-10,Bukit Panjang,Organic,Small,SME,176.17,0,0
ENQ-07191,2025-02-27,Bukit Panjang,Organic,Large,Student/Expats,442.31,0,0
ENQ-07192,2025-07-09,Yishun,Organic,Locker,Relocation,96.76,0,0
ENQ-07193,2025-07-12,Serangoon,Walk-in,Small,Student/Expats,191.0,0,0
ENQ-07194,2025-08-13,Lim Chu Kang,Organic,Medium,Student/Expats,300.73,1,0
ENQ-07195,2025-03-05,Sungei Kadut,Google Search,Small,Relocation,182.89,1,0
ENQ-07196,2025-06-24,Woodlands,Google Search,Large,Household,415.8,1,0
ENQ-07197,2025-07-15,Western Water Catchment,Google Search,Small,SME,195.92,0,0
ENQ-07198,2025-03-06,Woodlands,Referral,Large,Relocation,478.22,0,0
ENQ-07199,2025-01-27,Toa Payoh,Google Search,Locker,Household,97.34,1,0
ENQ-07200,2025-06-26,Tuas,Referral,Small,Household,200.69,0,0
ENQ-07201,2025-02-21,Lim Chu Kang,Google Search,Small,Household,172.44,0,0
ENQ-07202,2025-06-23,Newton,Partner,Small,E-commerce,176.78,0,0
ENQ-07203,2025-05-11,Pasir Ris,Google Search,Large,Relocation,496.48,0,0
ENQ-07204,2025-07-08,Downtown Core,Meta Ads,Medium,Household,317.58,0,0
ENQ-07205,2025-06-28,Serangoon,Organic,Small,Household,194.06,0,0
ENQ-07206,2025-09-10,Bukit Batok,Google Search,Large,Household,436.59,0,0
ENQ-07207,2025-01-27,Kallang,Meta Ads,Medium,E-commerce,322.19,0,0
ENQ-07208,2025-04-05,Boon Lay,Google Search,Small,Household,164.52,0,0
ENQ-07209,2025-10-06,Lim Chu Kang,Google Search,Medium,E-commerce,311.3,1,0
ENQ-07210,2025-03-22,Tampines,Organic,Large,Relocation,484.15,0,0
ENQ-07211,2025-02-28,Tanglin,Google Search,Medium,Household,326.72,0,0
ENQ-07212,2025-08-04,Bukit Panjang,Walk-in,Small,E-commerce,167.13,0,0
ENQ-07213,2025-09-16,Bedok,Referral,Small,Student/Expats,168.52,1,0
ENQ-07214,2025-10-14,Bedok,Google Search,Medium,Household,329.17,0,0
ENQ-07215,2025-04-10,Rochor,Referral,Small,SME,206.25,0,0
ENQ-07216,2025-04-19,Choa Chu Kang,Walk-in,Small,Student/Expats,177.53,0,0
ENQ-07217,2025-09-03,Sengkang,Google Search,Small,Household,197.48,0,0
ENQ-07218,2025-06-21,Mandai,Walk-in,Small,Household,162.7,0,0
ENQ-07219,2025-09-08,Tampines,Meta Ads,Medium,Household,283.35,0,0
ENQ-07220,2025-11-10,Simpang,Organic,Locker,Household,83.01,0,0
ENQ-07221,2025-08-05,Clementi,Organic,Small,E-commerce,193.01,1,0
ENQ-07222,2025-06-27,River Valley,Partner,Locker,Household,90.86,0,0
ENQ-07223,2025-03-10,Jurong East,Partner,Medium,Household,261.94,0,0
ENQ-07224,2025-08-13,Downtown Core,Organic,Medium,SME,291.38,0,0
ENQ-07225,2025-08-19,Pioneer,Organic,Small,Household,185.39,1,0
ENQ-07226,2025-04-30,Bukit Batok,Partner,Medium,E-commerce,325.99,1,0
ENQ-07227,2025-05-03,Outram,Partner,Medium,Household,269.36,0,0
ENQ-07228,2025-11-21,Clementi,Referral,Medium,Household,275.5,0,0
ENQ-07229,2025-03-24,Queenstown,Walk-in,Large,Household,479.68,0,0
ENQ-07230,2025-11-27,Yishun,Meta Ads,Medium,SME,291.21,0,0
ENQ-07231,2025-08-27,Hougang,Google Search,Locker,SME,99.14,0,0
ENQ-07232,2025-03-02,Lim Chu Kang,Organic,Small,Household,183.94,0,0
ENQ-07233,2025-06-26,Choa Chu Kang,Walk-in,Small,E-commerce,197.23,1,0
ENQ-07234,2025-08-03,River Valley,Organic,Medium,Household,326.37,0,0
ENQ-07235,2025-10-25,Downtown Core,Google Search,Large,Household,454.03,0,0
ENQ-07236,2025-09-15,Seletar,Meta Ads,Medium,Household,300.71,0,0
ENQ-07237,2025-06-06,Seletar,Organic,Medium,Household,264.79,0,0
ENQ-07238,2025-07-02,Clementi,Google Search,Medium,Household,323.87,0,0
ENQ-07239,2025-09-13,Marina East,Organic,Medium,Household,309.9,0,0
ENQ-07240,2025-11-11,Jurong West,Referral,Locker,Student/Expats,98.58,1,0
ENQ-07241,2025-05-25,Sungei Kadut,Google Search,Small,Household,181.1,0,0
ENQ-07242,2025-04-05,Marine Parade,Google Search,Small,Household,176.67,0,0
ENQ-07243,2025-07-26,Changi Bay,Google Search,Small,Student/Expats,198.9,0,0
ENQ-07244,2025-10-13,Marina East,Google Search,Large,E-commerce,455.85,0,0
ENQ-07245,2025-03-28,Orchard,Meta Ads,Medium,Household,261.88,0,0
ENQ-07246,2025-09-10,Museum,Organic,Small,Household,163.12,0,0
ENQ-07247,2025-09-22,Changi,Organic,Large,Household,491.43,1,0
ENQ-07248,2025-04-26,Hougang,Google Search,Medium,E-commerce,267.77,0,0
ENQ-07249,2025-05-08,Simpang,Referral,Medium,E-commerce,272.44,0,0
ENQ-07250,2025-07-29,Central Water Catchment,Referral,Small,E-commerce,201.78,0,0
ENQ-07251,2025-11-11,Sungei Kadut,Referral,Large,Household,423.34,1,0
ENQ-07252,2025-08-03,Southern Islands,Organic,Locker,Household,99.22,1,0
ENQ-07253,2025-10-19,Sungei Kadut,Google Search,Small,Student/Expats,199.5,0,0
ENQ-07254,2025-03-14,Newton,Organic,Medium,Student/Expats,317.85,0,0
ENQ-07255,2025-06-07,Pasir Ris,Referral,Medium,Household,319.88,0,0
ENQ-07256,2025-11-10,Simpang,Meta Ads,Large,Household,442.32,0,0
ENQ-07257,2025-06-04,Sembawang,Organic,Medium,Household,292.87,0,0
ENQ-07258,2025-11-15,Jurong East,Walk-in,Locker,Household,91.02,0,0
ENQ-07259,2025-12-10,Pioneer,Partner,Locker,Household,98.18,0,0
ENQ-07260,2025-08-16,Jurong West,Referral,Locker,E-commerce,102.72,1,0
ENQ-07261,2025-11-17,Western Water Catchment,Walk-in,Small,SME,166.05,1,0
ENQ-07262,2025-03-02,Pasir Ris,Meta Ads,Small,E-commerce,187.77,0,0
ENQ-07263,2025-06-04,Serangoon,Google Search,Locker,Household,89.85,0,0
ENQ-07264,2025-06-24,Lim Chu Kang,Meta Ads,Medium,Household,309.43,0,0
ENQ-07265,2025-03-31,North-Eastern Islands,Meta Ads,Medium,Relocation,309.27,0,0
ENQ-07266,2025-08-18,Straits View,Partner,Medium,Student/Expats,331.84,0,0
ENQ-07267,2025-11-10,Clementi,Google Search,Small,Relocation,204.88,0,0
ENQ-07268,2025-10-05,Museum,Google Search,Small,Household,162.23,0,0
ENQ-07269,2025-09-02,Tanglin,Organic,Large,SME,487.14,1,0
ENQ-07270,2025-03-10,Hougang,Google Search,Locker,E-commerce,94.36,0,0
ENQ-07271,2025-04-04,Orchard,Google Search,Small,E-commerce,199.34,0,0
ENQ-07272,2025-10-08,Punggol,Referral,Small,E-commerce,177.17,1,0
ENQ-07273,2025-03-07,Marina East,Referral,Medium,Household,290.43,0,0
ENQ-07274,2025-01-25,Sengkang,Google Search,Medium,E-commerce,278.96,0,0
ENQ-07275,2025-01-12,Punggol,Walk-in,Large,Household,442.48,0,0
ENQ-07276,2025-04-01,Mandai,Partner,Large,Household,506.47,0,0
ENQ-07277,2025-07-01,Tampines,Partner,Large,SME,453.74,0,0
ENQ-07278,2025-06-10,Serangoon,Google Search,Locker,Household,101.51,0,0
ENQ-07279,2025-01-10,Tengah,Google Search,Locker,Household,90.2,0,0
ENQ-07280,2025-01-05,Pioneer,Google Search,Small,Household,179.42,0,0
ENQ-07281,2025-07-21,Marina South,Google Search,Small,SME,206.78,0,0
ENQ-07282,2025-12-13,Pioneer,Meta Ads,Small,Household,170.63,0,0
ENQ-07283,2025-09-22,Orchard,Walk-in,Small,Household,173.86,0,0
ENQ-07284,2025-04-20,Rochor,Meta Ads,Medium,Household,296.61,0,0
ENQ-07285,2025-05-03,Kallang,Google Search,Medium,SME,321.98,1,0
ENQ-07286,2025-03-11,Boon Lay,Google Search,Medium,Household,313.7,0,0
ENQ-07287,2025-01-18,Tanglin,Google Search,Locker,Student/Expats,86.95,0,0
ENQ-07288,2025-05-26,River Valley,Meta Ads,Small,E-commerce,198.62,0,0
ENQ-07289,2025-07-20,Woodlands,Partner,Medium,SME,298.5,0,0
ENQ-07290,2025-12-24,Mandai,Google Search,Medium,Household,326.48,0,0
ENQ-07291,2025-01-28,Rochor,Partner,Medium,SME,295.49,0,0
ENQ-07292,2025-12-20,North-Eastern Islands,Google Search,Medium,Household,278.93,1,0
ENQ-07293,2025-06-02,Ang Mo Kio,Google Search,Locker,Household,88.9,0,0
ENQ-07294,2025-05-25,Jurong West,Referral,Locker,Household,91.38,1,0
ENQ-07295,2025-12-21,Bukit Merah,Google Search,Medium,Household,319.34,1,0
ENQ-07296,2025-04-04,Bishan,Referral,Medium,SME,280.78,0,0
ENQ-07297,2025-06-18,Bukit Merah,Google Search,Medium,Student/Expats,280.4,0,0
ENQ-07298,2025-09-26,Novena,Referral,Large,Household,426.9,0,0
ENQ-07299,2025-09-25,Changi Bay,Meta Ads,Small,Household,203.64,0,0
ENQ-07300,2025-09-13,Changi,Meta Ads,Locker,Household,92.19,0,0
ENQ-07301,2025-12-07,Pasir Ris,Google Search,Large,Household,510.07,0,0
ENQ-07302,2025-04-23,Tanglin,Meta Ads,Medium,Household,297.75,0,0
ENQ-07303,2025-08-14,Museum,Referral,Small,Household,166.96,0,0
ENQ-07304,2025-05-22,Yishun,Partner,Small,Household,179.8,0,0
ENQ-07305,2025-04-26,Simpang,Google Search,Locker,Household,99.73,0,0
ENQ-07306,2025-06-09,Serangoon,Meta Ads,Medium,SME,292.97,0,0
ENQ-07307,2025-09-14,Southern Islands,Meta Ads,Small,Student/Expats,163.08,0,0
ENQ-07308,2025-11-25,Geylang,Organic,Small,Household,198.59,0,0
ENQ-07309,2025-06-05,Queenstown,Google Search,Medium,Household,325.64,0,0
ENQ-07310,2025-03-08,Mandai,Referral,Small,E-commerce,198.95,0,1
ENQ-07311,2025-02-23,Serangoon,Google Search,Small,Household,199.55,0,0
ENQ-07312,2025-05-21,Tampines,Referral,Small,Household,177.53,0,0
ENQ-07313,2025-02-05,Toa Payoh,Organic,Small,Household,182.96,1,1
ENQ-07314,2025-09-23,Jurong West,Google Search,Locker,Household,88.89,1,0
ENQ-07315,2025-10-02,Jurong East,Referral,Small,Relocation,200.18,0,0
ENQ-07316,2025-12-12,Straits View,Referral,Locker,Household,92.93,0,0
ENQ-07317,2025-04-21,Pioneer,Meta Ads,Small,SME,181.37,0,0
ENQ-07318,2025-07-25,Choa Chu Kang,Google Search,Small,E-commerce,182.36,0,0
ENQ-07319,2025-03-02,Punggol,Walk-in,Locker,Relocation,96.98,0,0
ENQ-07320,2025-04-18,Pioneer,Organic,Small,Household,178.9,0,0
ENQ-07321,2025-12-08,Ang Mo Kio,Partner,Large,Household,453.71,0,0
ENQ-07322,2025-05-15,Pioneer,Google Search,Medium,E-commerce,302.92,0,0
ENQ-07323,2025-06-22,Pioneer,Partner,Medium,Relocation,284.77,0,0
ENQ-07324,2025-04-07,Mandai,Partner,Medium,Household,303.65,0,0
ENQ-07325,2025-08-04,Tampines,Organic,Small,E-commerce,197.59,1,0
ENQ-07326,2025-08-19,Tuas,Partner,Small,Household,187.83,0,0
ENQ-07327,2025-04-10,Central Water Catchment,Google Search,Medium,E-commerce,306.24,0,0
ENQ-07328,2025-10-15,Punggol,Meta Ads,Small,SME,189.22,0,0
ENQ-07329,2025-03-26,River Valley,Google Search,Medium,Relocation,295.58,0,0
ENQ-07330,2025-10-19,Boon Lay,Google Search,Large,Student/Expats,506.33,0,0
ENQ-07331,2025-01-23,Simpang,Referral,Large,Household,504.77,0,0
ENQ-07332,2025-04-03,Lim Chu Kang,Meta Ads,Locker,E-commerce,82.83,0,0
ENQ-07333,2025-11-17,Woodlands,Meta Ads,Small,Relocation,167.09,0,0
ENQ-07334,2025-02-08,Bishan,Organic,Medium,Household,262.9,0,0
ENQ-07335,2025-09-05,Singapore River,Google Search,Locker,Household,100.47,0,0
ENQ-07336,2025-08-23,Tanglin,Meta Ads,Small,Student/Expats,172.45,0,0
ENQ-07337,2025-04-18,Serangoon,Organic,Locker,Household,96.54,0,0
ENQ-07338,2025-01-12,Singapore River,Referral,Medium,SME,306.62,0,0
ENQ-07339,2025-06-12,Punggol,Google Search,Medium,Household,280.41,0,0
ENQ-07340,2025-10-22,Novena,Google Search,Medium,Household,295.67,0,0
ENQ-07341,2025-01-04,Woodlands,Meta Ads,Medium,Student/Expats,300.16,0,0
ENQ-07342,2025-02-18,Newton,Referral,Medium,Household,307.05,1,0
ENQ-07343,2025-11-04,Tanglin,Meta Ads,Large,Household,492.06,0,0
ENQ-07344,2025-10-02,North-Eastern Islands,Organic,Medium,E-commerce,289.46,1,0
ENQ-07345,2025-03-04,Bukit Timah,Google Search,Medium,SME,318.25,1,0
ENQ-07346,2025-01-05,Boon Lay,Google Search,Small,E-commerce,179.69,0,0
ENQ-07347,2025-04-10,Jurong East,Google Search,Locker,Household,83.78,1,0
ENQ-07348,2025-08-07,Orchard,Organic,Small,SME,164.46,0,0
ENQ-07349,2025-11-18,Toa Payoh,Google Search,Medium,Student/Expats,265.96,0,0
ENQ-07350,2025-09-26,Tengah,Meta Ads,Small,SME,189.14,0,0
ENQ-07351,2025-08-21,Western Water Catchment,Meta Ads,Locker,Relocation,97.11,0,0
ENQ-07352,2025-11-29,Ang Mo Kio,Organic,Medium,E-commerce,316.6,0,0
ENQ-07353,2025-08-04,Choa Chu Kang,Organic,Locker,Student/Expats,92.62,0,0
ENQ-07354,2025-05-27,Ang Mo Kio,Organic,Small,E-commerce,204.07,0,0
ENQ-07355,2025-10-08,Marine Parade,Google Search,Medium,SME,305.01,1,0
ENQ-07356,2025-05-04,Pasir Ris,Partner,Small,Household,198.89,0,0
ENQ-07357,2025-10-30,Changi,Organic,Medium,Student/Expats,316.9,0,0
ENQ-07358,2025-08-25,Sungei Kadut,Walk-in,Small,Household,174.48,0,0
ENQ-07359,2025-07-08,Ang Mo Kio,Meta Ads,Small,Household,205.5,0,0
ENQ-07360,2025-08-09,Serangoon,Organic,Medium,Student/Expats,284.86,0,0
ENQ-07361,2025-09-11,Straits View,Google Search,Medium,Student/Expats,318.72,0,0
ENQ-07362,2025-04-22,Orchard,Partner,Medium,Relocation,314.76,0,0
ENQ-07363,2025-05-26,Marine Parade,Referral,Small,Household,181.84,1,0
ENQ-07364,2025-11-27,Changi,Google Search,Small,Household,167.69,1,0
ENQ-07365,2025-12-23,Pasir Ris,Walk-in,Locker,Household,92.46,0,0
ENQ-07366,2025-05-12,Central Water Catchment,Google Search,Locker,E-commerce,90.98,0,0
ENQ-07367,2025-04-07,Changi,Walk-in,Medium,Household,312.38,0,0
ENQ-07368,2025-09-26,Punggol,Organic,Medium,Household,326.63,1,0
ENQ-07369,2025-04-26,Singapore River,Partner,Small,SME,164.46,1,0
ENQ-07370,2025-07-27,North-Eastern Islands,Partner,Medium,Relocation,315.01,0,0
ENQ-07371,2025-02-07,Changi,Meta Ads,Medium,Household,308.19,0,0
ENQ-07372,2025-07-13,Novena,Meta Ads,Medium,Relocation,323.78,0,0
ENQ-07373,2025-11-18,Serangoon,Google Search,Large,SME,471.36,0,1
ENQ-07374,2025-01-30,Sengkang,Google Search,Medium,Household,321.8,1,0
ENQ-07375,2025-03-06,Ang Mo Kio,Meta Ads,Small,Relocation,196.09,0,0
ENQ-07376,2025-06-13,River Valley,Partner,Small,Household,199.29,1,0
ENQ-07377,2025-06-20,Jurong West,Walk-in,Medium,SME,294.47,0,0
ENQ-07378,2025-05-06,Changi,Organic,Large,SME,470.72,1,0
ENQ-07379,2025-05-02,River Valley,Google Search,Small,SME,204.47,0,0
ENQ-07380,2025-02-23,Bukit Batok,Organic,Medium,Household,309.07,0,0
ENQ-07381,2025-05-02,Museum,Referral,Medium,Student/Expats,291.04,0,1
ENQ-07382,2025-04-04,Central Water Catchment,Walk-in,Locker,Relocation,92.19,1,0
ENQ-07383,2025-11-27,Sembawang,Meta Ads,Large,SME,472.28,0,0
ENQ-07384,2025-09-08,Marina South,Referral,Small,Student/Expats,181.59,0,0
ENQ-07385,2025-05-28,Geylang,Google Search,Locker,Relocation,91.87,1,1
ENQ-07386,2025-10-21,Central Water Catchment,Google Search,Large,E-commerce,470.74,1,0
ENQ-07387,2025-12-03,Bukit Panjang,Google Search,Medium,Household,323.46,0,0
ENQ-07388,2025-03-14,Jurong West,Walk-in,Medium,SME,289.22,1,1
ENQ-07389,2025-06-03,Marina South,Walk-in,Medium,E-commerce,277.61,0,0
ENQ-07390,2025-10-04,Pioneer,Referral,Small,SME,188.89,1,0
ENQ-07391,2025-03-30,Punggol,Organic,Large,Relocation,461.24,0,0
ENQ-07392,2025-04-14,Novena,Google Search,Small,Household,193.1,0,0
ENQ-07393,2025-05-22,Simpang,Google Search,Medium,Household,313.47,0,0
ENQ-07394,2025-08-08,Straits View,Meta Ads,Large,Household,433.46,0,0
ENQ-07395,2025-02-18,River Valley,Google Search,Small,E-commerce,189.45,0,0
ENQ-07396,2025-03-18,Woodlands,Organic,Medium,SME,289.38,0,0
ENQ-07397,2025-10-14,Mandai,Referral,Medium,E-commerce,330.46,0,0
ENQ-07398,2025-12-20,Simpang,Referral,Medium,E-commerce,327.38,0,0
ENQ-07399,2025-08-18,Clementi,Walk-in,Small,SME,197.99,0,0
ENQ-07400,2025-05-27,Boon Lay,Organic,Medium,Relocation,280.96,0,0
ENQ-07401,2025-01-24,Jurong East,Meta Ads,Small,Student/Expats,166.86,0,0
ENQ-07402,2025-05-24,Tanglin,Partner,Small,Household,173.96,0,0
ENQ-07403,2025-02-19,Sengkang,Google Search,Medium,Household,290.55,0,0
ENQ-07404,2025-04-27,Bukit Merah,Google Search,Medium,Household,321.8,1,1
ENQ-07405,2025-10-07,North-Eastern Islands,Meta Ads,Small,E-commerce,191.24,0,0
ENQ-07406,2025-05-03,Choa Chu Kang,Partner,Large,E-commerce,471.82,0,0
ENQ-07407,2025-02-14,Southern Islands,Walk-in,Medium,SME,325.57,0,0
ENQ-07408,2025-06-10,Ang Mo Kio,Partner,Medium,SME,272.82,1,0
ENQ-07409,2025-06-14,Bukit Timah,Organic,Locker,Household,100.7,0,0
ENQ-07410,2025-09-01,Lim Chu Kang,Meta Ads,Medium,Relocation,296.73,0,0
ENQ-07411,2025-08-05,River Valley,Google Search,Medium,E-commerce,330.96,0,0
ENQ-07412,2025-08-05,Bishan,Partner,Large,E-commerce,427.8,0,0
ENQ-07413,2025-07-04,Bukit Merah,Google Search,Small,Household,201.86,0,0
ENQ-07414,2025-04-07,Bishan,Google Search,Locker,Student/Expats,90.0,0,0
ENQ-07415,2025-07-14,Bukit Batok,Meta Ads,Locker,Household,85.04,0,0
ENQ-07416,2025-01-11,Yishun,Walk-in,Small,Household,162.6,0,0
ENQ-07417,2025-09-09,Bishan,Meta Ads,Locker,Household,95.96,0,0
ENQ-07418,2025-09-02,Sungei Kadut,Organic,Medium,SME,287.64,0,0
ENQ-07419,2025-08-24,Orchard,Referral,Locker,Household,88.77,0,0
ENQ-07420,2025-03-20,Marina South,Partner,Small,Household,191.96,0,0
ENQ-07421,2025-10-22,Marina East,Referral,Small,Household,183.66,0,0
ENQ-07422,2025-03-12,Clementi,Organic,Large,E-commerce,475.35,0,0
ENQ-07423,2025-03-05,Jurong East,Google Search,Locker,Household,89.52,0,0
ENQ-07424,2025-01-25,Singapore River,Google Search,Medium,Household,327.35,0,0
ENQ-07425,2025-12-24,Kallang,Partner,Locker,Student/Expats,84.26,1,1
ENQ-07426,2025-07-02,Newton,Organic,Small,Household,187.29,1,0
ENQ-07427,2025-12-26,Newton,Referral,Medium,Relocation,269.21,0,0
ENQ-07428,2025-10-25,Southern Islands,Google Search,Small,Household,183.5,0,0
ENQ-07429,2025-04-03,Bukit Batok,Google Search,Locker,Household,90.52,0,0
ENQ-07430,2025-06-10,Downtown Core,Referral,Small,SME,202.75,0,0
ENQ-07431,2025-05-10,Tampines,Google Search,Large,Household,496.57,0,0
ENQ-07432,2025-04-03,Bukit Panjang,Organic,Small,Student/Expats,188.89,0,0
ENQ-07433,2025-07-23,Serangoon,Google Search,Small,Relocation,196.56,1,0
ENQ-07434,2025-04-06,Newton,Organic,Medium,Household,266.94,0,0
ENQ-07435,2025-01-29,Newton,Meta Ads,Medium,Relocation,293.88,0,0
ENQ-07436,2025-02-22,Sengkang,Partner,Small,SME,168.48,0,0
ENQ-07437,2025-01-26,Bukit Batok,Google Search,Locker,Household,83.6,0,0
ENQ-07438,2025-12-02,Southern Islands,Meta Ads,Small,Student/Expats,184.89,0,0
ENQ-07439,2025-01-08,Bishan,Organic,Medium,Household,296.82,0,0
ENQ-07440,2025-10-10,Straits View,Referral,Small,SME,165.6,0,0
ENQ-07441,2025-01-12,Newton,Partner,Locker,SME,82.1,0,0
ENQ-07442,2025-03-03,Lim Chu Kang,Meta Ads,Medium,Household,268.13,0,0
ENQ-07443,2025-08-25,Tuas,Referral,Medium,Household,316.21,0,0
ENQ-07444,2025-11-04,Jurong East,Meta Ads,Medium,SME,322.52,0,0
ENQ-07445,2025-04-28,Clementi,Referral,Small,Household,168.99,0,0
ENQ-07446,2025-01-21,Mandai,Google Search,Small,Household,204.33,0,0
ENQ-07447,2025-08-30,Newton,Walk-in,Medium,Household,289.4,0,0
ENQ-07448,2025-01-19,Jurong East,Google Search,Locker,Relocation,93.18,0,0
ENQ-07449,2025-02-13,Pioneer,Organic,Medium,SME,265.96,0,0
ENQ-07450,2025-12-05,Toa Payoh,Referral,Medium,Household,318.69,0,0
ENQ-07451,2025-03-12,Straits View,Google Search,Locker,Relocation,86.76,1,0
ENQ-07452,2025-11-26,Bishan,Google Search,Small,Household,189.63,1,0
ENQ-07453,2025-07-23,Rochor,Google Search,Medium,Student/Expats,266.59,0,0
ENQ-07454,2025-02-18,Bedok,Google Search,Medium,Household,295.39,1,0
ENQ-07455,2025-07-06,Museum,Google Search,Small,Student/Expats,172.09,0,0
ENQ-07456,2025-09-07,Bedok,Google Search,Medium,SME,291.63,0,0
ENQ-07457,2025-03-08,Choa Chu Kang,Partner,Small,Household,174.53,0,0
ENQ-07458,2025-04-12,Southern Islands,Partner,Small,E-commerce,173.84,0,0
ENQ-07459,2025-10-27,Toa Payoh,Meta Ads,Medium,SME,280.13,0,0
ENQ-07460,2025-01-26,Bukit Timah,Google Search,Small,SME,178.59,0,1
ENQ-07461,2025-09-05,Bukit Panjang,Walk-in,Small,SME,205.77,0,0
ENQ-07462,2025-06-06,Serangoon,Google Search,Medium,E-commerce,307.99,0,0
ENQ-07463,2025-12-06,Newton,Google Search,Locker,Student/Expats,81.24,0,0
ENQ-07464,2025-05-25,Choa Chu Kang,Google Search,Small,Household,174.75,1,0
ENQ-07465,2025-03-16,Serangoon,Organic,Medium,E-commerce,331.38,0,0
ENQ-07466,2025-02-27,Tanglin,Partner,Medium,E-commerce,304.84,0,0
ENQ-07467,2025-01-28,Boon Lay,Organic,Small,Household,163.37,1,1
ENQ-07468,2025-07-13,Punggol,Organic,Medium,Household,281.52,0,0
ENQ-07469,2025-12-20,Central Water Catchment,Google Search,Large,Household,510.52,0,0
ENQ-07470,2025-08-11,Rochor,Google Search,Medium,Household,293.25,0,0
ENQ-07471,2025-06-24,Pioneer,Google Search,Small,Household,188.41,0,0
ENQ-07472,2025-12-31,Outram,Google Search,Medium,Household,274.06,0,0
ENQ-07473,2025-07-16,Choa Chu Kang,Partner,Medium,E-commerce,267.2,0,0
ENQ-07474,2025-12-04,Sengkang,Referral,Large,Household,504.99,1,0
ENQ-07475,2025-05-06,Orchard,Meta Ads,Small,SME,179.57,0,0
ENQ-07476,2025-10-25,Sungei Kadut,Organic,Small,Household,175.55,0,0
ENQ-07477,2025-11-27,Western Water Catchment,Google Search,Medium,E-commerce,262.0,1,0
ENQ-07478,2025-12-31,Singapore River,Walk-in,Medium,Household,298.91,0,0
ENQ-07479,2025-09-30,Southern Islands,Organic,Locker,Relocation,85.12,0,0
ENQ-07480,2025-08-24,Yishun,Partner,Medium,Household,271.04,1,0
ENQ-07481,2025-03-28,Bukit Batok,Organic,Small,Household,193.76,0,0
ENQ-07482,2025-08-26,Punggol,Meta Ads,Large,Household,442.83,0,0
ENQ-07483,2025-02-06,Ang Mo Kio,Meta Ads,Medium,Student/Expats,274.36,0,0
ENQ-07484,2025-10-29,Central Water Catchment,Organic,Large,Household,527.27,1,0
ENQ-07485,2025-05-25,Central Water Catchment,Meta Ads,Medium,E-commerce,315.78,0,0
ENQ-07486,2025-04-13,Tuas,Walk-in,Large,E-commerce,424.93,1,0
ENQ-07487,2025-12-02,Southern Islands,Walk-in,Locker,Household,87.12,0,0
ENQ-07488,2025-12-05,Bishan,Google Search,Small,Household,205.23,0,0
ENQ-07489,2025-11-16,Changi Bay,Walk-in,Small,Student/Expats,167.96,1,0
ENQ-07490,2025-08-27,Clementi,Walk-in,Medium,Student/Expats,301.27,0,0
ENQ-07491,2025-12-18,Bukit Batok,Partner,Small,SME,171.68,0,0
ENQ-07492,2025-07-16,Changi Bay,Google Search,Medium,Household,321.05,0,0
ENQ-07493,2025-07-21,Pasir Ris,Partner,Medium,Household,282.74,0,0
ENQ-07494,2025-11-15,Serangoon,Organic,Locker,Household,100.44,0,0
ENQ-07495,2025-11-03,Yishun,Referral,Large,SME,506.14,1,0
ENQ-07496,2025-12-17,Seletar,Referral,Large,SME,486.36,0,0
ENQ-07497,2025-08-16,Serangoon,Meta Ads,Small,Household,206.17,0,0
ENQ-07498,2025-09-07,Downtown Core,Organic,Small,Household,168.43,0,1
ENQ-07499,2025-06-20,Marina East,Meta Ads,Locker,SME,90.78,0,0
ENQ-07500,2025-01-02,Jurong West,Meta Ads,Small,Household,197.81,0,0
ENQ-07501,2025-09-21,Yishun,Google Search,Small,Household,172.97,0,0
ENQ-07502,2025-08-11,Orchard,Walk-in,Locker,Relocation,95.73,0,0
ENQ-07503,2025-10-06,Toa Payoh,Organic,Medium,Household,311.68,0,0
ENQ-07504,2025-09-17,Bukit Merah,Organic,Small,Student/Expats,190.4,0,0
ENQ-07505,2025-10-15,Sembawang,Organic,Medium,SME,324.33,1,0
ENQ-07506,2025-02-19,Bukit Panjang,Google Search,Medium,Household,272.1,0,0
ENQ-07507,2025-11-18,Queenstown,Meta Ads,Medium,Household,293.6,0,0
ENQ-07508,2025-12-22,Straits View,Meta Ads,Locker,Household,89.83,0,0
ENQ-07509,2025-03-01,Bukit Timah,Google Search,Small,Student/Expats,190.5,0,0
ENQ-07510,2025-04-01,Bukit Merah,Organic,Medium,SME,262.04,1,1
ENQ-07511,2025-09-16,Mandai,Google Search,Large,Household,476.09,0,0
ENQ-07512,2025-01-13,Tampines,Partner,Medium,SME,277.15,0,0
ENQ-07513,2025-11-17,Newton,Organic,Locker,Household,87.56,1,0
ENQ-07514,2025-08-14,Punggol,Google Search,Medium,Student/Expats,291.55,0,0
ENQ-07515,2025-10-31,Museum,Meta Ads,Medium,SME,269.86,0,0
ENQ-07516,2025-12-20,Boon Lay,Walk-in,Small,SME,164.27,1,0
ENQ-07517,2025-02-08,Toa Payoh,Meta Ads,Locker,Household,98.65,0,0
ENQ-07518,2025-12-12,Singapore River,Meta Ads,Large,Household,516.93,0,0
ENQ-07519,2025-06-26,Outram,Google Search,Large,SME,504.45,0,0
ENQ-07520,2025-08-20,Downtown Core,Organic,Medium,E-commerce,314.65,0,0
ENQ-07521,2025-12-03,Clementi,Google Search,Locker,E-commerce,100.74,0,0
ENQ-07522,2025-01-24,Sengkang,Walk-in,Small,Household,187.34,1,0
ENQ-07523,2025-11-24,Marina East,Meta Ads,Locker,Household,99.46,0,0
ENQ-07524,2025-04-15,Serangoon,Meta Ads,Locker,SME,82.98,0,0
ENQ-07525,2025-06-16,Rochor,Walk-in,Small,Household,171.94,0,0
ENQ-07526,2025-07-21,Jurong East,Google Search,Small,SME,189.09,0,0
ENQ-07527,2025-08-21,Bukit Merah,Google Search,Large,Student/Expats,466.26,0,0
ENQ-07528,2025-09-25,Tengah,Meta Ads,Large,Household,424.82,0,0
ENQ-07529,2025-01-14,Woodlands,Referral,Medium,SME,329.59,1,0
ENQ-07530,2025-04-04,Sengkang,Partner,Small,Household,184.65,0,0
ENQ-07531,2025-11-04,Jurong East,Organic,Medium,Household,312.73,0,0
ENQ-07532,2025-04-08,Woodlands,Partner,Medium,E-commerce,312.93,0,0
ENQ-07533,2025-10-14,River Valley,Walk-in,Small,Student/Expats,165.05,0,0
ENQ-07534,2025-10-28,Yishun,Google Search,Locker,SME,98.0,0,0
ENQ-07535,2025-10-11,Yishun,Referral,Medium,Household,311.28,0,0
ENQ-07536,2025-03-18,Tuas,Walk-in,Small,Household,193.56,0,0
ENQ-07537,2025-07-11,Sembawang,Google Search,Small,Household,171.7,0,0
ENQ-07538,2025-10-07,Punggol,Meta Ads,Locker,SME,87.04,0,0
ENQ-07539,2025-06-20,Hougang,Organic,Large,SME,430.58,0,0
ENQ-07540,2025-11-28,Tampines,Google Search,Locker,Household,93.02,0,0
ENQ-07541,2025-06-15,Pioneer,Google Search,Small,Household,184.54,0,0
ENQ-07542,2025-03-25,Newton,Referral,Medium,SME,289.27,0,0
ENQ-07543,2025-08-24,Tanglin,Meta Ads,Large,E-commerce,464.56,0,0
ENQ-07544,2025-04-30,Changi,Organic,Locker,SME,96.05,0,0
ENQ-07545,2025-08-11,Marine Parade,Referral,Small,E-commerce,183.65,0,0
ENQ-07546,2025-05-06,Boon Lay,Organic,Medium,E-commerce,324.37,0,0
ENQ-07547,2025-08-11,Bukit Panjang,Walk-in,Medium,SME,286.2,0,0
ENQ-07548,2025-03-12,Straits View,Organic,Medium,SME,300.11,0,0
ENQ-07549,2025-07-14,Toa Payoh,Meta Ads,Locker,Household,99.17,0,0
ENQ-07550,2025-06-05,North-Eastern Islands,Google Search,Medium,Household,279.47,1,0
ENQ-07551,2025-11-01,Pasir Ris,Partner,Small,Household,175.08,0,0
ENQ-07552,2025-09-02,Bukit Batok,Google Search,Small,Household,200.0,1,0
ENQ-07553,2025-07-17,Serangoon,Google Search,Small,Household,170.94,1,0
ENQ-07554,2025-12-25,Serangoon,Walk-in,Small,SME,189.97,0,0
ENQ-07555,2025-03-31,Serangoon,Meta Ads,Small,E-commerce,204.98,0,0
ENQ-07556,2025-07-31,Pioneer,Google Search,Medium,Household,272.76,0,0
ENQ-07557,2025-06-18,Seletar,Google Search,Small,Student/Expats,192.98,0,0
ENQ-07558,2025-01-10,Bedok,Meta Ads,Medium,SME,302.35,0,0
ENQ-07559,2025-01-28,Straits View,Referral,Small,E-commerce,162.56,0,0
ENQ-07560,2025-09-29,Changi,Google Search,Medium,E-commerce,314.64,0,0
ENQ-07561,2025-09-30,Southern Islands,Walk-in,Medium,Household,306.02,0,0
ENQ-07562,2025-02-25,Hougang,Google Search,Medium,Household,314.13,0,0
ENQ-07563,2025-07-10,Museum,Google Search,Small,Household,175.45,0,0
ENQ-07564,2025-12-07,Pioneer,Organic,Small,SME,198.85,0,0
ENQ-07565,2025-10-28,Queenstown,Google Search,Locker,Household,99.23,0,0
ENQ-07566,2025-11-29,Toa Payoh,Referral,Medium,SME,282.02,0,0
ENQ-07567,2025-04-22,Pioneer,Organic,Large,E-commerce,454.66,1,0
ENQ-07568,2025-01-09,Clementi,Partner,Large,SME,510.35,0,0
ENQ-07569,2025-08-02,Lim Chu Kang,Google Search,Locker,Household,95.69,1,0
ENQ-07570,2025-09-09,Tanglin,Partner,Locker,Household,81.11,0,0
ENQ-07571,2025-05-29,Tuas,Meta Ads,Small,Household,175.31,0,0
ENQ-07572,2025-01-19,Marina East,Google Search,Locker,Household,85.76,0,0
ENQ-07573,2025-02-15,Downtown Core,Organic,Locker,Household,90.65,1,0
ENQ-07574,2025-07-24,Rochor,Google Search,Small,SME,201.02,0,0
ENQ-07575,2025-02-01,Singapore River,Walk-in,Small,Relocation,199.21,1,0
ENQ-07576,2025-09-24,Yishun,Meta Ads,Locker,Student/Expats,102.01,0,0
ENQ-07577,2025-04-19,Newton,Organic,Medium,Household,266.59,0,0
ENQ-07578,2025-09-02,Bukit Panjang,Referral,Small,Household,196.82,0,0
ENQ-07579,2025-05-19,Woodlands,Organic,Medium,Household,303.85,0,0
ENQ-07580,2025-11-11,Geylang,Google Search,Locker,Household,89.66,0,0
ENQ-07581,2025-04-13,River Valley,Google Search,Small,Household,179.96,0,0
ENQ-07582,2025-11-18,Changi Bay,Google Search,Large,E-commerce,494.99,1,0
ENQ-07583,2025-10-11,Newton,Meta Ads,Large,Household,481.89,0,0
ENQ-07584,2025-04-30,Bukit Timah,Google Search,Small,Relocation,165.97,0,0
ENQ-07585,2025-10-16,Choa Chu Kang,Referral,Small,Household,166.68,1,0
ENQ-07586,2025-01-17,Singapore River,Partner,Small,Household,192.6,1,0
ENQ-07587,2025-03-27,Rochor,Google Search,Large,Household,434.42,0,0
ENQ-07588,2025-04-01,Central Water Catchment,Meta Ads,Large,Household,422.37,0,0
ENQ-07589,2025-08-31,Queenstown,Google Search,Medium,Household,316.85,0,0
ENQ-07590,2025-07-14,Boon Lay,Google Search,Small,Household,174.76,0,0
ENQ-07591,2025-03-03,Tengah,Google Search,Small,E-commerce,205.8,0,0
ENQ-07592,2025-05-30,Central Water Catchment,Partner,Medium,Household,331.61,1,0
ENQ-07593,2025-06-03,Rochor,Meta Ads,Large,Household,445.57,0,0
ENQ-07594,2025-10-15,River Valley,Referral,Medium,Student/Expats,312.76,1,0
ENQ-07595,2025-09-22,North-Eastern Islands,Google Search,Small,Household,180.3,0,0
ENQ-07596,2025-12-23,Marine Parade,Meta Ads,Small,E-commerce,176.85,0,0
ENQ-07597,2025-09-20,Marine Parade,Meta Ads,Large,Household,454.52,1,0
ENQ-07598,2025-01-19,Kallang,Walk-in,Medium,E-commerce,292.74,0,0
ENQ-07599,2025-12-03,Bukit Timah,Google Search,Medium,Student/Expats,332.18,0,0
ENQ-07600,2025-11-26,Newton,Google Search,Small,SME,200.05,0,0
ENQ-07601,2025-05-17,Newton,Google Search,Locker,Student/Expats,88.55,0,0
ENQ-07602,2025-08-20,Punggol,Google Search,Large,Household,514.47,0,0
ENQ-07603,2025-04-09,North-Eastern Islands,Organic,Medium,Household,271.49,0,0
ENQ-07604,2025-04-14,Jurong West,Partner,Large,Household,502.73,0,0
ENQ-07605,2025-09-10,Changi,Google Search,Small,Household,165.77,1,0
ENQ-07606,2025-11-30,Jurong West,Google Search,Small,Student/Expats,181.43,0,0
ENQ-07607,2025-01-06,Woodlands,Google Search,Medium,Household,267.2,0,0
ENQ-07608,2025-02-20,Orchard,Walk-in,Locker,Student/Expats,91.04,1,0
ENQ-07609,2025-12-25,Woodlands,Meta Ads,Medium,SME,297.44,0,0
ENQ-07610,2025-04-04,Lim Chu Kang,Meta Ads,Medium,Household,321.25,0,0
ENQ-07611,2025-02-16,Lim Chu Kang,Google Search,Medium,Student/Expats,284.42,0,0
ENQ-07612,2025-11-03,Museum,Meta Ads,Small,Household,183.59,0,0
ENQ-07613,2025-07-26,Tanglin,Google Search,Large,Student/Expats,481.45,0,0
ENQ-07614,2025-10-29,Central Water Catchment,Organic,Medium,Household,262.87,0,0
ENQ-07615,2025-03-20,Southern Islands,Referral,Medium,Household,299.2,1,0
ENQ-07616,2025-07-07,Woodlands,Referral,Medium,SME,304.05,0,0
ENQ-07617,2025-05-18,Yishun,Partner,Small,SME,193.83,1,0
ENQ-07618,2025-06-19,Bukit Batok,Walk-in,Small,Household,198.07,0,0
ENQ-07619,2025-07-29,Queenstown,Organic,Locker,Household,97.75,1,0
ENQ-07620,2025-03-14,Serangoon,Meta Ads,Locker,Household,100.7,0,0
ENQ-07621,2025-09-01,Rochor,Google Search,Medium,Household,280.11,0,0
ENQ-07622,2025-07-28,Marine Parade,Organic,Small,E-commerce,203.95,0,0
ENQ-07623,2025-10-22,River Valley,Google Search,Small,Relocation,184.8,0,0
ENQ-07624,2025-09-10,Toa Payoh,Meta Ads,Small,Relocation,198.47,0,0
ENQ-07625,2025-12-08,Jurong West,Google Search,Small,Household,166.37,0,0
ENQ-07626,2025-07-18,Bishan,Google Search,Medium,E-commerce,266.84,1,0
ENQ-07627,2025-08-04,Western Water Catchment,Organic,Medium,E-commerce,308.14,1,1
ENQ-07628,2025-08-05,Outram,Google Search,Medium,SME,328.24,0,0
ENQ-07629,2025-01-29,Sengkang,Walk-in,Small,SME,182.8,0,0
ENQ-07630,2025-12-07,Museum,Google Search,Medium,Household,297.97,0,0
ENQ-07631,2025-05-22,Pasir Ris,Meta Ads,Small,Household,162.6,0,0
ENQ-07632,2025-07-29,Singapore River,Organic,Locker,Household,102.6,0,0
ENQ-07633,2025-01-28,Orchard,Partner,Medium,Household,276.97,0,0
ENQ-07634,2025-07-21,Bishan,Meta Ads,Medium,Household,324.63,0,0
ENQ-07635,2025-08-14,Tanglin,Organic,Small,Household,177.62,0,0
ENQ-07636,2025-08-30,Mandai,Google Search,Small,E-commerce,168.73,0,0
ENQ-07637,2025-06-30,Lim Chu Kang,Meta Ads,Large,SME,496.95,0,0
ENQ-07638,2025-01-19,Toa Payoh,Referral,Medium,Household,283.79,0,0
ENQ-07639,2025-05-05,Tengah,Walk-in,Medium,Student/Expats,319.64,0,0
ENQ-07640,2025-04-06,Jurong West,Referral,Small,E-commerce,181.72,0,0
ENQ-07641,2025-07-17,Jurong West,Partner,Small,SME,189.84,1,0
ENQ-07642,2025-09-08,Woodlands,Referral,Medium,Household,311.09,0,0
ENQ-07643,2025-12-20,Marina East,Referral,Small,SME,172.62,0,0
ENQ-07644,2025-02-20,Singapore River,Organic,Medium,Household,272.61,0,0
ENQ-07645,2025-02-12,Tanglin,Google Search,Small,E-commerce,190.13,0,0
ENQ-07646,2025-09-07,Bukit Timah,Google Search,Small,SME,173.29,0,0
ENQ-07647,2025-05-28,Sungei Kadut,Walk-in,Locker,Household,93.49,1,0
ENQ-07648,2025-06-05,Ang Mo Kio,Google Search,Small,Relocation,166.39,1,0
ENQ-07649,2025-07-01,Hougang,Meta Ads,Large,Household,490.42,0,0
ENQ-07650,2025-08-09,Bukit Batok,Referral,Medium,SME,331.27,0,0
ENQ-07651,2025-05-30,Tengah,Walk-in,Medium,Relocation,299.52,0,0
ENQ-07652,2025-12-01,Bukit Batok,Organic,Locker,Household,85.19,0,0
ENQ-07653,2025-09-22,Jurong West,Partner,Locker,SME,90.88,0,0
ENQ-07654,2025-04-18,Newton,Meta Ads,Small,Relocation,163.22,0,0
ENQ-07655,2025-08-30,Toa Payoh,Google Search,Small,Student/Expats,174.98,1,1
ENQ-07656,2025-11-26,Bishan,Google Search,Small,E-commerce,171.29,0,0
ENQ-07657,2025-10-22,Southern Islands,Meta Ads,Small,Household,169.68,0,0
ENQ-07658,2025-02-01,Lim Chu Kang,Walk-in,Locker,Relocation,92.78,0,0
ENQ-07659,2025-03-21,Ang Mo Kio,Partner,Small,Household,164.78,1,0
ENQ-07660,2025-12-23,Seletar,Walk-in,Large,Student/Expats,424.89,0,0
ENQ-07661,2025-08-15,Ang Mo Kio,Referral,Large,Household,514.32,0,0
ENQ-07662,2025-08-30,Central Water Catchment,Walk-in,Medium,Household,305.39,1,0
ENQ-07663,2025-12-15,Rochor,Google Search,Locker,Household,82.64,0,0
ENQ-07664,2025-05-11,Straits View,Meta Ads,Large,Relocation,488.35,0,0
ENQ-07665,2025-02-20,Boon Lay,Meta Ads,Medium,SME,272.1,0,0
ENQ-07666,2025-09-03,Choa Chu Kang,Google Search,Small,E-commerce,169.56,0,0
ENQ-07667,2025-05-11,Rochor,Google Search,Large,Household,516.21,1,0
ENQ-07668,2025-07-24,Woodlands,Google Search,Small,E-commerce,166.53,0,0
ENQ-07669,2025-05-21,Downtown Core,Walk-in,Locker,SME,81.85,0,0
ENQ-07670,2025-09-24,Queenstown,Meta Ads,Medium,SME,265.74,0,0
ENQ-07671,2025-04-04,Choa Chu Kang,Google Search,Small,SME,186.15,0,0
ENQ-07672,2025-07-17,Bedok,Google Search,Medium,Household,266.7,0,0
ENQ-07673,2025-12-30,Singapore River,Organic,Medium,Household,270.24,0,0
ENQ-07674,2025-07-21,Tanglin,Google Search,Large,E-commerce,469.81,0,0
ENQ-07675,2025-05-28,Tuas,Google Search,Small,Household,189.98,0,0
ENQ-07676,2025-02-24,Museum,Partner,Locker,Household,95.35,0,0
ENQ-07677,2025-12-01,Changi Bay,Partner,Medium,SME,327.66,1,0
ENQ-07678,2025-04-20,Ang Mo Kio,Referral,Locker,Household,85.11,0,0
ENQ-07679,2025-08-05,Marina East,Referral,Medium,SME,320.81,0,0
ENQ-07680,2025-08-18,Pasir Ris,Walk-in,Medium,E-commerce,285.29,0,0
ENQ-07681,2025-06-03,Bukit Panjang,Meta Ads,Locker,Household,83.52,0,1
ENQ-07682,2025-01-23,Simpang,Meta Ads,Medium,SME,289.89,1,0
ENQ-07683,2025-06-30,Marine Parade,Google Search,Locker,Relocation,91.58,0,0
ENQ-07684,2025-05-15,Tanglin,Google Search,Small,Household,167.67,0,0
ENQ-07685,2025-08-02,Sungei Kadut,Google Search,Locker,Household,88.5,0,0
ENQ-07686,2025-08-17,Straits View,Organic,Medium,SME,308.25,0,0
ENQ-07687,2025-07-13,Toa Payoh,Meta Ads,Large,SME,453.94,0,0
ENQ-07688,2025-09-23,Museum,Organic,Small,Household,200.21,0,0
ENQ-07689,2025-03-22,Simpang,Meta Ads,Locker,SME,98.55,0,0
ENQ-07690,2025-08-27,Ang Mo Kio,Walk-in,Medium,Household,310.16,0,0
ENQ-07691,2025-10-26,Changi,Google Search,Medium,Household,283.28,0,0
ENQ-07692,2025-10-19,Outram,Partner,Medium,SME,277.3,0,0
ENQ-07693,2025-09-14,North-Eastern Islands,Referral,Small,SME,177.46,0,0
ENQ-07694,2025-04-30,North-Eastern Islands,Meta Ads,Medium,Household,277.64,0,0
ENQ-07695,2025-04-22,Woodlands,Organic,Small,Household,185.73,0,0
ENQ-07696,2025-08-11,Seletar,Referral,Large,Household,514.61,1,0
ENQ-07697,2025-07-04,Punggol,Walk-in,Small,Household,199.37,1,0
ENQ-07698,2025-10-28,Changi,Meta Ads,Medium,Relocation,332.72,1,0
ENQ-07699,2025-04-05,Woodlands,Organic,Medium,Student/Expats,321.12,0,0
ENQ-07700,2025-12-26,Hougang,Organic,Small,SME,192.05,0,0
ENQ-07701,2025-11-24,Hougang,Referral,Small,Household,179.96,1,1
ENQ-07702,2025-11-03,Mandai,Google Search,Large,Household,499.17,0,0
ENQ-07703,2025-10-12,Marina South,Organic,Small,Student/Expats,191.44,1,0
ENQ-07704,2025-04-08,Choa Chu Kang,Google Search,Small,E-commerce,165.62,0,0
ENQ-07705,2025-05-24,River Valley,Organic,Large,Household,510.52,0,0
ENQ-07706,2025-01-12,River Valley,Google Search,Locker,Household,82.15,0,0
ENQ-07707,2025-11-02,Sembawang,Google Search,Small,Household,163.22,0,0
ENQ-07708,2025-02-20,Geylang,Organic,Medium,Household,298.74,0,0
ENQ-07709,2025-10-12,Mandai,Referral,Small,Household,198.91,0,0
ENQ-07710,2025-12-28,Changi,Partner,Small,Household,171.93,0,0
ENQ-07711,2025-11-26,Marine Parade,Google Search,Large,Household,468.12,1,0
ENQ-07712,2025-08-25,Bishan,Referral,Medium,Household,261.98,0,1
ENQ-07713,2025-10-09,Newton,Organic,Small,Household,164.07,0,0
ENQ-07714,2025-09-17,Downtown Core,Referral,Small,E-commerce,200.17,0,0
ENQ-07715,2025-10-15,Marina South,Organic,Medium,Household,323.95,1,0
ENQ-07716,2025-09-16,Southern Islands,Walk-in,Locker,Household,98.5,1,0
ENQ-07717,2025-06-21,Southern Islands,Meta Ads,Small,SME,167.26,0,0
ENQ-07718,2025-04-06,Changi Bay,Walk-in,Small,SME,193.44,0,0
ENQ-07719,2025-07-19,Changi Bay,Meta Ads,Medium,Household,269.3,0,0
ENQ-07720,2025-10-07,Rochor,Organic,Small,Household,196.63,0,0
ENQ-07721,2025-12-07,Geylang,Organic,Locker,Household,103.44,0,0
ENQ-07722,2025-05-14,Museum,Partner,Large,Household,525.32,1,0
ENQ-07723,2025-06-19,Bukit Merah,Google Search,Small,Household,173.51,0,0
ENQ-07724,2025-09-27,Bishan,Meta Ads,Medium,E-commerce,303.8,0,0
ENQ-07725,2025-06-17,Clementi,Meta Ads,Small,E-commerce,183.24,0,0
ENQ-07726,2025-05-14,North-Eastern Islands,Meta Ads,Locker,SME,95.9,0,0
ENQ-07727,2025-07-06,Outram,Referral,Medium,SME,327.13,1,0
ENQ-07728,2025-09-23,Punggol,Meta Ads,Large,Household,462.82,0,0
ENQ-07729,2025-05-23,Simpang,Google Search,Small,Household,196.8,0,0
ENQ-07730,2025-01-26,Ang Mo Kio,Referral,Locker,Household,83.42,0,0
ENQ-07731,2025-06-04,Rochor,Meta Ads,Medium,Relocation,273.18,0,0
ENQ-07732,2025-06-08,Museum,Google Search,Medium,Household,323.79,0,0
ENQ-07733,2025-05-19,Yishun,Referral,Small,Household,204.79,0,0
ENQ-07734,2025-04-03,Tuas,Google Search,Medium,Household,315.5,0,0
ENQ-07735,2025-02-25,Novena,Partner,Medium,SME,266.91,0,0
ENQ-07736,2025-04-27,Sengkang,Google Search,Locker,Household,97.48,0,0
ENQ-07737,2025-12-02,Rochor,Referral,Medium,Household,325.15,0,0
ENQ-07738,2025-02-07,Sungei Kadut,Google Search,Small,E-commerce,164.54,0,0
ENQ-07739,2025-12-01,Outram,Walk-in,Locker,Household,98.32,1,0
ENQ-07740,2025-10-12,Pasir Ris,Organic,Small,SME,173.32,0,0
ENQ-07741,2025-02-08,Orchard,Walk-in,Small,Student/Expats,167.65,0,0
ENQ-07742,2025-03-16,Newton,Organic,Locker,Relocation,101.47,0,0
ENQ-07743,2025-01-29,Western Water Catchment,Meta Ads,Small,Relocation,199.8,0,0
ENQ-07744,2025-09-22,Sungei Kadut,Google Search,Locker,E-commerce,99.65,0,0
ENQ-07745,2025-05-30,Woodlands,Walk-in,Medium,SME,288.11,0,0
ENQ-07746,2025-12-21,Bedok,Organic,Locker,SME,100.33,0,0
ENQ-07747,2025-12-27,Bukit Merah,Meta Ads,Locker,Household,92.19,0,0
ENQ-07748,2025-05-09,Bukit Merah,Google Search,Medium,Household,289.74,0,0
ENQ-07749,2025-09-02,Bishan,Google Search,Medium,E-commerce,301.46,0,0
ENQ-07750,2025-09-06,Tengah,Walk-in,Medium,SME,270.4,0,0
ENQ-07751,2025-06-22,Tengah,Google Search,Locker,SME,93.66,0,0
ENQ-07752,2025-07-25,Sembawang,Meta Ads,Locker,Household,82.11,0,0
ENQ-07753,2025-01-15,North-Eastern Islands,Referral,Small,Household,190.71,0,0
ENQ-07754,2025-11-16,Novena,Google Search,Small,Household,184.74,0,0
ENQ-07755,2025-01-20,Changi Bay,Google Search,Medium,Household,319.8,0,0
ENQ-07756,2025-11-18,Rochor,Referral,Medium,E-commerce,284.33,0,0
ENQ-07757,2025-04-22,North-Eastern Islands,Partner,Small,Household,176.05,0,0
ENQ-07758,2025-03-15,Choa Chu Kang,Organic,Medium,Household,273.97,0,0
ENQ-07759,2025-07-03,Ang Mo Kio,Organic,Small,SME,190.87,1,0
ENQ-07760,2025-04-09,Central Water Catchment,Organic,Locker,SME,97.47,0,0
ENQ-07761,2025-08-25,Serangoon,Partner,Small,E-commerce,191.6,0,0
ENQ-07762,2025-07-08,Seletar,Walk-in,Locker,Household,81.11,1,0
ENQ-07763,2025-12-12,Straits View,Referral,Medium,Relocation,281.94,0,0
ENQ-07764,2025-09-20,Tengah,Meta Ads,Small,E-commerce,174.03,0,0
ENQ-07765,2025-04-05,Pasir Ris,Google Search,Large,SME,439.46,0,0
ENQ-07766,2025-06-14,Tampines,Partner,Medium,Relocation,301.77,0,0
ENQ-07767,2025-07-21,Changi,Google Search,Small,Relocation,204.46,0,0
ENQ-07768,2025-10-24,Bishan,Meta Ads,Locker,Household,99.62,0,0
ENQ-07769,2025-07-24,Queenstown,Google Search,Small,Household,203.13,0,0
ENQ-07770,2025-08-16,Straits View,Referral,Large,Student/Expats,502.77,0,0
ENQ-07771,2025-05-11,Straits View,Meta Ads,Medium,SME,300.4,0,0
ENQ-07772,2025-11-02,Tengah,Organic,Medium,Household,297.48,0,0
ENQ-07773,2025-08-23,Serangoon,Referral,Medium,SME,282.36,0,0
ENQ-07774,2025-09-11,Punggol,Google Search,Medium,Household,275.78,1,0
ENQ-07775,2025-04-01,Simpang,Google Search,Small,SME,196.65,1,0
ENQ-07776,2025-10-21,Bukit Panjang,Meta Ads,Small,SME,180.61,0,0
ENQ-07777,2025-01-24,Lim Chu Kang,Google Search,Medium,SME,308.94,1,0
ENQ-07778,2025-02-05,Woodlands,Meta Ads,Small,Household,171.19,0,0
ENQ-07779,2025-06-09,Punggol,Walk-in,Large,Student/Expats,515.15,0,0
ENQ-07780,2025-12-08,Yishun,Meta Ads,Large,Relocation,493.79,0,0
ENQ-07781,2025-04-06,Tuas,Google Search,Small,Relocation,172.11,1,0
ENQ-07782,2025-11-22,Bukit Timah,Organic,Medium,Household,261.98,0,0
ENQ-07783,2025-04-29,Changi,Organic,Small,Household,183.59,1,0
ENQ-07784,2025-01-25,Pasir Ris,Google Search,Large,SME,487.83,1,0
ENQ-07785,2025-07-02,Changi,Organic,Medium,Relocation,291.71,0,0
ENQ-07786,2025-09-05,Mandai,Google Search,Medium,Student/Expats,314.02,0,0
ENQ-07787,2025-12-26,Tanglin,Google Search,Locker,Household,92.78,0,0
ENQ-07788,2025-01-10,Tanglin,Google Search,Medium,E-commerce,291.26,0,0
ENQ-07789,2025-04-29,Bukit Merah,Walk-in,Small,Household,200.11,1,0
ENQ-07790,2025-05-14,Toa Payoh,Partner,Small,Household,205.52,0,0
ENQ-07791,2025-11-20,Marina East,Meta Ads,Locker,Student/Expats,97.74,0,0
ENQ-07792,2025-04-14,Orchard,Walk-in,Large,Household,426.59,1,0
ENQ-07793,2025-12-17,Tampines,Meta Ads,Medium,Household,281.11,0,0
ENQ-07794,2025-02-05,Jurong East,Meta Ads,Small,Household,195.64,0,0
ENQ-07795,2025-07-21,Marine Parade,Organic,Large,SME,450.0,1,0
ENQ-07796,2025-09-30,Sengkang,Google Search,Medium,SME,311.42,0,0
ENQ-07797,2025-07-18,Bedok,Google Search,Locker,Student/Expats,94.1,0,0
ENQ-07798,2025-03-01,Changi Bay,Organic,Small,Household,183.58,1,0
ENQ-07799,2025-07-13,Serangoon,Google Search,Large,SME,509.11,0,0
ENQ-07800,2025-01-24,Sengkang,Google Search,Medium,Household,306.49,0,0
ENQ-07801,2025-04-12,Straits View,Walk-in,Medium,Household,280.66,1,0
ENQ-07802,2025-03-22,Simpang,Partner,Small,Student/Expats,185.95,0,0
ENQ-07803,2025-11-30,Downtown Core,Google Search,Small,Household,198.81,0,0
ENQ-07804,2025-08-31,Bishan,Referral,Large,Household,438.05,1,0
ENQ-07805,2025-10-03,Geylang,Walk-in,Medium,Household,318.76,1,0
ENQ-07806,2025-09-27,Bukit Batok,Google Search,Locker,Household,101.73,0,0
ENQ-07807,2025-03-23,Tanglin,Partner,Locker,Household,88.41,0,0
ENQ-07808,2025-03-20,Marine Parade,Referral,Small,SME,164.7,0,0
ENQ-07809,2025-08-20,Bedok,Referral,Medium,Household,291.91,0,0
ENQ-07810,2025-02-04,Orchard,Meta Ads,Locker,SME,81.5,0,0
ENQ-07811,2025-12-02,Mandai,Referral,Locker,Household,83.0,0,0
ENQ-07812,2025-09-04,Singapore River,Google Search,Small,SME,171.14,0,0
ENQ-07813,2025-10-10,Bedok,Meta Ads,Large,Household,427.26,0,0
ENQ-07814,2025-06-07,Bukit Merah,Google Search,Medium,SME,317.74,0,0
ENQ-07815,2025-10-29,Jurong West,Organic,Small,Household,180.61,0,0
ENQ-07816,2025-04-22,Central Water Catchment,Meta Ads,Small,Household,171.69,0,0
ENQ-07817,2025-10-07,Serangoon,Google Search,Small,Household,197.43,0,0
ENQ-07818,2025-07-06,Seletar,Walk-in,Locker,SME,85.74,1,0
ENQ-07819,2025-03-19,Outram,Organic,Small,Household,186.47,1,0
ENQ-07820,2025-01-01,Sembawang,Google Search,Large,Household,521.37,0,0
ENQ-07821,2025-02-27,Ang Mo Kio,Walk-in,Medium,Relocation,332.17,0,0
ENQ-07822,2025-10-08,Bishan,Partner,Medium,Household,306.09,0,0
ENQ-07823,2025-09-11,Lim Chu Kang,Google Search,Small,SME,181.35,1,0
ENQ-07824,2025-12-19,Bukit Panjang,Referral,Medium,Student/Expats,264.91,0,0
ENQ-07825,2025-10-02,Boon Lay,Partner,Small,E-commerce,199.32,1,0
ENQ-07826,2025-06-12,Simpang,Organic,Locker,Household,87.67,1,0
ENQ-07827,2025-08-06,Outram,Google Search,Medium,SME,271.37,0,0
ENQ-07828,2025-12-27,Newton,Organic,Small,Household,194.75,1,0
ENQ-07829,2025-11-14,Changi,Organic,Medium,Relocation,296.83,0,0
ENQ-07830,2025-10-19,Marina East,Meta Ads,Locker,Household,90.66,0,0
ENQ-07831,2025-08-03,Marina East,Google Search,Medium,E-commerce,330.98,0,0
ENQ-07832,2025-03-22,Bukit Merah,Meta Ads,Large,Household,426.11,0,0
ENQ-07833,2025-07-11,Geylang,Referral,Locker,Household,81.47,1,0
ENQ-07834,2025-04-12,Bukit Batok,Partner,Locker,Student/Expats,98.57,0,0
ENQ-07835,2025-04-01,Sengkang,Walk-in,Medium,Household,303.71,0,0
ENQ-07836,2025-01-28,Western Water Catchment,Partner,Medium,Household,330.99,0,0
ENQ-07837,2025-08-01,Pioneer,Google Search,Small,Household,200.47,0,0
ENQ-07838,2025-10-25,Clementi,Google Search,Medium,Household,313.98,0,0
ENQ-07839,2025-08-23,Bukit Merah,Google Search,Locker,E-commerce,92.71,1,0
ENQ-07840,2025-02-17,Newton,Google Search,Medium,Household,269.0,0,0
ENQ-07841,2025-09-23,Tampines,Referral,Large,Student/Expats,513.82,0,0
ENQ-07842,2025-01-07,Clementi,Referral,Small,Household,201.33,0,0
ENQ-07843,2025-03-27,River Valley,Referral,Locker,SME,103.01,0,0
ENQ-07844,2025-12-22,Bukit Merah,Google Search,Small,SME,182.38,0,0
ENQ-07845,2025-01-13,Yishun,Partner,Small,Student/Expats,165.49,0,0
ENQ-07846,2025-06-22,Tuas,Google Search,Locker,SME,101.59,0,0
ENQ-07847,2025-02-24,Rochor,Google Search,Medium,Student/Expats,311.18,0,0
ENQ-07848,2025-07-02,Ang Mo Kio,Walk-in,Medium,Household,325.82,0,0
ENQ-07849,2025-04-09,Seletar,Referral,Large,Household,514.41,1,0
ENQ-07850,2025-11-24,Bedok,Referral,Locker,Household,93.32,0,0
ENQ-07851,2025-05-15,Pioneer,Google Search,Small,Household,181.17,0,0
ENQ-07852,2025-10-16,Sengkang,Google Search,Medium,Household,327.0,0,0
ENQ-07853,2025-05-30,Woodlands,Google Search,Medium,Household,274.01,0,0
ENQ-07854,2025-02-21,Museum,Google Search,Medium,Household,320.59,0,0
ENQ-07855,2025-02-13,Geylang,Meta Ads,Small,Student/Expats,202.73,0,0
ENQ-07856,2025-08-15,Singapore River,Walk-in,Medium,Household,277.47,0,0
ENQ-07857,2025-12-21,Punggol,Partner,Medium,Household,330.46,0,0
ENQ-07858,2025-04-04,Lim Chu Kang,Google Search,Large,SME,486.12,1,0
ENQ-07859,2025-08-01,Sembawang,Partner,Small,Household,186.98,0,1
ENQ-07860,2025-12-31,Sungei Kadut,Organic,Medium,Household,269.88,0,0
ENQ-07861,2025-11-16,Geylang,Referral,Locker,Relocation,92.92,0,0
ENQ-07862,2025-01-22,Yishun,Google Search,Small,SME,178.53,0,0
ENQ-07863,2025-03-20,Outram,Walk-in,Small,Household,177.43,0,0
ENQ-07864,2025-09-20,Kallang,Meta Ads,Medium,E-commerce,261.39,0,1
ENQ-07865,2025-04-25,Bukit Timah,Meta Ads,Large,Household,522.97,0,1
ENQ-07866,2025-08-09,Kallang,Referral,Small,Student/Expats,200.26,0,0
ENQ-07867,2025-03-02,Singapore River,Meta Ads,Medium,Relocation,316.38,0,0
ENQ-07868,2025-03-03,Serangoon,Organic,Small,SME,197.17,0,0
ENQ-07869,2025-09-01,North-Eastern Islands,Google Search,Locker,SME,99.26,0,0
ENQ-07870,2025-04-25,Ang Mo Kio,Meta Ads,Medium,Household,283.08,0,0
ENQ-07871,2025-12-03,Queenstown,Walk-in,Locker,Household,101.11,0,0
ENQ-07872,2025-03-18,Tanglin,Meta Ads,Medium,Household,304.24,0,0
ENQ-07873,2025-02-13,Yishun,Meta Ads,Small,Relocation,188.79,0,0
ENQ-07874,2025-07-13,Bukit Merah,Partner,Large,Household,473.56,0,1
ENQ-07875,2025-03-04,Changi,Google Search,Locker,Household,86.56,0,0
ENQ-07876,2025-06-29,Tuas,Google Search,Large,SME,449.27,0,0
ENQ-07877,2025-02-02,Lim Chu Kang,Walk-in,Small,Household,163.28,0,0
ENQ-07878,2025-01-24,Queenstown,Organic,Locker,Household,81.6,0,0
ENQ-07879,2025-01-26,Kallang,Google Search,Medium,Household,265.33,1,0
ENQ-07880,2025-11-04,Sengkang,Google Search,Medium,Household,270.64,0,0
ENQ-07881,2025-07-27,Tuas,Google Search,Small,Household,189.96,0,0
ENQ-07882,2025-12-16,Mandai,Google Search,Small,E-commerce,178.01,1,0
ENQ-07883,2025-07-08,Woodlands,Google Search,Locker,Household,99.83,0,0
ENQ-07884,2025-07-24,Central Water Catchment,Partner,Small,Household,189.78,0,0
ENQ-07885,2025-03-05,Hougang,Meta Ads,Medium,Household,289.15,0,0
ENQ-07886,2025-03-21,Lim Chu Kang,Google Search,Small,SME,172.48,0,0
ENQ-07887,2025-01-24,River Valley,Google Search,Small,E-commerce,173.34,0,0
ENQ-07888,2025-03-02,Museum,Google Search,Medium,SME,264.52,1,0
ENQ-07889,2025-02-18,Kallang,Walk-in,Medium,E-commerce,329.89,1,1
ENQ-07890,2025-06-06,Mandai,Google Search,Small,SME,202.9,0,0
ENQ-07891,2025-07-31,Jurong East,Referral,Small,SME,183.7,0,0
ENQ-07892,2025-08-07,Choa Chu Kang,Meta Ads,Small,Household,185.01,0,0
ENQ-07893,2025-06-26,Sembawang,Referral,Medium,Household,316.21,0,0
ENQ-07894,2025-11-17,Downtown Core,Organic,Small,E-commerce,181.64,0,0
ENQ-07895,2025-08-12,Yishun,Organic,Small,Household,193.56,0,0
ENQ-07896,2025-12-09,Lim Chu Kang,Meta Ads,Locker,Relocation,102.52,0,0
ENQ-07897,2025-09-12,Bedok,Partner,Medium,E-commerce,274.71,0,0
ENQ-07898,2025-04-02,Seletar,Meta Ads,Medium,Student/Expats,285.1,0,0
ENQ-07899,2025-11-04,Novena,Organic,Small,Household,164.35,0,0
ENQ-07900,2025-06-30,Outram,Google Search,Large,Household,468.06,0,0
ENQ-07901,2025-07-27,Tengah,Meta Ads,Medium,Household,291.4,0,0
ENQ-07902,2025-11-26,Toa Payoh,Meta Ads,Small,Household,190.12,0,0
ENQ-07903,2025-09-27,Bedok,Referral,Small,E-commerce,180.4,0,0
ENQ-07904,2025-02-23,Newton,Organic,Small,E-commerce,163.64,0,0
ENQ-07905,2025-06-04,Singapore River,Walk-in,Small,Household,202.65,1,0
ENQ-07906,2025-11-26,Bukit Merah,Google Search,Locker,Student/Expats,100.64,0,0
ENQ-07907,2025-08-15,Novena,Meta Ads,Medium,Relocation,311.35,0,0
ENQ-07908,2025-03-12,Southern Islands,Walk-in,Medium,Household,315.02,0,0
ENQ-07909,2025-05-12,Hougang,Meta Ads,Locker,Household,92.97,0,0
ENQ-07910,2025-08-12,Novena,Organic,Large,Household,502.48,0,0
ENQ-07911,2025-08-12,Bishan,Organic,Medium,SME,281.1,1,0
ENQ-07912,2025-05-13,Marina South,Walk-in,Locker,SME,95.98,0,0
ENQ-07913,2025-08-01,Tuas,Referral,Small,Household,178.93,0,0
ENQ-07914,2025-02-20,River Valley,Walk-in,Medium,Household,312.39,0,0
ENQ-07915,2025-06-07,Orchard,Google Search,Small,Relocation,163.29,0,0
ENQ-07916,2025-06-16,Singapore River,Google Search,Locker,SME,93.67,1,0
ENQ-07917,2025-05-27,Mandai,Referral,Locker,SME,95.02,0,0
ENQ-07918,2025-06-10,Seletar,Meta Ads,Large,Relocation,518.85,0,0
ENQ-07919,2025-12-27,Boon Lay,Organic,Medium,Household,284.83,1,0
ENQ-07920,2025-07-30,Bukit Panjang,Meta Ads,Medium,Household,272.59,0,0
ENQ-07921,2025-03-24,Jurong West,Organic,Medium,Household,284.25,0,0
ENQ-07922,2025-10-13,Orchard,Walk-in,Small,Household,204.49,0,0
ENQ-07923,2025-11-21,Bedok,Google Search,Small,Relocation,197.61,1,0
ENQ-07924,2025-01-21,Tampines,Referral,Small,E-commerce,189.32,0,0
ENQ-07925,2025-03-25,Boon Lay,Meta Ads,Large,Student/Expats,416.48,0,0
ENQ-07926,2025-03-30,Central Water Catchment,Meta Ads,Small,SME,198.59,0,0
ENQ-07927,2025-09-06,Bishan,Referral,Locker,Household,95.56,0,0
ENQ-07928,2025-02-16,Central Water Catchment,Meta Ads,Medium,E-commerce,326.51,0,0
ENQ-07929,2025-09-10,Bukit Timah,Google Search,Medium,SME,270.89,0,0
ENQ-07930,2025-12-31,Western Water Catchment,Google Search,Large,Student/Expats,472.44,0,0
ENQ-07931,2025-10-16,Yishun,Walk-in,Small,SME,202.47,0,0
ENQ-07932,2025-03-17,Marina East,Walk-in,Medium,Student/Expats,321.36,1,0
ENQ-07933,2025-09-27,Lim Chu Kang,Organic,Medium,Household,290.01,0,0
ENQ-07934,2025-05-14,Outram,Walk-in,Locker,Household,102.49,0,0
ENQ-07935,2025-07-09,Toa Payoh,Partner,Locker,Household,101.21,0,0
ENQ-07936,2025-01-01,Simpang,Organic,Small,E-commerce,193.53,1,0
ENQ-07937,2025-12-25,Marina East,Meta Ads,Small,Household,169.27,0,0
ENQ-07938,2025-07-25,Changi Bay,Google Search,Locker,SME,86.88,0,0
ENQ-07939,2025-06-15,Tuas,Google Search,Small,Relocation,163.38,0,0
ENQ-07940,2025-11-07,Novena,Google Search,Medium,Household,272.93,1,0
ENQ-07941,2025-06-09,Tengah,Partner,Medium,Student/Expats,310.66,0,0
ENQ-07942,2025-02-13,Geylang,Organic,Small,Household,162.9,0,0
ENQ-07943,2025-02-05,Bukit Panjang,Meta Ads,Medium,Household,313.73,0,0
ENQ-07944,2025-03-08,Serangoon,Google Search,Locker,SME,98.49,0,0
ENQ-07945,2025-08-04,Orchard,Google Search,Medium,Student/Expats,282.4,0,0
ENQ-07946,2025-03-22,Lim Chu Kang,Walk-in,Small,Household,199.11,0,0
ENQ-07947,2025-07-19,Tengah,Google Search,Small,Household,164.78,0,0
ENQ-07948,2025-03-27,Pioneer,Organic,Medium,Household,276.64,0,0
ENQ-07949,2025-09-12,Sungei Kadut,Partner,Locker,Household,103.49,0,0
ENQ-07950,2025-02-24,Simpang,Google Search,Locker,Household,90.4,0,0
ENQ-07951,2025-11-15,River Valley,Google Search,Small,Household,175.49,0,0
ENQ-07952,2025-01-06,Pasir Ris,Meta Ads,Medium,Household,267.73,0,0
ENQ-07953,2025-04-01,North-Eastern Islands,Walk-in,Small,E-commerce,189.99,0,0
ENQ-07954,2025-01-04,Simpang,Google Search,Large,E-commerce,423.42,0,0
ENQ-07955,2025-04-03,Ang Mo Kio,Meta Ads,Medium,Household,326.19,0,0
ENQ-07956,2025-04-01,Downtown Core,Meta Ads,Locker,Household,93.75,0,0
ENQ-07957,2025-03-02,Southern Islands,Google Search,Large,Household,527.2,0,0
ENQ-07958,2025-10-03,Orchard,Google Search,Large,Student/Expats,420.06,0,0
ENQ-07959,2025-08-21,Toa Payoh,Partner,Large,Household,507.96,1,0
ENQ-07960,2025-12-20,Mandai,Meta Ads,Small,Relocation,164.69,0,0
ENQ-07961,2025-12-02,Simpang,Organic,Small,Household,195.94,0,0
ENQ-07962,2025-02-25,Seletar,Walk-in,Small,Household,192.78,1,0
ENQ-07963,2025-09-08,Choa Chu Kang,Referral,Small,Relocation,184.62,0,0
ENQ-07964,2025-01-03,Tampines,Meta Ads,Small,Household,174.91,0,0
ENQ-07965,2025-01-11,Newton,Walk-in,Small,SME,201.91,0,0
ENQ-07966,2025-04-12,Woodlands,Meta Ads,Medium,Student/Expats,297.41,0,1
ENQ-07967,2025-10-04,Ang Mo Kio,Meta Ads,Medium,SME,329.85,0,0
ENQ-07968,2025-12-20,Queenstown,Referral,Locker,SME,97.02,0,0
ENQ-07969,2025-04-16,Tampines,Referral,Medium,Household,284.42,0,0
ENQ-07970,2025-12-02,Marine Parade,Partner,Medium,Household,270.13,0,0
ENQ-07971,2025-08-11,Choa Chu Kang,Organic,Large,Household,478.74,0,0
ENQ-07972,2025-08-30,Hougang,Google Search,Medium,SME,301.73,0,0
ENQ-07973,2025-03-15,Central Water Catchment,Partner,Large,Student/Expats,417.7,0,0
ENQ-07974,2025-11-14,Newton,Meta Ads,Small,Student/Expats,185.6,0,0
ENQ-07975,2025-12-31,Changi,Partner,Small,Household,194.74,0,0
ENQ-07976,2025-11-20,Rochor,Google Search,Small,SME,206.73,0,0
ENQ-07977,2025-05-31,Central Water Catchment,Referral,Small,Household,174.53,0,0
ENQ-07978,2025-08-18,Bukit Merah,Google Search,Large,Student/Expats,501.46,0,0
ENQ-07979,2025-03-28,Changi,Partner,Small,Student/Expats,172.61,1,0
ENQ-07980,2025-04-20,Boon Lay,Google Search,Medium,SME,317.31,0,0
ENQ-07981,2025-07-26,Clementi,Partner,Medium,SME,293.01,0,0
ENQ-07982,2025-11-28,Tampines,Referral,Locker,E-commerce,100.07,0,0
ENQ-07983,2025-03-25,Tengah,Walk-in,Small,E-commerce,195.06,1,0
ENQ-07984,2025-01-23,Tanglin,Referral,Small,SME,164.61,0,0
ENQ-07985,2025-10-20,Outram,Google Search,Small,Household,189.53,0,0
ENQ-07986,2025-02-10,Museum,Referral,Medium,Household,311.82,0,0
ENQ-07987,2025-04-20,Marine Parade,Walk-in,Medium,Relocation,267.46,0,0
ENQ-07988,2025-09-08,Sembawang,Referral,Small,E-commerce,168.12,0,0
ENQ-07989,2025-12-27,Yishun,Referral,Medium,SME,314.99,0,1
ENQ-07990,2025-07-01,Pasir Ris,Google Search,Locker,Household,93.12,0,0
ENQ-07991,2025-08-11,Changi Bay,Partner,Locker,Household,88.09,0,0
ENQ-07992,2025-05-30,Sungei Kadut,Google Search,Medium,E-commerce,322.25,1,0
ENQ-07993,2025-05-06,Tampines,Organic,Locker,Household,88.84,0,0
ENQ-07994,2025-03-06,Simpang,Referral,Small,SME,188.02,1,0
ENQ-07995,2025-11-04,Western Water Catchment,Google Search,Medium,Student/Expats,263.08,0,0
ENQ-07996,2025-08-09,Clementi,Walk-in,Medium,Household,287.54,0,0
ENQ-07997,2025-01-26,Singapore River,Google Search,Small,Household,178.38,1,0
ENQ-07998,2025-04-28,Tanglin,Organic,Small,Relocation,168.19,0,0
ENQ-07999,2025-02-10,Marina South,Google Search,Small,E-commerce,183.52,1,0
ENQ-08000,2025-07-30,Simpang,Organic,Small,Student/Expats,179.12,0,0
ENQ-08001,2025-03-15,Western Water Catchment,Partner,Large,Household,516.08,0,0
ENQ-08002,2025-09-29,Woodlands,Google Search,Small,Household,164.59,0,0
ENQ-08003,2025-01-18,Yishun,Walk-in,Small,Household,168.98,1,0
ENQ-08004,2025-07-12,Southern Islands,Meta Ads,Locker,SME,83.6,0,0
ENQ-08005,2025-08-12,Sembawang,Referral,Medium,Household,306.74,0,0
ENQ-08006,2025-04-12,Changi Bay,Google Search,Small,E-commerce,193.51,0,0
ENQ-08007,2025-08-21,Tuas,Referral,Small,Household,164.96,1,0
ENQ-08008,2025-12-08,Toa Payoh,Meta Ads,Small,Household,193.22,0,0
ENQ-08009,2025-04-05,Tanglin,Walk-in,Small,Student/Expats,181.47,1,0
ENQ-08010,2025-10-25,Sengkang,Google Search,Small,Household,164.06,0,0
ENQ-08011,2025-07-05,Lim Chu Kang,Meta Ads,Small,SME,191.56,0,0
ENQ-08012,2025-09-28,Bedok,Meta Ads,Small,Household,171.75,0,0
ENQ-08013,2025-04-28,Bukit Panjang,Walk-in,Locker,SME,98.13,1,0
ENQ-08014,2025-10-26,Mandai,Organic,Medium,Student/Expats,261.16,0,0
ENQ-08015,2025-11-25,Changi Bay,Referral,Small,Household,201.36,0,0
ENQ-08016,2025-06-08,Changi Bay,Walk-in,Small,Household,163.37,1,1
ENQ-08017,2025-05-26,Hougang,Walk-in,Medium,SME,262.72,1,0
ENQ-08018,2025-09-22,Tampines,Google Search,Small,Household,166.26,0,0
ENQ-08019,2025-07-03,Marine Parade,Organic,Medium,SME,288.41,1,0
ENQ-08020,2025-12-08,Changi Bay,Google Search,Medium,E-commerce,283.71,0,0
ENQ-08021,2025-10-03,Choa Chu Kang,Meta Ads,Locker,Household,89.88,0,0
ENQ-08022,2025-04-12,Kallang,Organic,Small,Student/Expats,188.29,1,0
ENQ-08023,2025-07-22,Clementi,Referral,Small,Household,198.76,1,0
ENQ-08024,2025-12-13,Kallang,Google Search,Large,Household,422.7,0,0
ENQ-08025,2025-03-05,Tuas,Walk-in,Medium,SME,298.08,0,0
ENQ-08026,2025-10-16,Downtown Core,Meta Ads,Medium,Household,317.15,0,0
ENQ-08027,2025-04-12,Tampines,Walk-in,Locker,Household,97.83,0,0
ENQ-08028,2025-04-06,Tampines,Meta Ads,Medium,Household,269.72,1,1
ENQ-08029,2025-10-22,Hougang,Google Search,Small,SME,181.91,1,0
ENQ-08030,2025-03-10,North-Eastern Islands,Organic,Large,Household,460.09,0,0
ENQ-08031,2025-01-29,Mandai,Google Search,Small,SME,171.86,0,0
ENQ-08032,2025-08-08,Sembawang,Partner,Medium,Household,296.84,0,0
ENQ-08033,2025-02-07,Choa Chu Kang,Google Search,Medium,Household,311.99,0,0
ENQ-08034,2025-12-30,Downtown Core,Google Search,Locker,SME,83.63,0,0
ENQ-08035,2025-09-18,Marine Parade,Google Search,Medium,SME,332.27,0,0
ENQ-08036,2025-09-07,Sembawang,Google Search,Small,Student/Expats,206.93,1,0
ENQ-08037,2025-09-19,Woodlands,Google Search,Locker,Student/Expats,103.12,0,0
ENQ-08038,2025-06-15,Newton,Walk-in,Small,Household,163.57,0,0
ENQ-08039,2025-11-13,Boon Lay,Meta Ads,Small,Student/Expats,200.56,0,0
ENQ-08040,2025-06-05,Tanglin,Google Search,Locker,Household,83.72,1,0
ENQ-08041,2025-05-16,Outram,Partner,Small,Household,199.03,0,0
ENQ-08042,2025-06-18,Central Water Catchment,Google Search,Locker,Household,98.39,0,0
ENQ-08043,2025-01-29,Outram,Organic,Small,SME,184.92,0,0
ENQ-08044,2025-07-22,Marina East,Partner,Small,E-commerce,184.83,0,0
ENQ-08045,2025-04-01,Ang Mo Kio,Walk-in,Small,Relocation,195.39,1,0
ENQ-08046,2025-01-09,Western Water Catchment,Walk-in,Small,E-commerce,166.9,1,0
ENQ-08047,2025-05-25,Choa Chu Kang,Meta Ads,Medium,Student/Expats,302.13,0,0
ENQ-08048,2025-06-12,Punggol,Google Search,Small,SME,183.99,1,0
ENQ-08049,2025-09-02,Bukit Batok,Google Search,Locker,Household,96.38,0,0
ENQ-08050,2025-05-10,Sembawang,Google Search,Medium,Student/Expats,296.7,0,0
ENQ-08051,2025-04-24,Kallang,Referral,Medium,Student/Expats,315.11,1,0
ENQ-08052,2025-11-23,Bishan,Walk-in,Small,SME,196.84,1,0
ENQ-08053,2025-07-17,Bukit Panjang,Meta Ads,Medium,Household,332.73,0,0
ENQ-08054,2025-12-14,Ang Mo Kio,Organic,Locker,Household,84.52,1,0
ENQ-08055,2025-12-16,Seletar,Partner,Locker,E-commerce,83.24,0,0
ENQ-08056,2025-04-15,Simpang,Referral,Medium,Household,297.81,0,0
ENQ-08057,2025-01-02,Marine Parade,Partner,Medium,Household,332.97,0,0
ENQ-08058,2025-02-04,Simpang,Partner,Small,Household,164.97,0,0
ENQ-08059,2025-09-23,Novena,Meta Ads,Small,Household,181.29,0,0
ENQ-08060,2025-02-28,Geylang,Google Search,Locker,SME,81.11,0,0
ENQ-08061,2025-12-26,Sungei Kadut,Google Search,Locker,Household,96.08,0,0
ENQ-08062,2025-01-25,Sungei Kadut,Meta Ads,Large,Household,468.68,0,0
ENQ-08063,2025-09-19,Seletar,Organic,Large,Relocation,493.89,0,0
ENQ-08064,2025-06-25,Mandai,Meta Ads,Small,Household,196.08,0,0
ENQ-08065,2025-10-25,Bedok,Referral,Medium,SME,275.05,0,0
ENQ-08066,2025-05-06,Rochor,Google Search,Medium,SME,294.93,1,0
ENQ-08067,2025-01-03,Jurong East,Walk-in,Medium,E-commerce,271.19,0,0
ENQ-08068,2025-06-07,Bishan,Google Search,Medium,Household,319.46,0,0
ENQ-08069,2025-04-30,Central Water Catchment,Organic,Large,Household,456.5,1,0
ENQ-08070,2025-03-13,Toa Payoh,Walk-in,Medium,SME,282.81,0,0
ENQ-08071,2025-10-04,Downtown Core,Meta Ads,Large,SME,527.6,0,0
ENQ-08072,2025-07-18,Bishan,Partner,Locker,SME,94.15,1,1
ENQ-08073,2025-10-25,Southern Islands,Meta Ads,Medium,Household,327.82,0,0
ENQ-08074,2025-11-20,Singapore River,Meta Ads,Large,Relocation,444.84,0,0
ENQ-08075,2025-01-15,Bukit Merah,Organic,Small,SME,168.74,0,0
ENQ-08076,2025-04-01,Bukit Batok,Partner,Medium,Relocation,277.34,0,0
ENQ-08077,2025-01-16,Tuas,Walk-in,Medium,E-commerce,290.09,0,0
ENQ-08078,2025-06-10,Lim Chu Kang,Google Search,Large,Household,468.85,1,0
ENQ-08079,2025-10-18,Marine Parade,Google Search,Small,Household,164.35,0,0
ENQ-08080,2025-03-26,River Valley,Meta Ads,Small,Household,168.77,0,0
ENQ-08081,2025-07-01,Outram,Meta Ads,Medium,Household,318.78,0,0
ENQ-08082,2025-05-13,Choa Chu Kang,Google Search,Small,SME,178.67,0,0
ENQ-08083,2025-03-12,Tengah,Partner,Medium,Household,279.43,1,0
ENQ-08084,2025-10-01,Geylang,Walk-in,Medium,Household,278.94,0,0
ENQ-08085,2025-05-06,Kallang,Referral,Small,Household,169.75,0,0
ENQ-08086,2025-08-16,Punggol,Walk-in,Medium,Household,286.15,0,0
ENQ-08087,2025-01-12,North-Eastern Islands,Google Search,Locker,Household,91.15,0,0
ENQ-08088,2025-05-31,Rochor,Organic,Small,E-commerce,177.07,0,0
ENQ-08089,2025-06-27,Sengkang,Google Search,Medium,Relocation,270.33,0,0
ENQ-08090,2025-06-24,Woodlands,Walk-in,Large,E-commerce,456.92,0,0
ENQ-08091,2025-01-06,Hougang,Referral,Medium,Student/Expats,281.97,0,0
ENQ-08092,2025-10-05,Novena,Organic,Large,Household,527.39,0,0
ENQ-08093,2025-10-27,Marine Parade,Google Search,Medium,SME,297.75,0,0
ENQ-08094,2025-03-22,Bedok,Organic,Locker,Household,97.9,1,0
ENQ-08095,2025-08-26,Bukit Timah,Meta Ads,Medium,Relocation,277.13,0,0
ENQ-08096,2025-05-26,Serangoon,Google Search,Locker,Household,93.24,1,1
ENQ-08097,2025-06-19,Choa Chu Kang,Organic,Medium,Household,292.59,0,0
ENQ-08098,2025-02-26,Singapore River,Google Search,Small,SME,205.4,0,0
ENQ-08099,2025-11-28,Serangoon,Google Search,Small,Household,174.18,1,0
ENQ-08100,2025-08-25,Changi,Organic,Medium,Household,272.66,0,0
ENQ-08101,2025-11-12,Simpang,Google Search,Small,Household,185.48,0,0
ENQ-08102,2025-04-24,Toa Payoh,Referral,Small,Student/Expats,167.89,0,0
ENQ-08103,2025-05-02,Toa Payoh,Organic,Small,Relocation,173.62,0,0
ENQ-08104,2025-06-24,Choa Chu Kang,Partner,Locker,Relocation,89.95,0,0
ENQ-08105,2025-03-16,Straits View,Partner,Large,E-commerce,525.29,0,0
ENQ-08106,2025-12-30,Queenstown,Meta Ads,Small,Student/Expats,197.87,0,0
ENQ-08107,2025-10-26,Bukit Panjang,Google Search,Locker,Household,101.59,0,0
ENQ-08108,2025-02-19,Toa Payoh,Organic,Small,Household,167.63,1,0
ENQ-08109,2025-11-26,Changi,Google Search,Small,Household,173.37,1,0
ENQ-08110,2025-10-24,Bukit Panjang,Meta Ads,Small,Household,163.49,0,0
ENQ-08111,2025-10-02,Geylang,Organic,Medium,Student/Expats,292.58,1,0
ENQ-08112,2025-02-08,Bukit Batok,Meta Ads,Medium,Household,307.59,0,0
ENQ-08113,2025-06-04,Changi,Google Search,Medium,Household,265.72,0,0
ENQ-08114,2025-04-24,Bukit Batok,Google Search,Medium,Household,283.58,0,0
ENQ-08115,2025-11-20,Jurong East,Partner,Medium,SME,293.89,0,0
ENQ-08116,2025-03-25,Ang Mo Kio,Google Search,Medium,E-commerce,271.73,0,0
ENQ-08117,2025-12-28,Sengkang,Meta Ads,Locker,Household,86.62,0,0
ENQ-08118,2025-04-05,Seletar,Organic,Small,Household,201.79,0,0
ENQ-08119,2025-08-16,Boon Lay,Organic,Large,Household,428.33,0,0
ENQ-08120,2025-01-08,Hougang,Referral,Medium,Household,290.54,0,1
ENQ-08121,2025-02-27,Simpang,Google Search,Small,E-commerce,185.57,0,0
ENQ-08122,2025-07-10,Serangoon,Google Search,Locker,Student/Expats,102.94,0,0
ENQ-08123,2025-06-14,Jurong East,Meta Ads,Small,SME,185.52,0,0
ENQ-08124,2025-05-01,Mandai,Google Search,Small,Household,194.05,0,0
ENQ-08125,2025-10-09,Woodlands,Partner,Small,Household,166.35,0,0
ENQ-08126,2025-07-31,Bukit Merah,Google Search,Large,Household,438.89,1,0
ENQ-08127,2025-08-23,Pioneer,Partner,Medium,Household,291.29,0,0
ENQ-08128,2025-02-07,Simpang,Google Search,Medium,Household,290.46,1,0
ENQ-08129,2025-04-18,Downtown Core,Google Search,Small,Household,175.48,0,0
ENQ-08130,2025-01-16,Serangoon,Google Search,Small,E-commerce,175.59,0,0
ENQ-08131,2025-10-18,Bukit Panjang,Referral,Medium,SME,309.02,0,0
ENQ-08132,2025-10-06,Orchard,Meta Ads,Large,Household,510.94,0,0
ENQ-08133,2025-08-31,Outram,Google Search,Large,SME,438.13,0,0
ENQ-08134,2025-11-04,Central Water Catchment,Google Search,Large,Household,437.65,0,0
ENQ-08135,2025-02-19,Outram,Organic,Medium,Household,295.66,0,0
ENQ-08136,2025-07-30,Yishun,Referral,Small,SME,188.65,0,0
ENQ-08137,2025-09-05,Western Water Catchment,Organic,Small,E-commerce,193.52,0,0
ENQ-08138,2025-09-27,Central Water Catchment,Google Search,Small,Household,201.28,1,0
ENQ-08139,2025-12-13,Orchard,Meta Ads,Small,Household,200.69,0,0
ENQ-08140,2025-01-27,Outram,Meta Ads,Locker,Household,99.39,0,0
ENQ-08141,2025-10-27,Sungei Kadut,Google Search,Medium,Household,302.8,0,0
ENQ-08142,2025-02-06,Singapore River,Google Search,Locker,Household,90.65,0,0
ENQ-08143,2025-01-06,Serangoon,Referral,Small,E-commerce,200.75,0,0
ENQ-08144,2025-03-18,Pasir Ris,Meta Ads,Large,E-commerce,492.12,1,0
ENQ-08145,2025-04-12,Marina South,Meta Ads,Small,SME,174.37,0,0
ENQ-08146,2025-07-19,Hougang,Organic,Medium,Relocation,329.79,0,0
ENQ-08147,2025-01-29,Boon Lay,Partner,Medium,Household,317.16,0,0
ENQ-08148,2025-03-09,Kallang,Meta Ads,Locker,Relocation,96.65,0,0
ENQ-08149,2025-06-04,Ang Mo Kio,Meta Ads,Small,SME,163.0,0,0
ENQ-08150,2025-12-11,Bukit Panjang,Referral,Medium,Household,307.95,1,0
ENQ-08151,2025-04-08,Outram,Walk-in,Medium,SME,292.05,0,0
ENQ-08152,2025-08-31,Bukit Merah,Partner,Locker,Household,93.76,0,0
ENQ-08153,2025-03-23,Bukit Merah,Partner,Small,Household,200.6,0,0
ENQ-08154,2025-11-25,Western Water Catchment,Google Search,Small,Household,185.28,0,0
ENQ-08155,2025-09-07,Hougang,Referral,Medium,Relocation,290.29,0,0
ENQ-08156,2025-04-18,Changi Bay,Google Search,Medium,Household,318.47,1,0
ENQ-08157,2025-03-05,Punggol,Walk-in,Medium,E-commerce,330.18,0,0
ENQ-08158,2025-08-02,Simpang,Walk-in,Small,SME,200.84,0,0
ENQ-08159,2025-12-19,Punggol,Partner,Medium,Household,297.61,0,0
ENQ-08160,2025-05-24,Mandai,Organic,Medium,Household,310.2,0,0
ENQ-08161,2025-06-27,Rochor,Meta Ads,Locker,Relocation,94.82,0,0
ENQ-08162,2025-05-31,Bukit Timah,Walk-in,Large,Household,430.07,0,0
ENQ-08163,2025-05-30,Hougang,Referral,Medium,Student/Expats,278.02,0,0
ENQ-08164,2025-11-01,Bukit Batok,Walk-in,Small,E-commerce,195.73,0,0
ENQ-08165,2025-11-15,Tuas,Meta Ads,Large,SME,472.12,0,0
ENQ-08166,2025-10-10,Western Water Catchment,Google Search,Large,Household,429.32,0,0
ENQ-08167,2025-01-30,Sungei Kadut,Organic,Medium,Household,304.65,0,0
ENQ-08168,2025-12-01,River Valley,Meta Ads,Medium,Student/Expats,289.66,0,0
ENQ-08169,2025-12-22,Outram,Meta Ads,Locker,Student/Expats,88.0,0,0
ENQ-08170,2025-04-23,Bedok,Organic,Medium,Student/Expats,265.46,0,1
ENQ-08171,2025-03-04,Pioneer,Referral,Small,E-commerce,178.16,0,0
ENQ-08172,2025-11-07,Tanglin,Google Search,Large,Household,502.69,0,0
ENQ-08173,2025-05-08,Marina South,Google Search,Large,SME,423.11,0,0
ENQ-08174,2025-04-25,Lim Chu Kang,Organic,Medium,Household,300.9,0,1
ENQ-08175,2025-10-12,Marina East,Partner,Small,Household,206.78,0,0
ENQ-08176,2025-07-24,Museum,Google Search,Small,Relocation,178.42,0,0
ENQ-08177,2025-08-03,Pioneer,Partner,Medium,SME,314.86,0,0
ENQ-08178,2025-08-23,Serangoon,Meta Ads,Small,E-commerce,185.76,0,0
ENQ-08179,2025-04-11,Lim Chu Kang,Google Search,Locker,SME,95.86,0,0
ENQ-08180,2025-04-02,Mandai,Organic,Small,Household,185.45,1,0
ENQ-08181,2025-01-15,Changi,Referral,Small,Household,175.95,1,0
ENQ-08182,2025-12-26,Changi Bay,Organic,Locker,Household,100.96,0,0
ENQ-08183,2025-09-11,Bukit Timah,Referral,Small,Household,192.76,0,0
ENQ-08184,2025-09-29,Marina South,Google Search,Small,Household,175.65,0,0
ENQ-08185,2025-08-01,Bukit Merah,Google Search,Medium,SME,302.32,0,0
ENQ-08186,2025-07-17,Outram,Google Search,Medium,SME,325.22,0,0
ENQ-08187,2025-01-10,Sungei Kadut,Meta Ads,Medium,SME,286.54,0,0
ENQ-08188,2025-10-30,Bedok,Google Search,Small,SME,189.49,0,0
ENQ-08189,2025-02-01,Sengkang,Organic,Medium,Household,327.07,0,0
ENQ-08190,2025-05-09,Sungei Kadut,Google Search,Small,Household,164.11,0,0
ENQ-08191,2025-02-14,North-Eastern Islands,Meta Ads,Medium,SME,269.02,0,0
ENQ-08192,2025-10-08,Rochor,Google Search,Locker,Relocation,95.89,0,0
ENQ-08193,2025-03-17,Newton,Walk-in,Small,Student/Expats,163.36,0,0
ENQ-08194,2025-08-24,Bukit Merah,Organic,Medium,E-commerce,272.44,0,0
ENQ-08195,2025-06-08,Bukit Batok,Google Search,Small,Household,197.89,0,0
ENQ-08196,2025-11-14,Tanglin,Meta Ads,Locker,Relocation,90.0,0,0
ENQ-08197,2025-03-09,Western Water Catchment,Referral,Locker,SME,91.91,0,0
ENQ-08198,2025-11-12,Western Water Catchment,Organic,Medium,Household,268.25,0,0
ENQ-08199,2025-10-02,Toa Payoh,Meta Ads,Large,Household,430.81,0,0
ENQ-08200,2025-05-01,Rochor,Referral,Locker,Household,89.81,0,0
ENQ-08201,2025-12-01,Pasir Ris,Google Search,Medium,Household,329.15,0,0
ENQ-08202,2025-05-05,River Valley,Organic,Medium,SME,327.59,1,0
ENQ-08203,2025-03-23,Geylang,Meta Ads,Medium,E-commerce,325.68,0,0
ENQ-08204,2025-07-25,Straits View,Referral,Small,Household,200.01,0,0
ENQ-08205,2025-09-19,Tengah,Referral,Medium,Relocation,331.14,0,0
ENQ-08206,2025-10-21,Jurong East,Partner,Medium,Relocation,313.82,0,0
ENQ-08207,2025-03-18,Marina East,Partner,Medium,Student/Expats,314.63,1,0
ENQ-08208,2025-10-05,Tampines,Walk-in,Small,Household,186.86,1,0
ENQ-08209,2025-02-25,Orchard,Walk-in,Small,E-commerce,182.67,0,0
ENQ-08210,2025-08-19,Mandai,Meta Ads,Small,Relocation,179.65,0,0
ENQ-08211,2025-10-13,Bukit Merah,Walk-in,Small,Student/Expats,177.97,0,0
ENQ-08212,2025-06-23,Lim Chu Kang,Organic,Small,Household,162.06,0,0
ENQ-08213,2025-12-05,Orchard,Partner,Large,Household,451.73,1,0
ENQ-08214,2025-03-27,Outram,Referral,Medium,Household,276.88,0,0
ENQ-08215,2025-03-15,Rochor,Google Search,Medium,SME,333.31,0,0
ENQ-08216,2025-11-07,Sembawang,Organic,Small,Household,162.72,0,0
ENQ-08217,2025-08-02,Marina South,Organic,Small,SME,204.02,1,0
ENQ-08218,2025-11-26,Central Water Catchment,Google Search,Large,Household,442.9,0,0
ENQ-08219,2025-03-21,Choa Chu Kang,Google Search,Large,Household,452.55,0,0
ENQ-08220,2025-06-12,Serangoon,Meta Ads,Small,Household,175.88,1,0
ENQ-08221,2025-05-05,Clementi,Google Search,Large,Household,526.88,0,0
ENQ-08222,2025-05-27,Bukit Panjang,Organic,Small,Household,198.54,0,0
ENQ-08223,2025-01-04,Lim Chu Kang,Referral,Medium,Student/Expats,308.95,0,0
ENQ-08224,2025-11-19,Pasir Ris,Organic,Medium,Household,288.53,0,0
ENQ-08225,2025-06-07,Tuas,Walk-in,Small,Household,172.4,0,0
ENQ-08226,2025-04-18,Seletar,Referral,Small,Relocation,170.55,0,0
ENQ-08227,2025-09-26,Bedok,Organic,Medium,E-commerce,329.06,0,0
ENQ-08228,2025-07-05,Sengkang,Partner,Medium,Relocation,294.22,0,0
ENQ-08229,2025-05-18,Novena,Google Search,Medium,Household,315.66,0,0
ENQ-08230,2025-05-04,Marina South,Google Search,Small,E-commerce,177.12,0,0
ENQ-08231,2025-08-22,Pioneer,Google Search,Small,Household,182.33,0,0
ENQ-08232,2025-08-21,Bukit Batok,Google Search,Small,E-commerce,179.93,0,0
ENQ-08233,2025-05-02,Choa Chu Kang,Google Search,Small,Household,180.65,0,0
ENQ-08234,2025-05-20,Pasir Ris,Google Search,Small,SME,163.79,0,0
ENQ-08235,2025-09-10,Bedok,Referral,Large,SME,487.66,1,0
ENQ-08236,2025-12-11,Sengkang,Google Search,Locker,SME,83.79,0,0
ENQ-08237,2025-02-11,Southern Islands,Meta Ads,Small,SME,180.87,0,1
ENQ-08238,2025-08-14,Lim Chu Kang,Referral,Large,Student/Expats,517.01,1,0
ENQ-08239,2025-09-16,Bukit Panjang,Google Search,Medium,Household,327.88,0,0
ENQ-08240,2025-03-02,Geylang,Partner,Locker,Household,84.84,0,0
ENQ-08241,2025-04-04,Tuas,Google Search,Small,E-commerce,192.04,1,1
ENQ-08242,2025-09-08,Changi,Organic,Medium,Household,299.22,0,0
ENQ-08243,2025-11-05,Bukit Merah,Walk-in,Medium,Household,308.34,1,0
ENQ-08244,2025-12-09,Bukit Timah,Walk-in,Locker,Household,97.94,0,0
ENQ-08245,2025-01-12,Bukit Panjang,Meta Ads,Medium,SME,300.34,0,1
ENQ-08246,2025-06-17,River Valley,Referral,Small,Household,201.58,0,0
ENQ-08247,2025-10-22,Central Water Catchment,Partner,Medium,SME,332.6,0,0
ENQ-08248,2025-03-17,Museum,Meta Ads,Large,SME,507.54,0,0
ENQ-08249,2025-01-13,Bukit Panjang,Google Search,Small,SME,167.7,0,0
ENQ-08250,2025-11-08,Bukit Panjang,Organic,Small,Student/Expats,180.87,1,0
ENQ-08251,2025-06-16,Bishan,Google Search,Medium,SME,269.51,0,0
ENQ-08252,2025-09-26,Geylang,Meta Ads,Large,Relocation,459.88,0,0
ENQ-08253,2025-12-15,Tuas,Organic,Locker,Household,96.5,0,0
ENQ-08254,2025-04-23,Orchard,Meta Ads,Small,Household,185.37,0,0
ENQ-08255,2025-04-29,Sungei Kadut,Google Search,Small,SME,173.3,0,0
ENQ-08256,2025-04-29,Sengkang,Walk-in,Small,Household,199.13,0,0
ENQ-08257,2025-11-03,Lim Chu Kang,Google Search,Locker,E-commerce,101.04,0,0
ENQ-08258,2025-01-14,Boon Lay,Organic,Small,SME,173.6,0,0
ENQ-08259,2025-02-10,Central Water Catchment,Meta Ads,Medium,Household,318.67,0,0
ENQ-08260,2025-01-18,Yishun,Meta Ads,Locker,Household,96.39,0,0
ENQ-08261,2025-07-16,Bedok,Referral,Medium,Household,285.03,0,0
ENQ-08262,2025-02-07,Rochor,Meta Ads,Medium,E-commerce,270.88,0,0
ENQ-08263,2025-11-17,Singapore River,Organic,Medium,Household,323.61,0,0
ENQ-08264,2025-10-09,Lim Chu Kang,Walk-in,Locker,SME,81.87,0,0
ENQ-08265,2025-05-22,Bishan,Google Search,Locker,SME,100.86,1,0
ENQ-08266,2025-04-18,Sungei Kadut,Google Search,Medium,Household,313.63,0,0
ENQ-08267,2025-07-24,Woodlands,Partner,Medium,SME,280.99,0,0
ENQ-08268,2025-05-26,Changi Bay,Referral,Small,E-commerce,171.57,0,0
ENQ-08269,2025-04-07,Rochor,Meta Ads,Small,Household,198.85,0,0
ENQ-08270,2025-01-07,Marine Parade,Referral,Locker,Relocation,91.7,1,0
ENQ-08271,2025-05-21,Simpang,Meta Ads,Small,Student/Expats,163.74,0,0
ENQ-08272,2025-02-01,Newton,Organic,Medium,Household,263.44,0,0
ENQ-08273,2025-02-02,Marina South,Google Search,Large,Student/Expats,440.51,0,0
ENQ-08274,2025-06-27,Downtown Core,Meta Ads,Locker,Household,100.5,0,0
ENQ-08275,2025-06-24,Bukit Merah,Google Search,Medium,Relocation,271.78,0,0
ENQ-08276,2025-08-20,Marina East,Organic,Small,Household,168.92,0,0
ENQ-08277,2025-10-20,Central Water Catchment,Organic,Medium,E-commerce,266.75,0,0
ENQ-08278,2025-10-27,Tanglin,Google Search,Small,Household,172.75,0,0
ENQ-08279,2025-03-02,Marina South,Google Search,Medium,E-commerce,295.49,0,0
ENQ-08280,2025-08-10,Boon Lay,Walk-in,Small,SME,204.7,1,0
ENQ-08281,2025-06-27,Singapore River,Referral,Medium,Student/Expats,287.81,0,0
ENQ-08282,2025-01-18,Queenstown,Walk-in,Locker,Household,101.17,1,0
ENQ-08283,2025-04-04,Central Water Catchment,Google Search,Medium,Student/Expats,271.67,0,0
ENQ-08284,2025-09-05,Clementi,Google Search,Small,Household,180.93,1,0
ENQ-08285,2025-03-23,Western Water Catchment,Organic,Small,Household,182.18,0,0
ENQ-08286,2025-05-01,Hougang,Organic,Small,Household,181.26,0,0
ENQ-08287,2025-04-14,Sungei Kadut,Organic,Locker,Household,88.2,0,0
ENQ-08288,2025-01-25,Geylang,Partner,Medium,SME,280.17,1,0
ENQ-08289,2025-01-14,Changi,Meta Ads,Medium,Household,270.82,0,0
ENQ-08290,2025-04-15,Changi,Meta Ads,Locker,Relocation,93.43,0,0
ENQ-08291,2025-12-05,Bishan,Meta Ads,Small,Household,180.69,0,0
ENQ-08292,2025-09-05,Newton,Google Search,Small,Household,199.58,0,0
ENQ-08293,2025-11-12,Singapore River,Partner,Locker,Household,86.52,0,0
ENQ-08294,2025-11-26,Marina South,Organic,Small,Household,190.34,0,0
ENQ-08295,2025-11-23,Simpang,Meta Ads,Medium,Household,304.85,0,0
ENQ-08296,2025-12-24,North-Eastern Islands,Referral,Medium,E-commerce,293.77,0,0
ENQ-08297,2025-07-17,Bukit Merah,Walk-in,Locker,Household,86.89,0,0
ENQ-08298,2025-06-28,Singapore River,Organic,Medium,Household,308.0,0,0
ENQ-08299,2025-03-08,River Valley,Organic,Medium,Household,330.35,0,0
ENQ-08300,2025-09-28,Rochor,Google Search,Medium,Household,314.7,1,0
ENQ-08301,2025-11-21,Jurong East,Referral,Small,SME,169.33,0,0
ENQ-08302,2025-09-21,Marina East,Referral,Medium,SME,270.12,0,0
ENQ-08303,2025-09-01,River Valley,Walk-in,Small,SME,173.06,0,0
ENQ-08304,2025-03-26,Marine Parade,Meta Ads,Medium,Household,296.38,0,0
ENQ-08305,2025-12-01,Southern Islands,Google Search,Medium,E-commerce,281.92,0,0
ENQ-08306,2025-07-27,Marina East,Referral,Locker,E-commerce,84.89,1,1
ENQ-08307,2025-09-06,Hougang,Organic,Locker,SME,89.57,0,0
ENQ-08308,2025-01-20,Outram,Partner,Small,Household,164.27,0,0
ENQ-08309,2025-12-19,Downtown Core,Organic,Small,Household,200.44,0,0
ENQ-08310,2025-06-11,Tuas,Partner,Locker,SME,85.78,0,1
ENQ-08311,2025-04-22,Jurong West,Referral,Small,SME,186.69,1,0
ENQ-08312,2025-06-15,Newton,Walk-in,Small,Household,179.12,0,0
ENQ-08313,2025-02-05,Jurong West,Organic,Small,SME,204.78,1,0
ENQ-08314,2025-04-12,Orchard,Google Search,Medium,Relocation,296.63,1,0
ENQ-08315,2025-10-25,Sengkang,Organic,Small,Household,169.0,0,0
ENQ-08316,2025-12-30,Pioneer,Walk-in,Small,Household,196.41,1,0
ENQ-08317,2025-08-30,Central Water Catchment,Organic,Small,Relocation,188.3,0,0
ENQ-08318,2025-04-06,Seletar,Meta Ads,Large,Household,424.88,0,1
ENQ-08319,2025-05-07,North-Eastern Islands,Google Search,Medium,Household,265.47,0,0
ENQ-08320,2025-08-31,Orchard,Walk-in,Large,Relocation,441.43,0,0
ENQ-08321,2025-03-27,Simpang,Google Search,Large,Relocation,501.07,0,0
ENQ-08322,2025-08-09,Boon Lay,Walk-in,Medium,Household,272.32,0,0
ENQ-08323,2025-07-01,Downtown Core,Partner,Small,E-commerce,190.52,0,0
ENQ-08324,2025-06-17,Clementi,Walk-in,Small,E-commerce,188.94,0,0
ENQ-08325,2025-06-08,Outram,Meta Ads,Medium,E-commerce,324.07,1,0
ENQ-08326,2025-07-06,Sembawang,Referral,Medium,SME,311.15,0,0
ENQ-08327,2025-10-12,Sengkang,Walk-in,Medium,Student/Expats,315.2,1,1
ENQ-08328,2025-06-05,Clementi,Google Search,Locker,Household,102.8,0,0
ENQ-08329,2025-02-23,Sembawang,Google Search,Locker,Student/Expats,99.05,0,0
ENQ-08330,2025-02-25,Sembawang,Meta Ads,Small,Household,191.5,0,0
ENQ-08331,2025-12-06,Clementi,Referral,Small,Household,173.63,1,0
ENQ-08332,2025-10-30,Seletar,Meta Ads,Medium,SME,303.38,1,0
ENQ-08333,2025-04-24,Museum,Meta Ads,Large,Household,493.3,0,0
ENQ-08334,2025-05-05,Pasir Ris,Google Search,Medium,Household,295.24,0,0
ENQ-08335,2025-06-15,Orchard,Google Search,Medium,SME,329.75,1,0
ENQ-08336,2025-03-31,Sembawang,Walk-in,Small,Household,165.38,1,0
ENQ-08337,2025-02-22,Tampines,Google Search,Medium,Household,278.02,0,0
ENQ-08338,2025-11-11,Marina South,Referral,Locker,SME,101.63,0,0
ENQ-08339,2025-12-14,Bukit Batok,Google Search,Large,Household,432.81,0,0
ENQ-08340,2025-06-18,Orchard,Meta Ads,Medium,SME,315.85,0,1
ENQ-08341,2025-05-03,Newton,Partner,Medium,Relocation,302.72,0,0
ENQ-08342,2025-04-25,Yishun,Organic,Medium,Household,292.74,0,0
ENQ-08343,2025-11-12,Novena,Google Search,Medium,Student/Expats,285.47,0,0
ENQ-08344,2025-01-18,Bukit Batok,Organic,Medium,Household,312.44,0,0
ENQ-08345,2025-02-03,Bedok,Walk-in,Medium,Household,299.24,0,0
ENQ-08346,2025-03-27,Bukit Batok,Google Search,Medium,E-commerce,279.76,0,0
ENQ-08347,2025-03-18,Bedok,Organic,Medium,Household,285.83,0,0
ENQ-08348,2025-08-10,Toa Payoh,Organic,Locker,Household,101.33,0,0
ENQ-08349,2025-07-24,Pioneer,Google Search,Small,Household,169.02,0,0
ENQ-08350,2025-01-20,Punggol,Organic,Locker,Student/Expats,98.28,1,0
ENQ-08351,2025-11-17,Pioneer,Organic,Medium,SME,281.48,0,0
ENQ-08352,2025-09-14,Central Water Catchment,Meta Ads,Small,Household,189.86,0,0
ENQ-08353,2025-06-26,Kallang,Referral,Medium,SME,262.45,0,0
ENQ-08354,2025-11-16,Lim Chu Kang,Organic,Medium,SME,327.76,1,0
ENQ-08355,2025-12-12,Downtown Core,Meta Ads,Small,SME,168.66,0,0
ENQ-08356,2025-03-14,Geylang,Meta Ads,Small,Household,205.28,0,0
ENQ-08357,2025-02-26,Woodlands,Referral,Medium,SME,282.82,0,0
ENQ-08358,2025-03-15,Sungei Kadut,Google Search,Medium,Household,330.42,0,0
ENQ-08359,2025-10-05,Orchard,Organic,Locker,Household,81.74,0,0
ENQ-08360,2025-03-07,Geylang,Meta Ads,Locker,Household,94.59,0,0
ENQ-08361,2025-08-22,Kallang,Walk-in,Small,Household,178.29,0,0
ENQ-08362,2025-06-29,Rochor,Partner,Small,Household,197.75,1,0
ENQ-08363,2025-01-01,Marina South,Google Search,Small,Relocation,176.53,0,0
ENQ-08364,2025-08-12,Lim Chu Kang,Google Search,Medium,Household,301.48,0,0
ENQ-08365,2025-11-08,Singapore River,Google Search,Small,Student/Expats,200.8,0,0
ENQ-08366,2025-12-20,Choa Chu Kang,Google Search,Small,Household,205.56,0,0
ENQ-08367,2025-04-29,Jurong West,Organic,Small,Household,203.08,0,1
ENQ-08368,2025-02-20,Lim Chu Kang,Meta Ads,Locker,SME,95.61,0,0
ENQ-08369,2025-10-24,Sembawang,Walk-in,Medium,E-commerce,297.26,1,0
ENQ-08370,2025-03-02,Queenstown,Meta Ads,Locker,Relocation,83.26,0,0
ENQ-08371,2025-02-04,Outram,Google Search,Locker,Household,102.76,0,0
ENQ-08372,2025-04-09,Mandai,Partner,Medium,SME,292.88,0,0
ENQ-08373,2025-07-17,Straits View,Partner,Large,Relocation,458.63,1,0
ENQ-08374,2025-10-04,Kallang,Referral,Small,Household,184.27,0,0
ENQ-08375,2025-02-11,Bukit Timah,Referral,Small,SME,164.77,1,1
ENQ-08376,2025-05-28,Kallang,Organic,Medium,Household,293.58,0,0
ENQ-08377,2025-04-22,Bukit Timah,Google Search,Small,Household,181.46,1,0
ENQ-08378,2025-05-30,Straits View,Partner,Medium,Household,273.65,0,0
ENQ-08379,2025-10-11,Downtown Core,Google Search,Small,Household,184.06,0,0
ENQ-08380,2025-08-14,Central Water Catchment,Meta Ads,Locker,Household,85.06,0,0
ENQ-08381,2025-06-15,Rochor,Organic,Medium,SME,299.27,0,0
ENQ-08382,2025-10-03,Orchard,Google Search,Small,Household,182.45,0,0
ENQ-08383,2025-09-16,Yishun,Google Search,Small,SME,189.94,0,0
ENQ-08384,2025-03-01,Jurong West,Meta Ads,Locker,Household,88.47,0,0
ENQ-08385,2025-07-01,Southern Islands,Organic,Medium,SME,271.92,0,0
ENQ-08386,2025-05-22,Pasir Ris,Organic,Small,SME,192.82,0,0
ENQ-08387,2025-05-13,Bukit Panjang,Google Search,Large,E-commerce,520.65,0,0
ENQ-08388,2025-12-06,Tampines,Meta Ads,Medium,SME,277.66,0,0
ENQ-08389,2025-12-27,Newton,Google Search,Small,E-commerce,180.0,0,0
ENQ-08390,2025-12-17,Tengah,Meta Ads,Small,Household,183.67,0,0
ENQ-08391,2025-05-02,Sungei Kadut,Google Search,Small,Household,172.75,0,0
ENQ-08392,2025-01-28,Singapore River,Walk-in,Small,Household,186.1,0,0
ENQ-08393,2025-06-09,Tanglin,Organic,Large,Household,430.73,0,0
ENQ-08394,2025-11-03,Queenstown,Organic,Locker,Household,101.32,1,0
ENQ-08395,2025-07-26,River Valley,Walk-in,Locker,Household,95.81,0,0
ENQ-08396,2025-08-01,Bukit Panjang,Google Search,Small,Household,181.06,1,0
ENQ-08397,2025-11-13,Bukit Merah,Meta Ads,Medium,Student/Expats,324.32,0,0
ENQ-08398,2025-10-02,Rochor,Walk-in,Small,Household,198.31,0,0
ENQ-08399,2025-03-27,Jurong West,Organic,Medium,Household,318.19,0,0
ENQ-08400,2025-07-25,Rochor,Referral,Medium,Household,305.13,0,0
ENQ-08401,2025-04-11,Bukit Batok,Google Search,Small,Household,198.68,0,0
ENQ-08402,2025-04-08,Yishun,Walk-in,Small,SME,190.38,0,0
ENQ-08403,2025-03-18,Hougang,Referral,Small,SME,172.51,0,0
ENQ-08404,2025-06-28,Sengkang,Google Search,Medium,Household,325.08,0,0
ENQ-08405,2025-05-15,Queenstown,Partner,Large,Household,477.29,0,0
ENQ-08406,2025-01-03,Southern Islands,Meta Ads,Large,Household,516.67,0,0
ENQ-08407,2025-01-25,Seletar,Google Search,Medium,Relocation,270.02,0,0
ENQ-08408,2025-11-25,Straits View,Google Search,Locker,Student/Expats,101.74,0,0
ENQ-08409,2025-10-11,Lim Chu Kang,Google Search,Small,SME,188.41,0,0
ENQ-08410,2025-06-24,Bukit Merah,Walk-in,Medium,E-commerce,262.45,1,0
ENQ-08411,2025-10-14,Kallang,Meta Ads,Small,Relocation,164.91,0,0
ENQ-08412,2025-10-24,Bukit Batok,Partner,Medium,Relocation,320.0,1,0
ENQ-08413,2025-07-06,Bukit Merah,Meta Ads,Locker,SME,93.3,0,0
ENQ-08414,2025-10-16,Geylang,Google Search,Locker,E-commerce,103.47,0,0
ENQ-08415,2025-12-26,Changi Bay,Meta Ads,Small,Student/Expats,174.05,0,0
ENQ-08416,2025-12-26,Changi Bay,Organic,Small,Household,197.58,0,0
ENQ-08417,2025-07-09,Clementi,Google Search,Medium,Household,270.51,0,0
ENQ-08418,2025-08-28,Straits View,Partner,Small,Household,176.54,0,0
ENQ-08419,2025-07-21,Pioneer,Google Search,Medium,Household,333.42,0,0
ENQ-08420,2025-10-14,North-Eastern Islands,Meta Ads,Medium,Household,290.29,0,0
ENQ-08421,2025-05-25,Central Water Catchment,Google Search,Locker,E-commerce,85.09,0,0
ENQ-08422,2025-04-14,Bukit Merah,Meta Ads,Medium,Relocation,285.67,0,0
ENQ-08423,2025-09-05,River Valley,Referral,Medium,Household,319.6,1,0
ENQ-08424,2025-06-22,Museum,Meta Ads,Small,Household,174.11,0,0
ENQ-08425,2025-08-06,Toa Payoh,Google Search,Small,SME,202.25,0,0
ENQ-08426,2025-11-18,Western Water Catchment,Walk-in,Large,Household,516.41,0,0
ENQ-08427,2025-08-02,Southern Islands,Organic,Locker,Student/Expats,99.26,1,0
ENQ-08428,2025-05-03,Bukit Timah,Meta Ads,Locker,Household,85.55,0,0
ENQ-08429,2025-09-22,Clementi,Partner,Large,Student/Expats,467.13,0,0
ENQ-08430,2025-01-26,Bishan,Referral,Medium,E-commerce,319.1,1,1
ENQ-08431,2025-02-25,Southern Islands,Meta Ads,Locker,SME,90.16,1,0
ENQ-08432,2025-04-19,Museum,Meta Ads,Large,Household,520.36,0,0
ENQ-08433,2025-11-08,Downtown Core,Partner,Small,SME,202.32,0,0
ENQ-08434,2025-06-09,Tuas,Google Search,Medium,Relocation,274.97,0,0
ENQ-08435,2025-06-21,Central Water Catchment,Google Search,Medium,Student/Expats,273.58,0,0
ENQ-08436,2025-10-20,Southern Islands,Referral,Medium,SME,332.46,0,0
ENQ-08437,2025-11-24,North-Eastern Islands,Google Search,Small,Relocation,181.37,0,0
ENQ-08438,2025-02-15,River Valley,Walk-in,Small,Household,178.6,0,0
ENQ-08439,2025-03-01,Changi,Partner,Small,E-commerce,178.28,0,0
ENQ-08440,2025-06-29,Bukit Batok,Partner,Locker,Household,101.59,0,0
ENQ-08441,2025-10-16,Woodlands,Meta Ads,Medium,E-commerce,319.51,0,0
ENQ-08442,2025-02-17,Kallang,Google Search,Medium,Household,317.98,0,0
ENQ-08443,2025-04-05,Mandai,Meta Ads,Small,Relocation,173.27,1,0
ENQ-08444,2025-07-19,Pioneer,Meta Ads,Locker,Student/Expats,100.13,0,0
ENQ-08445,2025-03-20,Singapore River,Walk-in,Small,Household,165.89,0,0
ENQ-08446,2025-02-24,Changi Bay,Organic,Large,Household,458.22,0,0
ENQ-08447,2025-02-06,Museum,Partner,Medium,Household,270.33,0,0
ENQ-08448,2025-08-06,Southern Islands,Walk-in,Medium,E-commerce,313.52,0,0
ENQ-08449,2025-12-14,Museum,Organic,Medium,E-commerce,330.18,1,0
ENQ-08450,2025-10-30,Newton,Meta Ads,Small,Household,199.34,0,0
ENQ-08451,2025-11-11,Central Water Catchment,Walk-in,Large,Student/Expats,459.68,0,0
ENQ-08452,2025-04-01,Sengkang,Google Search,Large,Household,437.08,0,0
ENQ-08453,2025-06-18,Southern Islands,Organic,Small,Student/Expats,184.39,0,0
ENQ-08454,2025-10-31,Singapore River,Meta Ads,Large,Household,444.71,0,0
ENQ-08455,2025-12-20,Seletar,Google Search,Medium,Student/Expats,262.58,0,0
ENQ-08456,2025-12-15,Seletar,Walk-in,Large,Household,421.47,0,0
ENQ-08457,2025-02-05,Changi,Organic,Large,E-commerce,512.11,0,0
ENQ-08458,2025-07-13,Bukit Panjang,Partner,Large,Household,437.33,0,0
ENQ-08459,2025-05-08,Downtown Core,Walk-in,Medium,Household,310.62,0,0
ENQ-08460,2025-11-06,Woodlands,Google Search,Medium,E-commerce,291.31,1,1
ENQ-08461,2025-05-08,Marina South,Google Search,Medium,Household,277.01,0,0
ENQ-08462,2025-07-08,Punggol,Organic,Medium,Household,281.34,0,0
ENQ-08463,2025-07-08,Sengkang,Google Search,Locker,Household,94.83,0,0
ENQ-08464,2025-06-23,Serangoon,Google Search,Small,Student/Expats,187.63,0,0
ENQ-08465,2025-04-03,Tanglin,Referral,Small,SME,193.74,0,0
ENQ-08466,2025-12-27,Western Water Catchment,Referral,Medium,SME,313.49,0,0
ENQ-08467,2025-11-25,Boon Lay,Walk-in,Locker,Household,88.34,1,0
ENQ-08468,2025-05-26,Novena,Walk-in,Small,E-commerce,166.96,0,0
ENQ-08469,2025-03-26,Queenstown,Organic,Locker,Student/Expats,81.09,0,0
ENQ-08470,2025-09-21,Marina East,Google Search,Small,Household,187.16,0,0
ENQ-08471,2025-06-30,Boon Lay,Referral,Medium,Household,312.35,0,0
ENQ-08472,2025-03-16,Bedok,Meta Ads,Medium,Relocation,276.45,0,0
ENQ-08473,2025-06-13,Museum,Organic,Medium,Student/Expats,304.23,0,0
ENQ-08474,2025-03-14,Marina East,Walk-in,Large,Relocation,459.62,0,0
ENQ-08475,2025-12-30,Orchard,Partner,Medium,Household,315.41,0,0
ENQ-08476,2025-10-23,Mandai,Organic,Medium,Household,317.64,0,0
ENQ-08477,2025-12-01,North-Eastern Islands,Google Search,Large,Household,425.57,0,0
ENQ-08478,2025-09-12,Changi Bay,Referral,Small,SME,181.0,1,0
ENQ-08479,2025-12-24,Punggol,Meta Ads,Large,Relocation,501.01,1,0
ENQ-08480,2025-07-31,Tengah,Organic,Large,SME,452.98,0,0
ENQ-08481,2025-07-09,Bukit Timah,Referral,Medium,SME,301.14,0,0
ENQ-08482,2025-05-13,Geylang,Google Search,Small,SME,200.61,0,0
ENQ-08483,2025-04-10,Sengkang,Google Search,Small,SME,163.95,0,0
ENQ-08484,2025-03-27,Straits View,Google Search,Medium,Household,298.43,1,0
ENQ-08485,2025-11-16,Changi,Walk-in,Medium,Student/Expats,285.95,0,0
ENQ-08486,2025-05-03,Marina South,Organic,Medium,Household,268.08,0,0
ENQ-08487,2025-10-14,Marine Parade,Partner,Small,Household,179.52,0,0
ENQ-08488,2025-01-12,Tanglin,Google Search,Medium,Household,281.66,0,0
ENQ-08489,2025-05-21,Tanglin,Meta Ads,Small,Household,201.54,1,0
ENQ-08490,2025-06-14,Bishan,Meta Ads,Small,Household,195.09,0,0
ENQ-08491,2025-01-13,Jurong East,Organic,Medium,Household,272.65,0,0
ENQ-08492,2025-02-01,Jurong West,Meta Ads,Medium,Household,278.0,0,0
ENQ-08493,2025-04-14,Lim Chu Kang,Referral,Small,Relocation,189.58,0,0
ENQ-08494,2025-04-11,Tanglin,Google Search,Locker,Student/Expats,87.79,0,0
ENQ-08495,2025-03-01,Sungei Kadut,Google Search,Large,SME,500.03,0,0
ENQ-08496,2025-12-15,Tuas,Partner,Small,SME,194.93,1,0
ENQ-08497,2025-09-07,Bedok,Meta Ads,Medium,Household,318.4,0,0
ENQ-08498,2025-01-28,Pioneer,Referral,Large,SME,436.21,0,0
ENQ-08499,2025-01-04,Tanglin,Google Search,Medium,Household,269.08,0,0
ENQ-08500,2025-01-11,Ang Mo Kio,Meta Ads,Locker,Household,95.53,0,0
ENQ-08501,2025-07-06,Marina South,Referral,Medium,SME,272.05,0,0
ENQ-08502,2025-11-18,Geylang,Organic,Medium,SME,331.03,0,0
ENQ-08503,2025-08-08,Jurong East,Meta Ads,Medium,Relocation,283.89,1,0
ENQ-08504,2025-11-25,Outram,Meta Ads,Medium,Household,330.13,0,0
ENQ-08505,2025-07-06,Mandai,Organic,Locker,SME,100.9,0,1
ENQ-08506,2025-06-08,Marina East,Google Search,Locker,SME,94.74,1,0
ENQ-08507,2025-09-02,Sembawang,Google Search,Medium,E-commerce,312.82,1,0
ENQ-08508,2025-03-27,Sungei Kadut,Meta Ads,Small,Household,165.23,0,0
ENQ-08509,2025-05-23,Bukit Panjang,Walk-in,Medium,Household,323.25,0,0
ENQ-08510,2025-04-02,Queenstown,Organic,Medium,Household,318.98,0,0
ENQ-08511,2025-02-14,Lim Chu Kang,Meta Ads,Large,Household,461.45,0,0
ENQ-08512,2025-08-31,Newton,Meta Ads,Large,Household,474.28,1,0
ENQ-08513,2025-12-26,Sembawang,Organic,Locker,E-commerce,86.79,1,0
ENQ-08514,2025-04-24,Changi Bay,Google Search,Medium,Student/Expats,295.4,0,0
ENQ-08515,2025-03-30,Geylang,Referral,Large,SME,523.92,0,0
ENQ-08516,2025-02-17,Hougang,Meta Ads,Small,Household,174.2,0,0
ENQ-08517,2025-03-12,Western Water Catchment,Meta Ads,Locker,Relocation,83.64,0,0
ENQ-08518,2025-03-14,Hougang,Google Search,Medium,E-commerce,272.07,0,0
ENQ-08519,2025-09-05,Sengkang,Referral,Locker,E-commerce,97.69,0,0
ENQ-08520,2025-01-19,Sembawang,Google Search,Medium,Household,285.94,0,0
ENQ-08521,2025-11-15,Novena,Meta Ads,Locker,SME,86.78,1,0
ENQ-08522,2025-10-20,Downtown Core,Google Search,Small,SME,166.66,0,0
ENQ-08523,2025-04-05,Sengkang,Organic,Locker,Household,88.7,0,0
ENQ-08524,2025-10-01,Bishan,Partner,Medium,Student/Expats,269.52,0,0
ENQ-08525,2025-10-29,North-Eastern Islands,Meta Ads,Locker,Relocation,84.44,0,0
ENQ-08526,2025-06-21,Simpang,Walk-in,Small,SME,196.64,1,0
ENQ-08527,2025-09-29,Tuas,Walk-in,Locker,Household,87.17,1,0
ENQ-08528,2025-06-10,Marina South,Walk-in,Small,Household,173.93,0,0
ENQ-08529,2025-08-24,Bukit Batok,Meta Ads,Small,SME,174.22,0,0
ENQ-08530,2025-07-10,Museum,Referral,Small,Household,163.07,1,1
ENQ-08531,2025-07-05,Tuas,Meta Ads,Large,Household,450.31,1,0
ENQ-08532,2025-01-22,Marina South,Meta Ads,Locker,Household,83.91,1,0
ENQ-08533,2025-10-27,Hougang,Walk-in,Locker,Student/Expats,91.85,0,0
ENQ-08534,2025-06-28,Jurong West,Organic,Small,Household,182.85,0,0
ENQ-08535,2025-04-03,Mandai,Google Search,Small,SME,203.45,0,0
ENQ-08536,2025-02-16,Changi Bay,Referral,Locker,Household,81.91,0,0
ENQ-08537,2025-06-19,Tampines,Organic,Medium,Household,302.81,0,0
ENQ-08538,2025-10-02,Downtown Core,Walk-in,Large,Relocation,417.18,1,1
ENQ-08539,2025-03-13,River Valley,Meta Ads,Large,SME,454.51,0,0
ENQ-08540,2025-02-22,Central Water Catchment,Walk-in,Locker,Student/Expats,101.26,0,0
ENQ-08541,2025-03-17,Queenstown,Google Search,Small,E-commerce,170.72,0,0
ENQ-08542,2025-03-03,North-Eastern Islands,Partner,Large,Relocation,497.7,1,0
ENQ-08543,2025-06-26,Rochor,Google Search,Large,SME,424.2,0,1
ENQ-08544,2025-01-15,Straits View,Meta Ads,Small,SME,164.14,0,0
ENQ-08545,2025-04-12,Choa Chu Kang,Organic,Large,Household,422.17,0,0
ENQ-08546,2025-08-18,Jurong East,Referral,Small,Household,197.59,1,0
ENQ-08547,2025-09-01,Southern Islands,Google Search,Locker,SME,90.84,0,0
ENQ-08548,2025-11-16,Downtown Core,Google Search,Medium,Household,325.85,0,0
ENQ-08549,2025-06-25,Hougang,Meta Ads,Locker,Household,100.1,0,0
ENQ-08550,2025-10-18,Ang Mo Kio,Google Search,Locker,Household,84.72,0,1
ENQ-08551,2025-01-16,Sengkang,Meta Ads,Small,Household,193.19,0,0
ENQ-08552,2025-03-15,North-Eastern Islands,Partner,Large,Household,525.64,0,0
ENQ-08553,2025-11-23,Museum,Google Search,Small,Student/Expats,201.35,0,0
ENQ-08554,2025-02-19,Boon Lay,Partner,Medium,Household,286.01,0,0
ENQ-08555,2025-01-14,Seletar,Organic,Medium,Household,271.01,0,0
ENQ-08556,2025-01-22,Marina South,Organic,Large,Student/Expats,477.22,0,1
ENQ-08557,2025-11-17,Changi Bay,Walk-in,Medium,SME,310.72,1,0
ENQ-08558,2025-06-17,Mandai,Google Search,Medium,Relocation,316.5,0,0
ENQ-08559,2025-03-30,Serangoon,Meta Ads,Small,SME,196.79,0,0
ENQ-08560,2025-10-18,Woodlands,Google Search,Locker,SME,91.54,0,0
ENQ-08561,2025-04-30,Sengkang,Partner,Medium,E-commerce,293.01,0,0
ENQ-08562,2025-12-27,Toa Payoh,Google Search,Locker,Household,81.67,0,0
ENQ-08563,2025-12-02,Lim Chu Kang,Google Search,Small,SME,185.56,0,0
ENQ-08564,2025-05-02,Sungei Kadut,Meta Ads,Large,Household,417.45,0,0
ENQ-08565,2025-02-17,Bukit Timah,Meta Ads,Small,Student/Expats,192.13,0,0
ENQ-08566,2025-02-28,Tuas,Organic,Large,Household,503.78,0,0
ENQ-08567,2025-08-17,Sembawang,Partner,Medium,SME,316.48,0,0
ENQ-08568,2025-03-19,Changi Bay,Google Search,Large,Household,510.91,0,0
ENQ-08569,2025-08-19,Straits View,Google Search,Large,E-commerce,475.32,0,0
ENQ-08570,2025-09-01,Marine Parade,Google Search,Medium,SME,280.59,1,0
ENQ-08571,2025-10-14,Clementi,Meta Ads,Locker,Student/Expats,83.45,0,0
ENQ-08572,2025-03-17,Bishan,Google Search,Locker,Student/Expats,95.26,1,0
ENQ-08573,2025-12-06,Lim Chu Kang,Google Search,Medium,Household,291.51,0,0
ENQ-08574,2025-04-10,Singapore River,Google Search,Large,Household,420.06,0,0
ENQ-08575,2025-07-29,Rochor,Organic,Medium,Student/Expats,265.19,0,0
ENQ-08576,2025-03-10,Kallang,Walk-in,Small,Household,182.27,0,0
ENQ-08577,2025-02-09,Mandai,Walk-in,Large,Household,439.68,1,0
ENQ-08578,2025-05-15,Bedok,Walk-in,Large,Household,476.05,0,0
ENQ-08579,2025-05-24,Mandai,Referral,Medium,Household,289.52,0,0
ENQ-08580,2025-06-05,Simpang,Referral,Locker,E-commerce,81.06,0,0
ENQ-08581,2025-10-27,Sembawang,Google Search,Locker,Household,100.55,1,0
ENQ-08582,2025-01-22,Woodlands,Meta Ads,Medium,SME,311.26,0,0
ENQ-08583,2025-11-19,Bukit Batok,Google Search,Medium,Student/Expats,326.4,0,0
ENQ-08584,2025-05-03,River Valley,Walk-in,Small,SME,167.1,1,0
ENQ-08585,2025-04-27,Rochor,Organic,Large,E-commerce,517.82,1,0
ENQ-08586,2025-07-13,Bedok,Walk-in,Medium,Relocation,287.12,0,0
ENQ-08587,2025-12-05,Bukit Timah,Partner,Small,Household,162.19,0,0
ENQ-08588,2025-12-01,Bukit Merah,Partner,Small,SME,174.18,1,0
ENQ-08589,2025-07-12,Woodlands,Meta Ads,Medium,SME,267.06,1,0
ENQ-08590,2025-10-10,Marina East,Organic,Small,Household,201.89,0,0
ENQ-08591,2025-07-10,Geylang,Organic,Medium,SME,271.9,1,0
ENQ-08592,2025-09-01,Straits View,Organic,Medium,Household,327.35,0,0
ENQ-08593,2025-08-12,Newton,Organic,Medium,Household,273.56,0,0
ENQ-08594,2025-06-03,Queenstown,Organic,Medium,Household,294.78,1,0
ENQ-08595,2025-06-24,Tampines,Meta Ads,Locker,Household,102.68,0,0
ENQ-08596,2025-11-30,Newton,Google Search,Small,Household,183.91,0,0
ENQ-08597,2025-06-11,Clementi,Organic,Locker,Household,103.38,0,0
ENQ-08598,2025-01-26,Southern Islands,Partner,Medium,Household,291.37,1,0
ENQ-08599,2025-01-10,Newton,Organic,Small,SME,171.91,0,0
ENQ-08600,2025-10-21,Sembawang,Partner,Small,Household,178.38,0,0
ENQ-08601,2025-06-09,Woodlands,Referral,Large,SME,458.37,0,0
ENQ-08602,2025-10-20,Toa Payoh,Meta Ads,Small,SME,192.02,0,0
ENQ-08603,2025-11-08,Bukit Panjang,Meta Ads,Medium,Student/Expats,280.89,1,0
ENQ-08604,2025-05-25,Pasir Ris,Organic,Medium,SME,284.41,0,0
ENQ-08605,2025-06-05,Punggol,Google Search,Medium,Household,267.03,0,0
ENQ-08606,2025-09-15,Jurong West,Google Search,Medium,Student/Expats,323.01,0,0
ENQ-08607,2025-05-02,Tengah,Google Search,Small,Household,182.89,0,0
ENQ-08608,2025-11-13,Seletar,Organic,Medium,Household,323.7,0,0
ENQ-08609,2025-11-12,Orchard,Organic,Small,Relocation,176.14,0,0
ENQ-08610,2025-08-09,River Valley,Google Search,Small,Household,180.83,0,0
ENQ-08611,2025-10-26,Clementi,Meta Ads,Medium,Relocation,278.18,0,0
ENQ-08612,2025-01-02,Simpang,Meta Ads,Locker,Household,97.28,0,0
ENQ-08613,2025-09-17,Simpang,Referral,Small,Household,198.59,0,0
ENQ-08614,2025-10-19,Geylang,Google Search,Large,SME,480.98,0,1
ENQ-08615,2025-10-28,North-Eastern Islands,Meta Ads,Locker,Household,84.85,1,0
ENQ-08616,2025-05-04,Marina South,Google Search,Medium,Household,320.92,0,0
ENQ-08617,2025-02-26,Toa Payoh,Meta Ads,Medium,Household,301.31,0,0
ENQ-08618,2025-04-23,Marina East,Partner,Medium,SME,308.25,0,0
ENQ-08619,2025-07-20,Straits View,Google Search,Locker,Household,82.82,0,0
ENQ-08620,2025-06-12,Seletar,Walk-in,Small,Household,189.93,1,0
ENQ-08621,2025-09-25,Singapore River,Referral,Medium,Household,298.61,0,0
ENQ-08622,2025-05-26,Marine Parade,Referral,Medium,Household,276.45,0,0
ENQ-08623,2025-07-23,Novena,Meta Ads,Small,Household,195.9,0,0
ENQ-08624,2025-05-24,Downtown Core,Meta Ads,Medium,SME,322.94,0,0
ENQ-08625,2025-05-13,Sembawang,Google Search,Small,Relocation,178.06,0,0
ENQ-08626,2025-01-25,Mandai,Organic,Small,E-commerce,169.26,0,0
ENQ-08627,2025-07-01,Sengkang,Meta Ads,Small,Household,164.5,0,0
ENQ-08628,2025-08-24,Toa Payoh,Meta Ads,Medium,Household,273.47,0,0
ENQ-08629,2025-06-01,Punggol,Walk-in,Small,E-commerce,172.2,0,0
ENQ-08630,2025-06-07,Downtown Core,Google Search,Medium,E-commerce,270.58,1,0
ENQ-08631,2025-07-01,Marine Parade,Google Search,Large,Household,453.48,0,0
ENQ-08632,2025-07-02,Bukit Merah,Google Search,Small,SME,205.14,0,0
ENQ-08633,2025-11-12,Straits View,Organic,Medium,SME,268.71,0,0
ENQ-08634,2025-02-10,Seletar,Meta Ads,Locker,SME,86.48,1,0
ENQ-08635,2025-10-30,Rochor,Organic,Locker,Household,95.97,1,0
ENQ-08636,2025-11-01,Tuas,Organic,Medium,Household,281.47,0,0
ENQ-08637,2025-06-04,Novena,Meta Ads,Large,SME,452.3,0,0
ENQ-08638,2025-12-29,Queenstown,Organic,Medium,SME,324.76,0,0
ENQ-08639,2025-01-20,Orchard,Referral,Large,Household,453.05,1,0
ENQ-08640,2025-02-04,Toa Payoh,Meta Ads,Medium,Relocation,276.81,1,0
ENQ-08641,2025-01-11,Seletar,Google Search,Small,SME,192.38,1,0
ENQ-08642,2025-06-22,Punggol,Google Search,Locker,Household,88.37,1,0
ENQ-08643,2025-09-10,North-Eastern Islands,Google Search,Small,SME,172.94,0,0
ENQ-08644,2025-01-23,Bukit Panjang,Google Search,Large,E-commerce,483.28,0,0
ENQ-08645,2025-04-24,Punggol,Organic,Small,Household,190.72,0,0
ENQ-08646,2025-11-09,Central Water Catchment,Organic,Medium,Household,298.05,0,0
ENQ-08647,2025-02-21,Pasir Ris,Google Search,Medium,Household,280.41,0,0
ENQ-08648,2025-12-02,Geylang,Organic,Medium,Household,310.01,0,0
ENQ-08649,2025-07-19,Hougang,Organic,Large,Household,434.86,0,1
ENQ-08650,2025-02-22,Tuas,Organic,Small,Household,194.24,1,0
ENQ-08651,2025-05-06,Sengkang,Google Search,Locker,Household,89.02,0,0
ENQ-08652,2025-03-27,Southern Islands,Referral,Locker,SME,97.58,0,0
ENQ-08653,2025-11-11,Orchard,Referral,Locker,Household,82.93,0,0
ENQ-08654,2025-03-03,River Valley,Google Search,Locker,E-commerce,97.51,0,0
ENQ-08655,2025-03-31,Marina East,Organic,Medium,Household,267.06,0,0
ENQ-08656,2025-04-24,Simpang,Google Search,Medium,E-commerce,280.33,0,1
ENQ-08657,2025-06-11,River Valley,Meta Ads,Medium,Household,261.33,1,1
ENQ-08658,2025-12-25,Mandai,Meta Ads,Medium,Household,274.41,0,0
ENQ-08659,2025-06-09,Museum,Google Search,Medium,Household,294.37,0,0
ENQ-08660,2025-11-21,Simpang,Organic,Medium,SME,317.55,0,0
ENQ-08661,2025-01-05,Sungei Kadut,Referral,Small,Household,204.71,0,0
ENQ-08662,2025-05-15,Sungei Kadut,Walk-in,Large,Household,528.7,0,0
ENQ-08663,2025-01-09,Tengah,Organic,Medium,SME,272.05,1,0
ENQ-08664,2025-04-08,Yishun,Meta Ads,Small,Relocation,206.15,0,0
ENQ-08665,2025-07-14,Tampines,Referral,Large,Household,513.78,0,0
ENQ-08666,2025-08-13,River Valley,Google Search,Medium,Household,280.77,0,1
ENQ-08667,2025-05-03,Bukit Panjang,Google Search,Small,Student/Expats,164.25,0,0
ENQ-08668,2025-12-31,Western Water Catchment,Google Search,Small,SME,204.3,1,0
ENQ-08669,2025-10-14,Jurong West,Partner,Medium,Household,320.24,0,0
ENQ-08670,2025-01-27,Lim Chu Kang,Walk-in,Small,Household,192.82,1,0
ENQ-08671,2025-02-20,Marine Parade,Google Search,Locker,SME,90.18,0,0
ENQ-08672,2025-11-01,Straits View,Partner,Medium,Household,322.56,1,1
ENQ-08673,2025-08-02,Seletar,Google Search,Medium,Student/Expats,321.37,1,0
ENQ-08674,2025-08-25,Changi,Organic,Medium,SME,275.62,0,0
ENQ-08675,2025-11-07,Geylang,Google Search,Medium,Household,284.71,0,0
ENQ-08676,2025-05-27,Outram,Walk-in,Locker,SME,90.36,0,0
ENQ-08677,2025-08-12,Marina East,Google Search,Medium,Household,324.72,0,0
ENQ-08678,2025-10-26,Bukit Batok,Google Search,Medium,Relocation,328.46,1,0
ENQ-08679,2025-12-30,North-Eastern Islands,Google Search,Small,Household,172.1,1,0
ENQ-08680,2025-02-14,Pasir Ris,Organic,Locker,Household,101.09,0,0
ENQ-08681,2025-06-23,Ang Mo Kio,Meta Ads,Medium,Household,310.74,0,0
ENQ-08682,2025-05-27,Bedok,Walk-in,Medium,Household,322.82,0,0
ENQ-08683,2025-09-04,Tengah,Walk-in,Medium,Relocation,282.63,1,0
ENQ-08684,2025-11-11,Marina East,Meta Ads,Small,Household,193.64,1,0
ENQ-08685,2025-05-30,Central Water Catchment,Google Search,Small,Household,173.77,0,0
ENQ-08686,2025-03-14,Ang Mo Kio,Google Search,Small,Household,184.68,0,0
ENQ-08687,2025-05-16,Jurong East,Google Search,Medium,Student/Expats,278.6,1,0
ENQ-08688,2025-05-27,Sengkang,Organic,Medium,SME,293.36,0,0
ENQ-08689,2025-01-08,Sembawang,Meta Ads,Medium,Household,310.34,0,0
ENQ-08690,2025-07-21,Jurong West,Referral,Locker,E-commerce,94.92,0,0
ENQ-08691,2025-08-01,Boon Lay,Referral,Large,E-commerce,465.57,0,0
ENQ-08692,2025-11-22,Downtown Core,Partner,Medium,Household,285.15,0,0
ENQ-08693,2025-02-03,Bukit Batok,Google Search,Medium,SME,263.71,0,0
ENQ-08694,2025-02-18,Jurong East,Google Search,Small,Household,183.64,0,0
ENQ-08695,2025-12-01,Pioneer,Meta Ads,Medium,SME,262.09,0,0
ENQ-08696,2025-06-16,Jurong East,Partner,Medium,E-commerce,293.44,0,0
ENQ-08697,2025-04-18,Clementi,Walk-in,Locker,Household,88.61,0,0
ENQ-08698,2025-08-28,Choa Chu Kang,Walk-in,Small,Household,192.94,1,0
ENQ-08699,2025-06-21,Novena,Referral,Medium,E-commerce,331.03,0,0
ENQ-08700,2025-01-11,Marina South,Meta Ads,Medium,Household,326.94,0,0
ENQ-08701,2025-06-19,Boon Lay,Organic,Small,Household,189.88,0,0
ENQ-08702,2025-10-31,Marina East,Google Search,Locker,Household,95.97,0,0
ENQ-08703,2025-12-29,North-Eastern Islands,Partner,Small,Household,189.8,1,0
ENQ-08704,2025-04-08,Central Water Catchment,Partner,Locker,Household,85.1,0,0
ENQ-08705,2025-05-22,Punggol,Google Search,Medium,Household,264.37,0,0
ENQ-08706,2025-04-06,Jurong East,Referral,Medium,SME,261.94,1,0
ENQ-08707,2025-11-20,Newton,Partner,Locker,Relocation,101.76,0,0
ENQ-08708,2025-08-07,Marina South,Meta Ads,Medium,Relocation,299.23,0,0
ENQ-08709,2025-04-10,Kallang,Organic,Small,SME,199.87,0,0
ENQ-08710,2025-01-30,Marine Parade,Referral,Large,Household,502.46,0,0
ENQ-08711,2025-10-05,Bukit Timah,Google Search,Small,Household,193.57,0,0
ENQ-08712,2025-10-06,Simpang,Organic,Medium,Household,302.23,1,0
ENQ-08713,2025-11-17,Jurong East,Partner,Locker,E-commerce,102.97,0,0
ENQ-08714,2025-11-02,Tanglin,Partner,Medium,Household,300.54,0,0
ENQ-08715,2025-02-11,Sengkang,Google Search,Medium,Household,287.49,0,0
ENQ-08716,2025-06-04,North-Eastern Islands,Walk-in,Large,E-commerce,499.47,0,0
ENQ-08717,2025-06-27,Ang Mo Kio,Referral,Locker,Household,84.04,0,0
ENQ-08718,2025-10-19,Marina East,Meta Ads,Medium,Household,320.75,0,0
ENQ-08719,2025-11-12,Orchard,Referral,Small,Household,172.52,1,0
ENQ-08720,2025-02-23,Outram,Google Search,Large,Household,436.33,0,0
ENQ-08721,2025-10-15,Jurong West,Walk-in,Medium,Household,283.19,0,0
ENQ-08722,2025-01-27,Sungei Kadut,Meta Ads,Small,E-commerce,198.41,0,0
ENQ-08723,2025-05-02,Western Water Catchment,Walk-in,Large,SME,449.03,0,0
ENQ-08724,2025-07-22,North-Eastern Islands,Meta Ads,Medium,SME,328.58,0,0
ENQ-08725,2025-04-30,Pioneer,Meta Ads,Locker,SME,86.58,0,0
ENQ-08726,2025-12-25,Toa Payoh,Referral,Small,Household,182.26,0,0
ENQ-08727,2025-01-28,Mandai,Partner,Small,Household,204.91,0,0
ENQ-08728,2025-10-03,Yishun,Referral,Large,Household,422.59,0,0
ENQ-08729,2025-02-06,Sungei Kadut,Google Search,Locker,SME,85.4,1,1
ENQ-08730,2025-08-20,Hougang,Meta Ads,Medium,Student/Expats,288.21,0,0
ENQ-08731,2025-03-17,Singapore River,Referral,Large,Household,471.9,0,0
ENQ-08732,2025-03-08,Marine Parade,Organic,Medium,Household,331.97,0,0
ENQ-08733,2025-05-07,Sembawang,Walk-in,Small,Student/Expats,195.39,1,1
ENQ-08734,2025-02-18,Boon Lay,Meta Ads,Locker,Student/Expats,96.48,0,0
ENQ-08735,2025-09-19,Queenstown,Partner,Small,Household,197.98,1,0
ENQ-08736,2025-03-22,Boon Lay,Google Search,Medium,E-commerce,302.44,0,0
ENQ-08737,2025-05-30,Tanglin,Referral,Large,Household,424.52,1,0
ENQ-08738,2025-05-15,Woodlands,Organic,Medium,Student/Expats,301.25,0,0
ENQ-08739,2025-06-28,Woodlands,Organic,Medium,SME,306.96,0,0
ENQ-08740,2025-08-19,Bukit Panjang,Organic,Small,SME,171.26,0,0
ENQ-08741,2025-11-02,Downtown Core,Organic,Medium,Household,278.83,0,0
ENQ-08742,2025-03-10,Clementi,Google Search,Medium,SME,322.12,0,0
ENQ-08743,2025-04-02,Newton,Organic,Small,E-commerce,173.83,0,0
ENQ-08744,2025-12-22,Geylang,Partner,Locker,Household,91.43,0,0
ENQ-08745,2025-09-12,Choa Chu Kang,Organic,Small,Relocation,170.07,0,0
ENQ-08746,2025-09-14,Bukit Batok,Organic,Medium,E-commerce,322.24,0,0
ENQ-08747,2025-04-16,Marine Parade,Google Search,Locker,Household,92.51,0,0
ENQ-08748,2025-11-16,Singapore River,Walk-in,Locker,SME,90.66,0,0
ENQ-08749,2025-10-13,Straits View,Organic,Small,Household,187.5,0,0
ENQ-08750,2025-07-19,Marina South,Google Search,Locker,Household,82.41,0,0
ENQ-08751,2025-04-08,Punggol,Google Search,Small,Student/Expats,196.04,0,0
ENQ-08752,2025-10-23,Bedok,Google Search,Medium,Household,320.34,0,0
ENQ-08753,2025-05-31,Boon Lay,Meta Ads,Small,Household,203.54,0,0
ENQ-08754,2025-03-22,Ang Mo Kio,Referral,Medium,SME,307.46,0,0
ENQ-08755,2025-08-25,Toa Payoh,Partner,Large,Household,500.65,0,0
ENQ-08756,2025-07-23,Jurong East,Meta Ads,Medium,E-commerce,270.23,0,0
ENQ-08757,2025-07-22,Hougang,Organic,Small,Household,193.18,0,0
ENQ-08758,2025-05-11,Ang Mo Kio,Meta Ads,Small,E-commerce,196.74,0,0
ENQ-08759,2025-01-05,Kallang,Walk-in,Locker,E-commerce,87.44,1,0
ENQ-08760,2025-09-19,Woodlands,Walk-in,Small,Household,171.25,0,0
ENQ-08761,2025-11-30,Outram,Referral,Small,Household,178.62,1,0
ENQ-08762,2025-05-11,Changi Bay,Meta Ads,Small,SME,186.24,0,0
ENQ-08763,2025-10-31,Bishan,Google Search,Small,SME,188.94,0,0
ENQ-08764,2025-10-21,Boon Lay,Google Search,Locker,SME,82.69,1,0
ENQ-08765,2025-09-07,River Valley,Meta Ads,Small,Relocation,172.17,0,0
ENQ-08766,2025-01-09,Simpang,Google Search,Small,Household,164.98,1,0
ENQ-08767,2025-06-30,Pasir Ris,Partner,Medium,Household,262.87,0,0
ENQ-08768,2025-05-26,River Valley,Google Search,Medium,Household,304.72,0,0
ENQ-08769,2025-02-14,Tuas,Walk-in,Medium,SME,273.03,0,0
ENQ-08770,2025-09-11,Simpang,Google Search,Locker,Relocation,82.84,0,0
ENQ-08771,2025-12-03,Outram,Google Search,Locker,Household,84.04,0,0
ENQ-08772,2025-01-23,Bishan,Google Search,Small,E-commerce,183.38,0,0
ENQ-08773,2025-11-03,Pioneer,Referral,Small,SME,169.41,0,0
ENQ-08774,2025-09-11,Boon Lay,Organic,Small,Relocation,179.56,0,0
ENQ-08775,2025-02-05,Toa Payoh,Meta Ads,Small,Household,167.51,0,0
ENQ-08776,2025-03-24,Seletar,Partner,Small,Relocation,196.99,0,0
ENQ-08777,2025-05-24,Western Water Catchment,Walk-in,Medium,SME,304.55,0,0
ENQ-08778,2025-04-24,Queenstown,Referral,Small,Household,163.62,0,0
ENQ-08779,2025-07-17,Pasir Ris,Partner,Small,Household,193.81,0,0
ENQ-08780,2025-08-15,Marina East,Google Search,Medium,Student/Expats,272.41,0,0
ENQ-08781,2025-03-13,Tampines,Organic,Large,Household,432.27,0,0
ENQ-08782,2025-08-27,Toa Payoh,Google Search,Small,Household,172.0,0,0
ENQ-08783,2025-11-19,Bukit Merah,Google Search,Small,Student/Expats,206.5,0,0
ENQ-08784,2025-06-08,Sungei Kadut,Google Search,Large,Relocation,439.93,0,0
ENQ-08785,2025-09-06,Southern Islands,Meta Ads,Large,Relocation,454.1,0,0
ENQ-08786,2025-10-13,Geylang,Referral,Locker,Household,95.89,1,0
ENQ-08787,2025-12-10,Punggol,Google Search,Large,SME,509.96,0,0
ENQ-08788,2025-08-09,Museum,Google Search,Medium,Household,294.61,1,1
ENQ-08789,2025-02-27,Sengkang,Walk-in,Medium,Relocation,328.65,0,0
ENQ-08790,2025-11-22,Orchard,Meta Ads,Locker,SME,83.64,0,0
ENQ-08791,2025-05-14,Sungei Kadut,Partner,Medium,Relocation,278.57,0,0
ENQ-08792,2025-09-05,Punggol,Organic,Small,Relocation,206.71,0,0
ENQ-08793,2025-11-11,Geylang,Google Search,Locker,Household,94.39,0,0
ENQ-08794,2025-11-02,Newton,Google Search,Medium,Student/Expats,301.76,0,0
ENQ-08795,2025-03-31,River Valley,Walk-in,Medium,Student/Expats,295.77,0,0
ENQ-08796,2025-12-30,Boon Lay,Referral,Medium,Household,265.53,0,0
ENQ-08797,2025-12-07,Sengkang,Referral,Small,Household,166.0,0,0
ENQ-08798,2025-06-23,Outram,Meta Ads,Small,Student/Expats,205.16,0,0
ENQ-08799,2025-06-28,Boon Lay,Google Search,Locker,Student/Expats,97.15,1,0
ENQ-08800,2025-11-01,Seletar,Meta Ads,Locker,Student/Expats,88.38,0,0
ENQ-08801,2025-08-25,Sengkang,Meta Ads,Medium,SME,286.7,0,0
ENQ-08802,2025-01-08,Woodlands,Google Search,Medium,E-commerce,312.0,1,0
ENQ-08803,2025-01-19,Woodlands,Google Search,Locker,SME,90.59,1,1
ENQ-08804,2025-05-17,Bukit Merah,Partner,Small,Household,164.8,0,0
ENQ-08805,2025-09-22,North-Eastern Islands,Organic,Medium,Student/Expats,265.21,0,0
ENQ-08806,2025-11-16,Choa Chu Kang,Organic,Small,SME,184.04,0,0
ENQ-08807,2025-08-06,Tuas,Google Search,Small,SME,171.32,0,0
ENQ-08808,2025-12-28,Central Water Catchment,Google Search,Large,Household,461.08,0,0
ENQ-08809,2025-05-29,Punggol,Google Search,Locker,SME,97.04,1,0
ENQ-08810,2025-07-16,Outram,Google Search,Small,Household,194.45,0,0
ENQ-08811,2025-07-22,River Valley,Google Search,Large,Household,528.6,0,0
ENQ-08812,2025-06-30,Jurong East,Meta Ads,Medium,Relocation,281.73,0,0
ENQ-08813,2025-04-04,Straits View,Organic,Medium,Household,311.04,0,0
ENQ-08814,2025-09-19,Pasir Ris,Meta Ads,Medium,SME,310.97,0,0
ENQ-08815,2025-10-06,Outram,Walk-in,Small,Household,190.88,0,0
ENQ-08816,2025-01-29,Choa Chu Kang,Meta Ads,Locker,Household,100.06,0,0
ENQ-08817,2025-07-19,Tengah,Meta Ads,Large,Household,425.13,0,0
ENQ-08818,2025-12-19,Woodlands,Meta Ads,Small,SME,166.07,1,0
ENQ-08819,2025-06-02,Bukit Merah,Organic,Small,Relocation,170.83,0,0
ENQ-08820,2025-01-14,Tampines,Organic,Medium,SME,263.49,1,0
ENQ-08821,2025-10-06,Tanglin,Meta Ads,Small,E-commerce,166.67,0,0
ENQ-08822,2025-10-20,Ang Mo Kio,Organic,Medium,Household,305.22,0,0
ENQ-08823,2025-04-08,Mandai,Google Search,Large,Household,449.35,0,0
ENQ-08824,2025-06-30,Changi,Google Search,Small,Household,204.05,1,0
ENQ-08825,2025-06-30,Tampines,Google Search,Medium,Student/Expats,268.83,0,0
ENQ-08826,2025-11-16,Singapore River,Walk-in,Large,E-commerce,430.61,1,0
ENQ-08827,2025-02-25,Seletar,Google Search,Locker,Student/Expats,97.87,0,0
ENQ-08828,2025-03-24,Tampines,Walk-in,Small,SME,185.71,0,0
ENQ-08829,2025-10-06,Changi,Meta Ads,Locker,Student/Expats,94.8,0,0
ENQ-08830,2025-10-16,Seletar,Organic,Small,Household,179.29,0,0
ENQ-08831,2025-04-30,Tengah,Walk-in,Medium,Household,306.75,0,1
ENQ-08832,2025-11-03,Outram,Google Search,Locker,Household,89.51,0,0
ENQ-08833,2025-01-29,Sembawang,Google Search,Small,Household,197.33,0,0
ENQ-08834,2025-07-28,Hougang,Referral,Small,Household,176.58,0,1
ENQ-08835,2025-08-06,Tanglin,Organic,Small,Household,164.98,0,0
ENQ-08836,2025-01-04,Mandai,Partner,Locker,Household,85.61,0,0
ENQ-08837,2025-11-28,Tengah,Organic,Large,Household,429.31,0,0
ENQ-08838,2025-08-01,Tampines,Meta Ads,Medium,SME,273.28,1,0
ENQ-08839,2025-07-30,North-Eastern Islands,Meta Ads,Medium,Household,270.0,1,0
ENQ-08840,2025-01-03,Toa Payoh,Partner,Large,SME,489.4,0,0
ENQ-08841,2025-03-05,Ang Mo Kio,Walk-in,Medium,Household,268.32,0,0
ENQ-08842,2025-08-28,Bedok,Walk-in,Large,Relocation,436.13,0,0
ENQ-08843,2025-03-25,Tengah,Google Search,Locker,Student/Expats,94.34,0,0
ENQ-08844,2025-07-19,Tampines,Meta Ads,Large,Student/Expats,500.98,0,0
ENQ-08845,2025-02-11,Marine Parade,Google Search,Large,SME,503.65,1,0
ENQ-08846,2025-05-22,Sembawang,Walk-in,Medium,Household,305.52,0,0
ENQ-08847,2025-11-09,Seletar,Google Search,Locker,Student/Expats,85.0,0,0
ENQ-08848,2025-11-29,Bukit Timah,Organic,Small,Student/Expats,177.42,0,0
ENQ-08849,2025-11-21,Serangoon,Organic,Medium,Household,313.75,1,0
ENQ-08850,2025-03-01,Geylang,Google Search,Locker,Household,94.08,0,0
ENQ-08851,2025-01-30,Tampines,Google Search,Small,Student/Expats,205.87,0,0
ENQ-08852,2025-01-20,Tanglin,Referral,Medium,Household,299.47,0,0
ENQ-08853,2025-01-27,Tuas,Organic,Medium,SME,333.13,0,0
ENQ-08854,2025-07-05,Boon Lay,Meta Ads,Locker,Household,99.04,0,0
ENQ-08855,2025-08-14,Straits View,Partner,Medium,Household,261.55,0,0
ENQ-08856,2025-05-28,Sengkang,Meta Ads,Small,Relocation,202.84,0,0
ENQ-08857,2025-05-06,Clementi,Google Search,Small,SME,188.87,0,0
ENQ-08858,2025-10-20,Outram,Walk-in,Locker,Household,92.43,1,0
ENQ-08859,2025-06-14,Western Water Catchment,Google Search,Medium,Relocation,273.54,1,0
ENQ-08860,2025-11-14,Bukit Timah,Google Search,Large,SME,523.63,1,0
ENQ-08861,2025-07-06,Singapore River,Organic,Large,SME,465.89,0,0
ENQ-08862,2025-04-25,Downtown Core,Partner,Small,Household,162.64,0,0
ENQ-08863,2025-04-30,Pasir Ris,Referral,Small,Household,164.22,0,0
ENQ-08864,2025-12-24,Museum,Meta Ads,Medium,E-commerce,324.02,0,0
ENQ-08865,2025-12-24,Toa Payoh,Partner,Locker,Relocation,97.03,0,0
ENQ-08866,2025-01-03,Western Water Catchment,Meta Ads,Medium,SME,276.71,0,0
ENQ-08867,2025-08-10,Queenstown,Organic,Locker,Household,83.86,0,0
ENQ-08868,2025-12-03,Orchard,Walk-in,Large,E-commerce,485.94,0,0
ENQ-08869,2025-03-11,Clementi,Organic,Large,Household,488.88,0,0
ENQ-08870,2025-10-11,Tampines,Meta Ads,Locker,SME,84.59,0,0
ENQ-08871,2025-12-12,Yishun,Walk-in,Small,Relocation,168.64,0,0
ENQ-08872,2025-09-24,Boon Lay,Organic,Small,E-commerce,165.14,0,0
ENQ-08873,2025-05-17,Choa Chu Kang,Walk-in,Locker,Relocation,83.23,0,0
ENQ-08874,2025-03-08,Toa Payoh,Meta Ads,Small,Household,178.38,0,0
ENQ-08875,2025-05-22,Lim Chu Kang,Organic,Medium,Household,291.43,0,0
ENQ-08876,2025-06-25,River Valley,Meta Ads,Medium,Household,315.05,0,0
ENQ-08877,2025-04-08,Singapore River,Organic,Small,Household,201.14,1,0
ENQ-08878,2025-02-17,River Valley,Google Search,Medium,SME,293.9,1,0
ENQ-08879,2025-02-25,Marina South,Meta Ads,Medium,Household,274.61,0,0
ENQ-08880,2025-07-28,Western Water Catchment,Google Search,Medium,SME,288.31,0,1
ENQ-08881,2025-04-27,Sembawang,Meta Ads,Small,Household,169.18,0,0
ENQ-08882,2025-11-20,Mandai,Meta Ads,Small,E-commerce,190.83,0,1
ENQ-08883,2025-01-16,Sungei Kadut,Referral,Small,SME,183.25,1,0
ENQ-08884,2025-06-25,Museum,Organic,Locker,E-commerce,102.11,1,0
ENQ-08885,2025-12-03,Downtown Core,Meta Ads,Small,SME,181.35,0,0
ENQ-08886,2025-05-25,Bukit Batok,Google Search,Medium,Household,306.67,0,0
ENQ-08887,2025-06-26,Marina South,Referral,Medium,E-commerce,289.98,1,0
ENQ-08888,2025-07-06,Tampines,Google Search,Medium,SME,262.31,0,0
ENQ-08889,2025-12-07,Outram,Referral,Small,Relocation,176.94,0,0
ENQ-08890,2025-03-14,Lim Chu Kang,Google Search,Locker,Household,103.42,0,0
ENQ-08891,2025-05-04,Seletar,Walk-in,Medium,Household,321.66,0,0
ENQ-08892,2025-04-11,Pasir Ris,Partner,Medium,E-commerce,286.97,0,0
ENQ-08893,2025-02-19,Punggol,Partner,Locker,Household,81.52,0,0
ENQ-08894,2025-06-19,Bukit Timah,Referral,Small,Household,176.12,0,0
ENQ-08895,2025-07-22,Tengah,Walk-in,Large,Student/Expats,482.47,0,0
ENQ-08896,2025-10-25,Kallang,Partner,Locker,E-commerce,87.58,0,0
ENQ-08897,2025-12-30,Bukit Batok,Google Search,Small,Household,193.9,0,0
ENQ-08898,2025-09-10,Marina East,Referral,Medium,Household,325.55,0,0
ENQ-08899,2025-10-28,Outram,Partner,Medium,Household,283.04,0,0
ENQ-08900,2025-05-09,Museum,Google Search,Medium,Household,330.03,0,0
ENQ-08901,2025-02-28,Straits View,Google Search,Small,Household,182.58,0,0
ENQ-08902,2025-11-15,River Valley,Meta Ads,Locker,Student/Expats,83.12,0,0
ENQ-08903,2025-02-12,Jurong East,Partner,Small,E-commerce,177.33,0,0
ENQ-08904,2025-08-27,Sungei Kadut,Referral,Large,Household,475.75,0,0
ENQ-08905,2025-01-25,Singapore River,Walk-in,Medium,Household,265.18,1,0
ENQ-08906,2025-02-27,Bukit Batok,Organic,Medium,Household,282.38,0,0
ENQ-08907,2025-02-06,Queenstown,Referral,Small,Student/Expats,198.48,0,0
ENQ-08908,2025-10-24,Bukit Timah,Organic,Medium,Household,270.96,0,0
ENQ-08909,2025-06-14,Punggol,Google Search,Medium,Relocation,327.23,0,1
ENQ-08910,2025-10-30,Marina South,Walk-in,Large,Relocation,464.78,0,0
ENQ-08911,2025-11-07,Jurong East,Google Search,Locker,Household,91.42,0,0
ENQ-08912,2025-12-07,Hougang,Meta Ads,Locker,Household,85.35,0,0
ENQ-08913,2025-01-04,Simpang,Organic,Locker,Household,88.71,0,0
ENQ-08914,2025-07-17,Changi,Organic,Medium,Household,315.83,0,0
ENQ-08915,2025-01-23,Orchard,Walk-in,Medium,Household,271.29,0,0
ENQ-08916,2025-07-07,Hougang,Google Search,Small,SME,178.69,0,0
ENQ-08917,2025-04-02,Pioneer,Organic,Locker,Household,84.64,0,0
ENQ-08918,2025-01-16,Simpang,Partner,Small,Household,198.19,1,0
ENQ-08919,2025-01-29,Orchard,Organic,Medium,SME,274.09,0,0
ENQ-08920,2025-05-09,Lim Chu Kang,Google Search,Medium,Household,297.01,0,0
ENQ-08921,2025-05-25,Tengah,Walk-in,Locker,E-commerce,87.66,0,0
ENQ-08922,2025-12-27,Straits View,Organic,Medium,Household,330.25,1,0
ENQ-08923,2025-04-01,Downtown Core,Organic,Locker,Student/Expats,85.97,0,0
ENQ-08924,2025-12-06,Southern Islands,Google Search,Medium,Household,318.72,1,0
ENQ-08925,2025-07-09,Serangoon,Google Search,Medium,Household,315.96,0,0
ENQ-08926,2025-12-27,Clementi,Partner,Small,E-commerce,164.91,0,0
ENQ-08927,2025-02-05,Geylang,Organic,Small,SME,165.67,0,0
ENQ-08928,2025-12-19,River Valley,Google Search,Small,SME,192.94,0,0
ENQ-08929,2025-10-11,River Valley,Google Search,Medium,Relocation,319.66,0,0
ENQ-08930,2025-05-02,Tengah,Partner,Locker,E-commerce,82.95,0,0
ENQ-08931,2025-06-30,Orchard,Meta Ads,Locker,SME,102.31,0,0
ENQ-08932,2025-04-04,Rochor,Organic,Medium,Household,274.8,0,0
ENQ-08933,2025-12-01,Tengah,Google Search,Small,E-commerce,190.08,0,0
ENQ-08934,2025-04-17,Simpang,Google Search,Large,Student/Expats,445.57,0,0
ENQ-08935,2025-04-12,Woodlands,Google Search,Medium,Student/Expats,267.02,1,0
ENQ-08936,2025-12-12,Tampines,Partner,Locker,Student/Expats,95.32,0,0
ENQ-08937,2025-07-18,Bukit Merah,Organic,Medium,SME,322.87,1,0
ENQ-08938,2025-06-15,Simpang,Google Search,Small,SME,178.6,0,0
ENQ-08939,2025-09-04,Sungei Kadut,Referral,Small,SME,169.89,0,0
ENQ-08940,2025-05-03,Woodlands,Partner,Medium,Household,276.22,0,0
ENQ-08941,2025-11-16,Queenstown,Referral,Small,Student/Expats,198.11,0,0
ENQ-08942,2025-05-18,Sungei Kadut,Google Search,Medium,Household,320.26,0,0
ENQ-08943,2025-01-01,Mandai,Organic,Large,Household,516.95,0,0
ENQ-08944,2025-01-09,Jurong East,Google Search,Medium,SME,317.1,0,0
ENQ-08945,2025-01-01,Hougang,Organic,Locker,SME,82.6,1,0
ENQ-08946,2025-08-14,Choa Chu Kang,Partner,Medium,Household,300.25,0,0
ENQ-08947,2025-10-23,Newton,Meta Ads,Medium,Household,330.57,0,0
ENQ-08948,2025-02-24,Toa Payoh,Organic,Small,Household,206.14,1,0
ENQ-08949,2025-01-08,River Valley,Organic,Locker,Household,84.25,0,0
ENQ-08950,2025-09-06,Pioneer,Partner,Medium,SME,277.06,0,0
ENQ-08951,2025-04-11,Bedok,Google Search,Small,SME,178.35,0,0
ENQ-08952,2025-06-22,North-Eastern Islands,Referral,Large,Student/Expats,444.93,1,0
ENQ-08953,2025-12-28,Choa Chu Kang,Partner,Small,Household,178.54,1,0
ENQ-08954,2025-08-27,Tengah,Meta Ads,Medium,Household,311.81,0,0
ENQ-08955,2025-07-16,Marina South,Google Search,Small,E-commerce,179.83,1,0
ENQ-08956,2025-10-30,Sembawang,Walk-in,Medium,Relocation,280.61,1,1
ENQ-08957,2025-04-15,Tuas,Meta Ads,Medium,E-commerce,273.26,0,0
ENQ-08958,2025-12-13,Bishan,Meta Ads,Medium,SME,271.05,0,0
ENQ-08959,2025-10-13,Queenstown,Meta Ads,Medium,Relocation,289.87,1,0
ENQ-08960,2025-01-13,Bedok,Google Search,Medium,Household,264.8,0,0
ENQ-08961,2025-11-13,Lim Chu Kang,Walk-in,Medium,Household,281.01,0,0
ENQ-08962,2025-05-15,Bukit Timah,Partner,Medium,Relocation,325.73,0,0
ENQ-08963,2025-08-12,Bedok,Google Search,Medium,Household,279.54,1,0
ENQ-08964,2025-04-17,Serangoon,Google Search,Locker,Household,90.37,0,0
ENQ-08965,2025-05-05,Kallang,Meta Ads,Small,E-commerce,186.44,0,0
ENQ-08966,2025-08-14,Woodlands,Organic,Locker,Household,82.42,1,0
ENQ-08967,2025-08-07,Marina East,Walk-in,Small,SME,185.77,1,0
ENQ-08968,2025-10-08,Hougang,Referral,Medium,E-commerce,292.84,1,0
ENQ-08969,2025-11-02,Sengkang,Walk-in,Medium,Household,289.31,0,0
ENQ-08970,2025-12-24,Straits View,Google Search,Medium,Relocation,300.33,0,0
ENQ-08971,2025-05-30,Queenstown,Referral,Small,SME,183.89,0,0
ENQ-08972,2025-02-14,Yishun,Google Search,Locker,E-commerce,88.26,0,0
ENQ-08973,2025-05-01,Punggol,Walk-in,Locker,Household,102.62,0,0
ENQ-08974,2025-09-04,Ang Mo Kio,Organic,Medium,SME,313.36,0,0
ENQ-08975,2025-01-07,Western Water Catchment,Meta Ads,Small,Household,195.87,0,0
ENQ-08976,2025-05-29,Seletar,Google Search,Small,SME,201.63,0,0
ENQ-08977,2025-07-30,Novena,Google Search,Small,E-commerce,166.98,1,0
ENQ-08978,2025-08-24,Museum,Google Search,Medium,SME,304.65,1,0
ENQ-08979,2025-02-15,Central Water Catchment,Meta Ads,Locker,Household,85.23,0,0
ENQ-08980,2025-07-20,Serangoon,Google Search,Small,Household,186.84,0,0
ENQ-08981,2025-06-23,Sengkang,Walk-in,Locker,Household,86.56,0,0
ENQ-08982,2025-05-05,Geylang,Organic,Small,SME,175.45,0,0
ENQ-08983,2025-07-18,Rochor,Organic,Medium,SME,327.35,0,0
ENQ-08984,2025-09-06,Singapore River,Google Search,Medium,Household,329.01,0,0
ENQ-08985,2025-09-19,Changi,Google Search,Medium,Household,317.08,0,0
ENQ-08986,2025-03-04,Jurong West,Meta Ads,Small,Household,196.0,0,0
ENQ-08987,2025-04-28,Jurong East,Organic,Small,SME,186.8,0,0
ENQ-08988,2025-03-24,Tanglin,Organic,Locker,E-commerce,95.17,1,0
ENQ-08989,2025-08-17,Tengah,Organic,Small,SME,172.84,0,0
ENQ-08990,2025-06-29,Lim Chu Kang,Referral,Medium,Household,332.39,0,0
ENQ-08991,2025-06-13,Tanglin,Partner,Small,Student/Expats,198.45,1,0
ENQ-08992,2025-04-23,Tengah,Google Search,Medium,SME,299.83,1,0
ENQ-08993,2025-01-11,Orchard,Meta Ads,Small,Household,183.56,0,0
ENQ-08994,2025-04-21,Simpang,Organic,Locker,Household,86.97,0,0
ENQ-08995,2025-11-03,Singapore River,Google Search,Small,Household,169.48,0,0
ENQ-08996,2025-07-31,Geylang,Meta Ads,Small,Household,191.57,0,0
ENQ-08997,2025-01-26,Bukit Timah,Meta Ads,Medium,Household,304.0,0,0
ENQ-08998,2025-04-13,Bukit Merah,Organic,Medium,Household,326.49,0,0
ENQ-08999,2025-03-04,Queenstown,Meta Ads,Small,SME,206.83,0,0
ENQ-09000,2025-03-18,Newton,Google Search,Locker,SME,82.64,0,0
ENQ-09001,2025-06-18,Bedok,Referral,Medium,Student/Expats,277.22,1,0
ENQ-09002,2025-11-07,Museum,Meta Ads,Small,Household,177.02,0,0
ENQ-09003,2025-04-13,Tuas,Walk-in,Medium,Relocation,326.42,0,0
ENQ-09004,2025-07-07,Outram,Organic,Locker,Household,89.13,1,1
ENQ-09005,2025-04-04,Pioneer,Google Search,Small,SME,204.65,0,0
ENQ-09006,2025-12-29,Tanglin,Google Search,Medium,Household,317.78,0,0
ENQ-09007,2025-11-29,Seletar,Referral,Large,Household,521.65,1,0
ENQ-09008,2025-12-27,Marina South,Meta Ads,Locker,Student/Expats,83.72,0,0
ENQ-09009,2025-08-19,Pioneer,Google Search,Small,E-commerce,183.26,0,0
ENQ-09010,2025-02-25,Boon Lay,Partner,Medium,Household,319.87,0,0
ENQ-09011,2025-06-14,Tampines,Google Search,Locker,Student/Expats,85.16,0,0
ENQ-09012,2025-05-23,Ang Mo Kio,Organic,Small,E-commerce,201.36,1,0
ENQ-09013,2025-08-27,Ang Mo Kio,Referral,Small,Household,206.81,0,0
ENQ-09014,2025-12-21,Bedok,Organic,Large,SME,495.86,1,0
ENQ-09015,2025-09-20,Museum,Google Search,Small,E-commerce,185.98,0,0
ENQ-09016,2025-10-01,Geylang,Organic,Medium,E-commerce,287.09,0,0
ENQ-09017,2025-08-02,Geylang,Meta Ads,Locker,Household,91.35,1,0
ENQ-09018,2025-09-16,Museum,Meta Ads,Small,Household,203.89,0,0
ENQ-09019,2025-06-30,Bukit Timah,Walk-in,Large,Relocation,507.84,0,0
ENQ-09020,2025-12-16,Queenstown,Meta Ads,Locker,Household,96.01,0,0
ENQ-09021,2025-08-05,Bukit Timah,Organic,Small,Household,198.39,1,0
ENQ-09022,2025-03-05,Bedok,Organic,Large,Student/Expats,443.51,0,0
ENQ-09023,2025-07-08,Central Water Catchment,Organic,Medium,E-commerce,301.41,1,0
ENQ-09024,2025-08-16,Orchard,Partner,Large,Student/Expats,519.26,0,0
ENQ-09025,2025-07-17,Orchard,Referral,Medium,Household,278.87,0,0
ENQ-09026,2025-12-15,Sembawang,Referral,Small,Household,190.51,1,1
ENQ-09027,2025-08-08,Bukit Timah,Meta Ads,Small,Household,184.37,0,0
ENQ-09028,2025-12-19,Bedok,Partner,Medium,SME,321.49,0,0
ENQ-09029,2025-03-28,Western Water Catchment,Google Search,Medium,Relocation,299.89,0,0
ENQ-09030,2025-09-25,Bukit Panjang,Organic,Large,SME,457.57,0,0
ENQ-09031,2025-08-30,Punggol,Organic,Medium,Household,308.03,0,0
ENQ-09032,2025-04-21,Punggol,Google Search,Medium,Student/Expats,265.6,1,0
ENQ-09033,2025-12-02,Marina South,Google Search,Locker,Household,82.51,0,0
ENQ-09034,2025-11-25,Hougang,Organic,Small,Household,197.04,0,0
ENQ-09035,2025-06-07,Bukit Merah,Walk-in,Small,Household,171.28,1,0
ENQ-09036,2025-06-24,Boon Lay,Walk-in,Small,Student/Expats,186.62,0,0
ENQ-09037,2025-05-29,Lim Chu Kang,Organic,Medium,Household,308.25,0,0
ENQ-09038,2025-01-18,Seletar,Walk-in,Medium,Household,310.17,0,0
ENQ-09039,2025-10-27,Sungei Kadut,Referral,Locker,Relocation,83.68,0,1
ENQ-09040,2025-12-12,Seletar,Google Search,Locker,Household,90.97,0,0
ENQ-09041,2025-04-18,Kallang,Walk-in,Small,SME,183.23,0,0
ENQ-09042,2025-06-11,Bukit Merah,Referral,Locker,SME,102.41,1,0
ENQ-09043,2025-06-10,Rochor,Organic,Medium,Household,280.03,0,0
ENQ-09044,2025-06-01,Sengkang,Google Search,Medium,SME,282.73,0,0
ENQ-09045,2025-01-06,Sengkang,Organic,Large,Household,414.74,0,0
ENQ-09046,2025-10-21,Bishan,Google Search,Small,SME,187.04,0,0
ENQ-09047,2025-12-17,Singapore River,Organic,Medium,Household,320.52,0,0
ENQ-09048,2025-01-17,Central Water Catchment,Organic,Small,Household,204.05,0,0
ENQ-09049,2025-03-22,Marina South,Meta Ads,Medium,Student/Expats,265.18,0,0
ENQ-09050,2025-11-14,Marina South,Walk-in,Medium,Household,281.37,0,0
ENQ-09051,2025-09-19,Ang Mo Kio,Walk-in,Small,Household,179.01,0,0
ENQ-09052,2025-04-20,Bukit Timah,Partner,Small,Household,190.96,0,0
ENQ-09053,2025-03-03,Sungei Kadut,Google Search,Small,SME,186.63,0,0
ENQ-09054,2025-09-06,Central Water Catchment,Meta Ads,Small,Student/Expats,189.72,0,0
ENQ-09055,2025-08-04,Bishan,Organic,Medium,Household,298.54,1,0
ENQ-09056,2025-08-27,Museum,Organic,Medium,Student/Expats,297.04,0,0
ENQ-09057,2025-04-23,Toa Payoh,Meta Ads,Small,Household,206.77,0,0
ENQ-09058,2025-08-14,Hougang,Google Search,Small,E-commerce,195.71,0,0
ENQ-09059,2025-12-05,Bukit Panjang,Google Search,Medium,Household,271.08,0,0
ENQ-09060,2025-01-16,Tanglin,Meta Ads,Small,SME,193.32,1,0
ENQ-09061,2025-09-30,Bukit Panjang,Google Search,Small,SME,183.93,0,0
ENQ-09062,2025-09-11,Changi,Referral,Medium,SME,288.23,1,0
ENQ-09063,2025-05-08,Changi Bay,Organic,Medium,E-commerce,294.03,0,0
ENQ-09064,2025-09-15,Bukit Panjang,Organic,Small,Household,189.32,0,0
ENQ-09065,2025-07-04,Newton,Referral,Large,Household,479.04,0,0
ENQ-09066,2025-01-06,Newton,Organic,Medium,E-commerce,315.13,0,0
ENQ-09067,2025-04-18,Straits View,Organic,Medium,SME,278.66,1,1
ENQ-09068,2025-08-09,Sengkang,Organic,Large,Household,484.16,0,0
ENQ-09069,2025-10-09,Boon Lay,Organic,Small,Student/Expats,162.12,1,0
ENQ-09070,2025-08-17,Tampines,Organic,Medium,SME,292.21,0,0
ENQ-09071,2025-10-07,Orchard,Referral,Small,Household,178.49,0,0
ENQ-09072,2025-01-30,Marina South,Meta Ads,Small,Household,172.33,0,0
ENQ-09073,2025-05-22,Marina East,Meta Ads,Locker,Household,89.65,0,0
ENQ-09074,2025-10-24,Bishan,Google Search,Medium,Relocation,276.11,0,0
ENQ-09075,2025-06-12,Kallang,Partner,Locker,SME,95.19,0,0
ENQ-09076,2025-04-03,Novena,Referral,Medium,SME,276.88,0,0
ENQ-09077,2025-06-23,Western Water Catchment,Walk-in,Medium,SME,288.61,0,0
ENQ-09078,2025-07-31,Changi Bay,Google Search,Small,E-commerce,181.53,0,0
ENQ-09079,2025-04-18,Sengkang,Referral,Locker,Household,97.31,1,0
ENQ-09080,2025-06-10,Tanglin,Referral,Locker,Relocation,89.48,0,0
ENQ-09081,2025-02-13,Novena,Partner,Locker,SME,95.87,0,0
ENQ-09082,2025-12-09,Tanglin,Google Search,Medium,Household,261.76,1,0
ENQ-09083,2025-04-04,Pasir Ris,Google Search,Small,Household,186.24,0,0
ENQ-09084,2025-02-20,Kallang,Google Search,Locker,Household,84.13,0,0
ENQ-09085,2025-09-02,Pasir Ris,Meta Ads,Small,Relocation,195.5,0,0
ENQ-09086,2025-02-25,Bukit Panjang,Partner,Large,Household,426.83,0,0
ENQ-09087,2025-02-14,Sungei Kadut,Partner,Medium,Household,308.35,0,0
ENQ-09088,2025-05-15,Pasir Ris,Referral,Small,Relocation,178.72,0,0
ENQ-09089,2025-09-27,River Valley,Google Search,Locker,Household,88.93,0,0
ENQ-09090,2025-07-16,Bukit Merah,Meta Ads,Medium,SME,284.97,0,0
ENQ-09091,2025-08-23,Queenstown,Walk-in,Small,Household,178.97,0,0
ENQ-09092,2025-11-02,Museum,Organic,Small,Student/Expats,181.23,0,0
ENQ-09093,2025-07-24,Yishun,Meta Ads,Small,Household,206.88,0,0
ENQ-09094,2025-04-29,Orchard,Google Search,Large,Household,428.58,1,0
ENQ-09095,2025-03-29,Sembawang,Organic,Small,Household,193.78,0,0
ENQ-09096,2025-06-29,Bishan,Meta Ads,Medium,Household,291.02,0,0
ENQ-09097,2025-02-15,Central Water Catchment,Walk-in,Medium,E-commerce,318.73,0,0
ENQ-09098,2025-12-28,Southern Islands,Partner,Locker,Household,88.54,1,0
ENQ-09099,2025-04-17,Sengkang,Google Search,Large,SME,508.77,0,0
ENQ-09100,2025-12-02,Bukit Panjang,Referral,Medium,SME,268.26,0,0
ENQ-09101,2025-10-15,Tanglin,Google Search,Medium,Student/Expats,319.18,0,0
ENQ-09102,2025-07-06,Orchard,Google Search,Medium,Household,301.13,1,0
ENQ-09103,2025-03-14,Orchard,Organic,Medium,Relocation,276.54,0,0
ENQ-09104,2025-06-02,Lim Chu Kang,Meta Ads,Locker,Student/Expats,84.51,0,0
ENQ-09105,2025-03-18,Marina South,Meta Ads,Locker,Household,85.95,0,0
ENQ-09106,2025-08-14,Tengah,Organic,Large,SME,512.03,0,0
ENQ-09107,2025-01-07,Jurong East,Google Search,Large,Household,436.56,1,0
ENQ-09108,2025-04-16,Bukit Batok,Meta Ads,Medium,SME,321.36,1,1
ENQ-09109,2025-04-26,Sungei Kadut,Walk-in,Locker,Household,88.95,0,0
ENQ-09110,2025-08-12,Serangoon,Google Search,Medium,SME,304.38,1,1
ENQ-09111,2025-06-06,Bukit Panjang,Partner,Small,SME,182.31,0,0
ENQ-09112,2025-10-28,Queenstown,Meta Ads,Medium,Household,322.63,0,0
ENQ-09113,2025-09-04,Jurong East,Meta Ads,Medium,Household,285.33,0,0
ENQ-09114,2025-12-15,Marine Parade,Walk-in,Medium,SME,294.24,1,0
ENQ-09115,2025-07-02,Changi,Walk-in,Large,E-commerce,419.32,0,0
ENQ-09116,2025-06-05,Pioneer,Meta Ads,Medium,Household,263.74,0,0
ENQ-09117,2025-02-14,Outram,Referral,Small,Household,175.4,0,0
ENQ-09118,2025-12-19,Ang Mo Kio,Meta Ads,Medium,E-commerce,261.28,0,0
ENQ-09119,2025-10-11,Jurong West,Meta Ads,Locker,SME,100.31,0,0
ENQ-09120,2025-06-27,Bedok,Google Search,Medium,SME,327.66,0,0
ENQ-09121,2025-09-14,Tuas,Partner,Locker,Household,94.73,0,0
ENQ-09122,2025-11-08,Serangoon,Walk-in,Locker,Household,98.53,0,0
ENQ-09123,2025-09-17,Sembawang,Organic,Small,SME,171.86,0,0
ENQ-09124,2025-11-03,Bishan,Google Search,Small,Relocation,194.95,0,0
ENQ-09125,2025-10-02,Rochor,Organic,Small,SME,188.04,0,0
ENQ-09126,2025-11-08,Changi,Organic,Small,E-commerce,190.71,0,0
ENQ-09127,2025-08-31,Bukit Batok,Organic,Large,E-commerce,444.31,0,0
ENQ-09128,2025-12-09,Novena,Organic,Small,E-commerce,171.71,0,0
ENQ-09129,2025-01-23,Marina South,Organic,Medium,SME,317.32,1,0
ENQ-09130,2025-08-26,Outram,Walk-in,Small,SME,164.54,1,0
ENQ-09131,2025-11-28,Serangoon,Google Search,Medium,Household,286.21,1,0
ENQ-09132,2025-01-15,Central Water Catchment,Referral,Small,Household,203.77,0,1
ENQ-09133,2025-11-12,Bukit Timah,Walk-in,Medium,Household,328.98,1,0
ENQ-09134,2025-06-29,Jurong West,Google Search,Locker,Household,100.79,0,0
ENQ-09135,2025-06-06,Yishun,Meta Ads,Locker,E-commerce,82.33,0,0
ENQ-09136,2025-06-08,Geylang,Partner,Small,Household,169.15,0,0
ENQ-09137,2025-04-09,Bukit Timah,Organic,Locker,Relocation,97.75,0,0
ENQ-09138,2025-08-05,Museum,Google Search,Medium,Household,322.16,0,0
ENQ-09139,2025-02-06,Bedok,Google Search,Locker,E-commerce,85.04,0,0
ENQ-09140,2025-03-24,Tengah,Walk-in,Small,SME,174.09,0,0
ENQ-09141,2025-04-16,Western Water Catchment,Meta Ads,Medium,Student/Expats,284.69,0,0
ENQ-09142,2025-10-06,Kallang,Google Search,Large,Household,479.67,0,0
ENQ-09143,2025-06-02,Bishan,Referral,Medium,Household,284.9,1,0
ENQ-09144,2025-09-22,Tengah,Partner,Medium,Household,267.56,1,0
ENQ-09145,2025-11-26,Changi Bay,Google Search,Locker,SME,98.43,1,0
ENQ-09146,2025-05-18,Central Water Catchment,Organic,Medium,E-commerce,272.79,1,0
ENQ-09147,2025-06-07,Bedok,Partner,Locker,SME,93.51,0,0
ENQ-09148,2025-04-04,Bukit Merah,Organic,Medium,Student/Expats,286.3,0,0
ENQ-09149,2025-11-22,Novena,Partner,Small,SME,178.41,0,0
ENQ-09150,2025-10-20,Bedok,Referral,Medium,Household,329.23,0,0
ENQ-09151,2025-07-13,Sembawang,Google Search,Small,E-commerce,177.61,1,0
ENQ-09152,2025-04-18,Toa Payoh,Meta Ads,Small,SME,174.07,0,0
ENQ-09153,2025-06-10,Southern Islands,Referral,Locker,Household,85.42,0,1
ENQ-09154,2025-10-13,Singapore River,Organic,Locker,SME,95.24,0,0
ENQ-09155,2025-02-15,Pioneer,Google Search,Large,Household,502.66,0,0
ENQ-09156,2025-05-06,Mandai,Meta Ads,Medium,Household,268.12,0,0
ENQ-09157,2025-03-06,Changi Bay,Walk-in,Large,Household,468.56,0,0
ENQ-09158,2025-02-10,Serangoon,Partner,Medium,Relocation,277.46,0,0
ENQ-09159,2025-01-13,Boon Lay,Partner,Medium,Household,311.24,0,0
ENQ-09160,2025-01-27,Yishun,Partner,Medium,SME,266.35,0,0
ENQ-09161,2025-08-28,Simpang,Partner,Medium,Household,269.58,0,0
ENQ-09162,2025-03-15,Changi,Partner,Medium,Household,320.59,0,0
ENQ-09163,2025-10-21,Outram,Google Search,Large,Household,425.82,1,0
ENQ-09164,2025-12-10,Boon Lay,Meta Ads,Locker,Student/Expats,92.93,0,0
ENQ-09165,2025-11-12,Hougang,Meta Ads,Small,Household,202.25,0,0
ENQ-09166,2025-07-06,Jurong West,Organic,Medium,SME,328.07,0,0
ENQ-09167,2025-06-22,Queenstown,Meta Ads,Medium,Relocation,300.91,0,0
ENQ-09168,2025-08-13,Woodlands,Google Search,Locker,Student/Expats,102.35,1,0
ENQ-09169,2025-06-11,Sengkang,Walk-in,Medium,SME,312.84,0,0
ENQ-09170,2025-06-08,River Valley,Meta Ads,Medium,Household,271.33,0,0
ENQ-09171,2025-02-15,Jurong West,Google Search,Small,Student/Expats,166.83,0,0
ENQ-09172,2025-06-14,Downtown Core,Walk-in,Small,Student/Expats,185.05,0,0
ENQ-09173,2025-05-04,Jurong West,Google Search,Large,Household,485.95,0,0
ENQ-09174,2025-12-04,Clementi,Meta Ads,Small,Student/Expats,166.26,1,0
ENQ-09175,2025-06-16,North-Eastern Islands,Google Search,Locker,Relocation,95.66,1,0
ENQ-09176,2025-04-23,Bukit Panjang,Organic,Small,SME,200.75,0,0
ENQ-09177,2025-02-22,Bishan,Partner,Small,SME,193.41,0,0
ENQ-09178,2025-09-25,Woodlands,Organic,Large,SME,455.01,1,0
ENQ-09179,2025-03-28,Changi,Google Search,Locker,Student/Expats,86.38,0,0
ENQ-09180,2025-02-07,Jurong East,Google Search,Medium,Household,273.5,0,0
ENQ-09181,2025-03-11,Pasir Ris,Walk-in,Locker,Household,81.45,0,0
ENQ-09182,2025-08-22,Ang Mo Kio,Walk-in,Large,Household,513.08,0,0
ENQ-09183,2025-07-28,Sengkang,Google Search,Large,E-commerce,423.75,0,0
ENQ-09184,2025-06-02,Geylang,Organic,Large,SME,478.54,0,0
ENQ-09185,2025-01-04,Bishan,Meta Ads,Small,SME,176.58,0,0
ENQ-09186,2025-11-07,Changi Bay,Google Search,Medium,Household,294.55,0,0
ENQ-09187,2025-03-25,River Valley,Organic,Locker,SME,83.49,1,0
ENQ-09188,2025-05-13,Tuas,Organic,Small,Household,172.1,0,0
ENQ-09189,2025-04-11,Rochor,Google Search,Medium,Household,299.88,0,0
ENQ-09190,2025-10-10,Singapore River,Organic,Medium,Student/Expats,314.61,0,0
ENQ-09191,2025-10-29,Straits View,Partner,Medium,Household,269.32,0,0
ENQ-09192,2025-11-17,Western Water Catchment,Organic,Small,Household,204.02,0,0
ENQ-09193,2025-05-27,Bukit Batok,Partner,Medium,Student/Expats,319.74,0,0
ENQ-09194,2025-03-25,Central Water Catchment,Meta Ads,Small,SME,192.92,0,0
ENQ-09195,2025-06-24,Central Water Catchment,Meta Ads,Locker,Household,98.78,0,0
ENQ-09196,2025-10-15,Tengah,Meta Ads,Locker,Household,89.62,0,0
ENQ-09197,2025-05-31,Woodlands,Google Search,Small,Household,175.05,0,0
ENQ-09198,2025-02-21,Queenstown,Organic,Large,Household,467.27,1,0
ENQ-09199,2025-06-15,Jurong East,Partner,Small,Household,177.76,0,0
ENQ-09200,2025-03-31,Clementi,Organic,Medium,Household,317.23,1,0
ENQ-09201,2025-03-18,Pasir Ris,Referral,Small,Household,179.07,1,0
ENQ-09202,2025-11-19,Southern Islands,Google Search,Small,Household,168.5,0,0
ENQ-09203,2025-10-21,Clementi,Google Search,Small,Student/Expats,198.12,1,0
ENQ-09204,2025-09-29,Geylang,Organic,Small,Household,198.41,1,0
ENQ-09205,2025-09-21,Changi,Meta Ads,Small,Household,170.08,0,0
ENQ-09206,2025-12-03,Bukit Batok,Meta Ads,Large,E-commerce,512.67,1,0
ENQ-09207,2025-10-12,Tanglin,Walk-in,Small,Household,195.26,1,0
ENQ-09208,2025-11-18,Tengah,Referral,Small,SME,191.19,0,0
ENQ-09209,2025-01-11,Orchard,Google Search,Small,SME,197.07,0,0
ENQ-09210,2025-02-03,Marina South,Organic,Small,Household,183.32,0,0
ENQ-09211,2025-07-02,Tuas,Google Search,Small,Household,183.22,0,0
ENQ-09212,2025-06-06,Bishan,Walk-in,Large,SME,477.66,0,0
ENQ-09213,2025-08-13,Bishan,Google Search,Large,Student/Expats,482.05,0,0
ENQ-09214,2025-04-28,Woodlands,Walk-in,Locker,Student/Expats,85.72,0,0
ENQ-09215,2025-12-29,Bukit Panjang,Walk-in,Medium,E-commerce,309.1,0,0
ENQ-09216,2025-11-22,Choa Chu Kang,Referral,Medium,Household,331.49,0,0
ENQ-09217,2025-04-10,Sungei Kadut,Meta Ads,Small,Household,169.58,0,0
ENQ-09218,2025-06-17,Outram,Google Search,Small,Household,205.24,0,0
ENQ-09219,2025-06-19,Ang Mo Kio,Meta Ads,Locker,SME,93.39,1,0
ENQ-09220,2025-11-24,Singapore River,Google Search,Small,Household,175.58,0,0
ENQ-09221,2025-07-28,Seletar,Google Search,Small,Household,203.72,0,0
ENQ-09222,2025-01-16,Geylang,Referral,Small,Household,164.74,1,0
ENQ-09223,2025-10-01,Straits View,Partner,Medium,Household,291.72,0,0
ENQ-09224,2025-08-10,Marina East,Referral,Medium,E-commerce,275.68,1,0
ENQ-09225,2025-04-03,Queenstown,Organic,Large,SME,458.81,0,0
ENQ-09226,2025-04-26,Bukit Timah,Partner,Medium,Relocation,319.62,0,0
ENQ-09227,2025-11-29,Bishan,Referral,Medium,Student/Expats,306.1,0,0
ENQ-09228,2025-10-28,Choa Chu Kang,Referral,Small,SME,191.2,1,0
ENQ-09229,2025-09-23,Straits View,Walk-in,Medium,Relocation,263.92,0,0
ENQ-09230,2025-03-15,Seletar,Google Search,Large,Relocation,431.77,0,0
ENQ-09231,2025-11-09,Punggol,Google Search,Locker,Household,85.96,0,0
ENQ-09232,2025-12-08,Bukit Merah,Partner,Small,Household,190.98,0,0
ENQ-09233,2025-08-13,Mandai,Walk-in,Medium,Student/Expats,326.28,0,0
ENQ-09234,2025-12-22,Bukit Timah,Google Search,Medium,E-commerce,282.99,0,0
ENQ-09235,2025-03-07,Hougang,Google Search,Small,Household,175.68,0,0
ENQ-09236,2025-06-13,North-Eastern Islands,Organic,Medium,Household,292.53,0,0
ENQ-09237,2025-06-04,Geylang,Google Search,Large,Household,499.88,0,0
ENQ-09238,2025-04-27,North-Eastern Islands,Walk-in,Small,Household,200.73,0,0
ENQ-09239,2025-09-25,Geylang,Meta Ads,Small,E-commerce,205.32,0,0
ENQ-09240,2025-07-27,Museum,Partner,Small,Household,172.47,0,0
ENQ-09241,2025-05-10,North-Eastern Islands,Meta Ads,Medium,Household,297.19,0,0
ENQ-09242,2025-05-14,Geylang,Partner,Small,E-commerce,162.24,0,0
ENQ-09243,2025-10-11,Marine Parade,Partner,Locker,Household,85.94,0,0
ENQ-09244,2025-09-24,Western Water Catchment,Referral,Small,SME,203.06,0,0
ENQ-09245,2025-02-25,Seletar,Meta Ads,Large,SME,423.4,0,0
ENQ-09246,2025-02-04,Changi Bay,Google Search,Medium,SME,292.69,0,0
ENQ-09247,2025-02-16,Sungei Kadut,Organic,Locker,SME,82.2,0,0
ENQ-09248,2025-06-20,Changi,Google Search,Small,Student/Expats,172.5,0,0
ENQ-09249,2025-07-01,Pasir Ris,Organic,Medium,Household,328.79,0,0
ENQ-09250,2025-09-14,Marina East,Google Search,Small,Household,166.59,0,0
ENQ-09251,2025-01-17,Serangoon,Organic,Medium,Student/Expats,301.73,0,0
ENQ-09252,2025-02-24,Rochor,Walk-in,Medium,E-commerce,321.79,0,0
ENQ-09253,2025-03-25,Toa Payoh,Google Search,Medium,Household,275.13,0,0
ENQ-09254,2025-03-10,Toa Payoh,Google Search,Large,SME,452.68,1,0
ENQ-09255,2025-04-21,Tuas,Referral,Medium,Household,310.06,0,0
ENQ-09256,2025-12-13,Boon Lay,Meta Ads,Large,E-commerce,501.69,0,0
ENQ-09257,2025-04-25,Queenstown,Partner,Locker,E-commerce,82.82,1,0
ENQ-09258,2025-10-29,Clementi,Meta Ads,Medium,Student/Expats,306.73,0,0
ENQ-09259,2025-02-03,Bukit Panjang,Meta Ads,Medium,Household,289.2,0,0
ENQ-09260,2025-02-14,Downtown Core,Google Search,Large,Household,442.99,0,0
ENQ-09261,2025-06-16,Sembawang,Organic,Locker,Student/Expats,85.35,1,0
ENQ-09262,2025-11-21,Choa Chu Kang,Google Search,Medium,Household,320.51,0,0
ENQ-09263,2025-11-03,Tuas,Organic,Medium,Household,326.24,1,1
ENQ-09264,2025-12-24,Singapore River,Partner,Small,SME,192.09,0,0
ENQ-09265,2025-05-24,Marina East,Organic,Large,Household,494.68,0,0
ENQ-09266,2025-12-08,Bukit Timah,Walk-in,Medium,SME,323.37,1,0
ENQ-09267,2025-12-14,Newton,Referral,Small,SME,168.73,0,0
ENQ-09268,2025-02-04,Toa Payoh,Partner,Locker,SME,83.83,0,0
ENQ-09269,2025-02-01,Bukit Timah,Walk-in,Small,Household,167.46,0,0
ENQ-09270,2025-04-29,Tuas,Meta Ads,Small,SME,178.11,0,0
ENQ-09271,2025-03-24,Marina South,Partner,Large,SME,441.59,0,0
ENQ-09272,2025-10-13,Pioneer,Organic,Small,Household,181.8,1,0
ENQ-09273,2025-08-28,Bishan,Walk-in,Small,SME,163.28,0,0
ENQ-09274,2025-03-17,River Valley,Meta Ads,Small,SME,171.07,0,0
ENQ-09275,2025-11-04,Ang Mo Kio,Organic,Small,Household,175.58,0,0
ENQ-09276,2025-01-16,Sembawang,Partner,Large,Household,480.98,0,0
ENQ-09277,2025-09-21,Southern Islands,Google Search,Small,Household,182.45,0,0
ENQ-09278,2025-05-25,Clementi,Referral,Medium,Relocation,293.55,0,1
ENQ-09279,2025-08-02,Seletar,Google Search,Medium,Household,262.39,0,0
ENQ-09280,2025-10-23,Marina South,Organic,Locker,E-commerce,103.31,0,0
ENQ-09281,2025-07-13,Tampines,Meta Ads,Medium,SME,291.97,0,1
ENQ-09282,2025-04-09,Woodlands,Walk-in,Locker,Household,95.34,0,0
ENQ-09283,2025-03-03,Pioneer,Meta Ads,Large,Household,451.8,0,0
ENQ-09284,2025-08-01,Kallang,Meta Ads,Small,Relocation,201.83,0,0
ENQ-09285,2025-03-16,Punggol,Partner,Medium,Household,262.96,0,0
ENQ-09286,2025-11-05,Tengah,Google Search,Medium,Student/Expats,304.79,0,0
ENQ-09287,2025-04-22,Western Water Catchment,Partner,Small,Household,196.49,0,0
ENQ-09288,2025-06-07,River Valley,Partner,Medium,E-commerce,324.69,0,0
ENQ-09289,2025-05-05,Toa Payoh,Referral,Medium,Household,270.31,0,0
ENQ-09290,2025-12-06,Bishan,Meta Ads,Small,SME,183.19,1,0
ENQ-09291,2025-07-22,Choa Chu Kang,Meta Ads,Locker,Student/Expats,87.19,1,0
ENQ-09292,2025-08-31,Central Water Catchment,Google Search,Small,Household,177.98,0,0
ENQ-09293,2025-10-03,Rochor,Meta Ads,Small,SME,178.55,0,0
ENQ-09294,2025-06-04,Rochor,Partner,Medium,Household,315.08,0,0
ENQ-09295,2025-07-11,Jurong East,Referral,Small,Household,163.23,0,0
ENQ-09296,2025-10-02,Geylang,Meta Ads,Small,Household,171.04,0,0
ENQ-09297,2025-01-12,Boon Lay,Partner,Medium,Household,321.34,0,0
ENQ-09298,2025-01-03,Jurong West,Google Search,Small,Household,169.52,0,0
ENQ-09299,2025-04-23,Punggol,Partner,Large,SME,480.03,0,0
ENQ-09300,2025-12-27,Kallang,Organic,Medium,Household,321.27,0,0
ENQ-09301,2025-02-21,Outram,Organic,Large,SME,504.48,0,0
ENQ-09302,2025-12-26,Marine Parade,Meta Ads,Locker,Household,97.88,0,0
ENQ-09303,2025-05-12,Serangoon,Partner,Small,SME,171.66,0,0
ENQ-09304,2025-09-26,Tanglin,Partner,Small,Household,200.49,0,0
ENQ-09305,2025-12-05,Kallang,Meta Ads,Small,E-commerce,179.25,0,0
ENQ-09306,2025-06-08,Jurong West,Partner,Locker,Household,83.9,0,0
ENQ-09307,2025-11-21,Rochor,Google Search,Large,E-commerce,522.96,0,0
ENQ-09308,2025-04-04,Seletar,Google Search,Locker,Household,90.39,0,0
ENQ-09309,2025-02-06,Outram,Meta Ads,Small,SME,166.87,0,0
ENQ-09310,2025-06-09,Serangoon,Google Search,Medium,SME,310.16,0,0
ENQ-09311,2025-06-11,Jurong East,Meta Ads,Large,Relocation,455.25,0,0
ENQ-09312,2025-08-20,Tanglin,Organic,Large,SME,524.74,0,0
ENQ-09313,2025-07-28,Pioneer,Meta Ads,Medium,E-commerce,275.16,0,0
ENQ-09314,2025-08-03,Marina East,Organic,Medium,Household,314.93,0,0
ENQ-09315,2025-08-23,Museum,Google Search,Small,Student/Expats,172.27,0,0
ENQ-09316,2025-10-26,Geylang,Organic,Small,SME,206.66,0,0
ENQ-09317,2025-06-04,Punggol,Organic,Small,Household,181.63,1,0
ENQ-09318,2025-01-11,Kallang,Referral,Large,SME,489.99,0,0
ENQ-09319,2025-01-23,Punggol,Organic,Small,Household,205.44,0,0
ENQ-09320,2025-01-27,Sengkang,Organic,Locker,Household,95.49,0,0
ENQ-09321,2025-03-02,North-Eastern Islands,Referral,Locker,SME,90.48,0,0
ENQ-09322,2025-12-29,Marina East,Referral,Locker,Student/Expats,93.67,1,0
ENQ-09323,2025-04-17,Singapore River,Referral,Small,Relocation,205.85,1,0
ENQ-09324,2025-12-25,Tuas,Google Search,Small,Student/Expats,177.5,1,0
ENQ-09325,2025-04-02,Serangoon,Organic,Small,SME,205.8,0,0
ENQ-09326,2025-05-24,Sungei Kadut,Organic,Small,Household,168.13,0,0
ENQ-09327,2025-05-22,Straits View,Google Search,Medium,Relocation,286.32,0,0
ENQ-09328,2025-07-05,Bishan,Organic,Small,Household,188.93,0,0
ENQ-09329,2025-11-20,Pioneer,Meta Ads,Locker,E-commerce,96.81,0,0
ENQ-09330,2025-12-21,Marina South,Organic,Small,SME,162.13,1,0
ENQ-09331,2025-08-20,Simpang,Google Search,Large,Household,451.76,0,0
ENQ-09332,2025-11-04,Bukit Merah,Walk-in,Locker,Student/Expats,84.27,0,0
ENQ-09333,2025-01-26,Tengah,Walk-in,Small,SME,198.84,1,0
ENQ-09334,2025-02-04,Sengkang,Organic,Small,Household,199.4,0,0
ENQ-09335,2025-06-21,Boon Lay,Walk-in,Small,Relocation,206.8,0,0
ENQ-09336,2025-03-13,Downtown Core,Meta Ads,Medium,E-commerce,262.44,0,0
ENQ-09337,2025-10-29,North-Eastern Islands,Meta Ads,Medium,SME,304.4,0,0
ENQ-09338,2025-08-28,Newton,Google Search,Large,Relocation,447.53,0,0
ENQ-09339,2025-01-14,North-Eastern Islands,Google Search,Small,E-commerce,191.81,1,1
ENQ-09340,2025-08-27,Straits View,Referral,Small,Household,164.82,0,0
ENQ-09341,2025-07-21,Bukit Panjang,Organic,Small,Household,167.96,0,0
ENQ-09342,2025-12-07,Ang Mo Kio,Google Search,Small,Household,166.16,0,0
ENQ-09343,2025-04-14,Central Water Catchment,Google Search,Medium,SME,280.89,0,0
ENQ-09344,2025-01-28,Central Water Catchment,Organic,Small,Student/Expats,165.58,0,0
ENQ-09345,2025-03-05,Simpang,Google Search,Locker,Household,102.84,1,0
ENQ-09346,2025-09-12,Tampines,Walk-in,Small,Household,163.46,0,0
ENQ-09347,2025-03-04,Geylang,Partner,Medium,Household,331.69,0,0
ENQ-09348,2025-09-02,Punggol,Referral,Locker,Household,97.37,0,0
ENQ-09349,2025-03-28,Outram,Referral,Locker,SME,81.72,0,0
ENQ-09350,2025-04-16,Bedok,Referral,Locker,Student/Expats,81.72,0,0
ENQ-09351,2025-09-11,Bishan,Meta Ads,Small,Household,204.54,1,0
ENQ-09352,2025-04-04,Lim Chu Kang,Meta Ads,Medium,SME,287.93,0,0
ENQ-09353,2025-04-09,Downtown Core,Partner,Large,Household,480.01,0,0
ENQ-09354,2025-12-23,Kallang,Google Search,Large,SME,482.3,1,0
ENQ-09355,2025-09-04,Jurong East,Google Search,Large,SME,468.79,0,0
ENQ-09356,2025-02-14,Bedok,Google Search,Medium,Household,300.77,0,0
ENQ-09357,2025-12-24,Straits View,Walk-in,Medium,Household,325.66,0,0
ENQ-09358,2025-04-20,Changi Bay,Walk-in,Medium,Household,324.83,0,0
ENQ-09359,2025-04-26,Bukit Merah,Organic,Small,Household,189.69,1,0
ENQ-09360,2025-10-25,Simpang,Walk-in,Medium,SME,293.17,0,1
ENQ-09361,2025-11-13,Southern Islands,Walk-in,Medium,SME,315.58,0,0
ENQ-09362,2025-10-20,Western Water Catchment,Meta Ads,Small,Household,180.85,0,0
ENQ-09363,2025-11-16,Bedok,Partner,Medium,SME,298.81,0,0
ENQ-09364,2025-10-18,Geylang,Meta Ads,Small,SME,168.35,0,0
ENQ-09365,2025-03-01,Pasir Ris,Referral,Medium,Relocation,311.94,0,0
ENQ-09366,2025-02-27,Western Water Catchment,Google Search,Locker,Household,83.12,0,0
ENQ-09367,2025-02-26,Bukit Panjang,Referral,Small,SME,190.96,1,0
ENQ-09368,2025-09-10,Bishan,Google Search,Medium,Relocation,323.01,1,0
ENQ-09369,2025-10-25,Pioneer,Partner,Small,SME,187.97,0,0
ENQ-09370,2025-04-11,Choa Chu Kang,Organic,Locker,SME,100.92,0,0
ENQ-09371,2025-04-09,Woodlands,Google Search,Small,Household,195.18,0,0
ENQ-09372,2025-01-08,Southern Islands,Meta Ads,Small,Student/Expats,184.84,0,0
ENQ-09373,2025-10-01,Seletar,Walk-in,Medium,Household,325.23,1,0
ENQ-09374,2025-05-31,Tanglin,Google Search,Medium,Household,313.36,0,0
ENQ-09375,2025-10-06,Bedok,Partner,Medium,SME,288.49,1,0
ENQ-09376,2025-11-12,Marina East,Google Search,Locker,Student/Expats,88.49,0,0
ENQ-09377,2025-03-29,Kallang,Google Search,Large,Relocation,519.73,0,0
ENQ-09378,2025-04-27,Sembawang,Meta Ads,Small,SME,204.51,0,0
ENQ-09379,2025-05-28,Sengkang,Meta Ads,Small,Student/Expats,185.7,0,0
ENQ-09380,2025-05-18,Western Water Catchment,Google Search,Small,Household,177.98,0,0
ENQ-09381,2025-01-05,Newton,Google Search,Large,Household,469.0,1,0
ENQ-09382,2025-05-05,Kallang,Meta Ads,Locker,SME,93.66,0,0
ENQ-09383,2025-07-08,Pasir Ris,Meta Ads,Small,Household,167.95,0,0
ENQ-09384,2025-07-09,Simpang,Partner,Medium,SME,328.95,1,0
ENQ-09385,2025-10-02,Jurong West,Meta Ads,Locker,SME,93.34,0,0
ENQ-09386,2025-05-12,Yishun,Meta Ads,Small,Household,166.03,0,0
ENQ-09387,2025-07-11,Bukit Timah,Organic,Medium,SME,322.47,1,0
ENQ-09388,2025-09-14,Kallang,Meta Ads,Large,Household,419.27,0,0
ENQ-09389,2025-10-08,Rochor,Organic,Small,SME,166.95,0,0
ENQ-09390,2025-09-04,Tengah,Referral,Small,Household,184.41,0,0
ENQ-09391,2025-02-09,Jurong East,Referral,Large,Student/Expats,439.6,0,0
ENQ-09392,2025-02-01,Ang Mo Kio,Referral,Small,Household,179.6,1,0
ENQ-09393,2025-01-08,Geylang,Walk-in,Medium,Household,297.88,0,0
ENQ-09394,2025-12-13,Bukit Merah,Meta Ads,Medium,Student/Expats,286.94,0,0
ENQ-09395,2025-06-26,Choa Chu Kang,Meta Ads,Medium,E-commerce,319.54,0,0
ENQ-09396,2025-03-05,Tanglin,Referral,Small,SME,195.99,0,0
ENQ-09397,2025-04-17,Bishan,Organic,Medium,Student/Expats,296.91,0,0
ENQ-09398,2025-05-03,Woodlands,Google Search,Locker,Household,90.08,0,0
ENQ-09399,2025-06-04,Serangoon,Google Search,Small,Relocation,183.94,1,0
ENQ-09400,2025-08-01,North-Eastern Islands,Referral,Large,Relocation,521.77,1,0
ENQ-09401,2025-02-16,Woodlands,Meta Ads,Small,Relocation,191.89,0,0
ENQ-09402,2025-02-04,Choa Chu Kang,Google Search,Medium,Household,283.21,0,0
ENQ-09403,2025-11-01,Outram,Google Search,Medium,Household,318.28,0,0
ENQ-09404,2025-10-01,North-Eastern Islands,Partner,Small,SME,181.4,0,0
ENQ-09405,2025-04-05,Rochor,Partner,Large,Household,509.29,1,0
ENQ-09406,2025-06-29,Straits View,Google Search,Locker,Household,86.62,0,0
ENQ-09407,2025-03-29,Tengah,Google Search,Large,Household,523.61,0,0
ENQ-09408,2025-03-14,Bedok,Partner,Large,Student/Expats,482.58,0,0
ENQ-09409,2025-08-09,Hougang,Google Search,Medium,SME,317.8,0,0
ENQ-09410,2025-09-15,Bedok,Google Search,Medium,SME,271.14,0,0
ENQ-09411,2025-06-18,Geylang,Meta Ads,Medium,Relocation,329.14,1,0
ENQ-09412,2025-10-30,Tanglin,Google Search,Large,Household,491.38,0,0
ENQ-09413,2025-06-09,Straits View,Organic,Locker,Household,98.61,0,0
ENQ-09414,2025-12-13,Novena,Meta Ads,Small,Household,167.27,0,0
ENQ-09415,2025-02-11,Tuas,Organic,Small,SME,196.6,0,0
ENQ-09416,2025-12-17,Bukit Panjang,Organic,Large,Household,528.83,0,0
ENQ-09417,2025-10-06,Bishan,Google Search,Medium,Household,266.47,1,0
ENQ-09418,2025-09-04,Bukit Timah,Partner,Medium,SME,261.19,1,0
ENQ-09419,2025-07-14,Lim Chu Kang,Referral,Medium,Household,311.22,0,0
ENQ-09420,2025-05-11,Tanglin,Partner,Medium,Household,311.53,0,0
ENQ-09421,2025-03-31,Tampines,Organic,Small,SME,166.16,1,0
ENQ-09422,2025-02-06,Geylang,Meta Ads,Large,E-commerce,414.66,0,0
ENQ-09423,2025-01-20,Seletar,Organic,Locker,SME,81.17,0,0
ENQ-09424,2025-06-04,Punggol,Referral,Small,E-commerce,206.1,0,0
ENQ-09425,2025-04-13,Seletar,Google Search,Large,Household,478.2,0,0
ENQ-09426,2025-05-24,Museum,Google Search,Large,SME,486.64,1,0
ENQ-09427,2025-05-01,Tengah,Referral,Small,SME,177.27,1,0
ENQ-09428,2025-11-24,Jurong East,Meta Ads,Small,Household,185.95,0,0
ENQ-09429,2025-09-10,Downtown Core,Organic,Small,Household,197.34,0,0
ENQ-09430,2025-03-25,Changi Bay,Google Search,Small,Household,202.34,0,0
ENQ-09431,2025-10-17,Straits View,Organic,Small,Household,167.07,0,0
ENQ-09432,2025-09-12,Marina East,Meta Ads,Medium,Relocation,318.12,0,0
ENQ-09433,2025-08-19,Pioneer,Google Search,Medium,Household,307.98,0,0
ENQ-09434,2025-04-14,Pioneer,Meta Ads,Small,E-commerce,206.17,0,0
ENQ-09435,2025-06-06,Western Water Catchment,Meta Ads,Small,SME,203.12,0,0
ENQ-09436,2025-11-21,Western Water Catchment,Partner,Small,SME,199.46,0,0
ENQ-09437,2025-06-18,Marine Parade,Walk-in,Large,Household,438.83,0,0
ENQ-09438,2025-05-01,Pasir Ris,Google Search,Locker,Household,95.83,0,0
ENQ-09439,2025-01-24,Novena,Organic,Locker,Household,91.9,1,0
ENQ-09440,2025-04-11,Ang Mo Kio,Google Search,Small,E-commerce,185.83,0,0
ENQ-09441,2025-12-18,Geylang,Google Search,Medium,Household,331.73,0,0
ENQ-09442,2025-04-15,Tampines,Referral,Locker,SME,99.19,0,0
ENQ-09443,2025-09-16,Geylang,Google Search,Locker,Household,86.47,1,0
ENQ-09444,2025-12-23,Bukit Timah,Meta Ads,Locker,E-commerce,88.34,0,0
ENQ-09445,2025-07-03,Kallang,Walk-in,Small,Household,173.9,0,0
ENQ-09446,2025-08-07,Choa Chu Kang,Google Search,Medium,SME,292.08,0,0
ENQ-09447,2025-04-11,Bedok,Referral,Medium,Household,308.82,0,0
ENQ-09448,2025-12-08,Bukit Batok,Organic,Small,Household,172.57,0,0
ENQ-09449,2025-07-15,Jurong West,Google Search,Small,Household,192.26,0,0
ENQ-09450,2025-03-20,Hougang,Walk-in,Medium,Household,314.11,1,0
ENQ-09451,2025-11-28,Bukit Batok,Organic,Locker,Student/Expats,102.27,0,0
ENQ-09452,2025-02-10,Bukit Batok,Referral,Small,Household,203.58,0,0
ENQ-09453,2025-11-05,Punggol,Google Search,Small,Household,163.77,0,0
ENQ-09454,2025-05-14,Sembawang,Meta Ads,Medium,SME,304.43,0,0
ENQ-09455,2025-02-09,Outram,Walk-in,Medium,Student/Expats,293.08,0,0
ENQ-09456,2025-12-03,Bukit Panjang,Meta Ads,Large,Household,462.93,0,0
ENQ-09457,2025-02-03,Rochor,Google Search,Locker,Household,94.6,0,0
ENQ-09458,2025-06-07,Bedok,Google Search,Medium,Student/Expats,277.64,0,0
ENQ-09459,2025-07-07,Museum,Meta Ads,Medium,Relocation,320.71,0,0
ENQ-09460,2025-08-24,Downtown Core,Meta Ads,Locker,Household,88.54,0,0
ENQ-09461,2025-01-26,Bukit Batok,Organic,Small,Household,165.33,0,0
ENQ-09462,2025-02-18,Orchard,Organic,Medium,Household,295.57,0,0
ENQ-09463,2025-05-06,River Valley,Google Search,Small,E-commerce,192.64,1,1
ENQ-09464,2025-08-10,Jurong East,Google Search,Medium,SME,301.03,1,0
ENQ-09465,2025-12-15,Clementi,Referral,Small,Household,205.13,1,0
ENQ-09466,2025-05-19,Marina South,Meta Ads,Medium,Relocation,268.17,0,0
ENQ-09467,2025-09-23,Simpang,Walk-in,Large,E-commerce,424.76,0,0
ENQ-09468,2025-01-06,Bukit Panjang,Google Search,Large,Relocation,507.75,0,0
ENQ-09469,2025-09-25,Boon Lay,Organic,Locker,Household,81.59,0,0
ENQ-09470,2025-06-05,Boon Lay,Google Search,Medium,Household,327.6,0,0
ENQ-09471,2025-09-19,Singapore River,Walk-in,Small,Household,177.62,0,0
ENQ-09472,2025-03-09,Choa Chu Kang,Meta Ads,Small,SME,164.58,0,0
ENQ-09473,2025-07-28,Woodlands,Google Search,Medium,Household,264.5,1,0
ENQ-09474,2025-07-28,Bedok,Organic,Locker,Student/Expats,94.65,1,0
ENQ-09475,2025-10-20,Bukit Batok,Google Search,Medium,Household,275.56,0,0
ENQ-09476,2025-09-28,Western Water Catchment,Google Search,Medium,Household,326.94,0,0
ENQ-09477,2025-07-06,Marine Parade,Organic,Small,Household,175.06,0,0
ENQ-09478,2025-01-14,Tengah,Partner,Locker,SME,101.56,0,0
ENQ-09479,2025-12-22,Bishan,Organic,Large,Household,458.6,0,0
ENQ-09480,2025-05-23,Hougang,Meta Ads,Medium,Household,314.31,0,0
ENQ-09481,2025-12-29,Woodlands,Meta Ads,Small,Student/Expats,195.12,0,0
ENQ-09482,2025-01-27,Marine Parade,Google Search,Small,E-commerce,171.98,1,0
ENQ-09483,2025-09-09,North-Eastern Islands,Partner,Medium,Household,299.24,0,0
ENQ-09484,2025-04-16,Clementi,Organic,Small,E-commerce,200.49,0,0
ENQ-09485,2025-05-07,Straits View,Referral,Small,Household,165.35,0,0
ENQ-09486,2025-01-07,Mandai,Walk-in,Medium,SME,313.15,0,0
ENQ-09487,2025-05-31,Mandai,Google Search,Medium,Household,314.2,0,0
ENQ-09488,2025-08-22,Choa Chu Kang,Organic,Small,Household,199.07,1,0
ENQ-09489,2025-11-19,Southern Islands,Google Search,Locker,SME,83.03,0,0
ENQ-09490,2025-09-27,Sungei Kadut,Walk-in,Medium,Household,309.64,0,0
ENQ-09491,2025-05-24,Boon Lay,Referral,Small,Household,205.32,0,0
ENQ-09492,2025-05-03,Mandai,Google Search,Medium,Household,297.26,0,0
ENQ-09493,2025-04-04,Museum,Google Search,Medium,Student/Expats,281.75,0,0
ENQ-09494,2025-02-26,Tengah,Walk-in,Locker,E-commerce,103.02,0,1
ENQ-09495,2025-11-21,Outram,Meta Ads,Locker,SME,93.87,0,0
ENQ-09496,2025-02-06,Sembawang,Google Search,Small,Household,190.24,0,0
ENQ-09497,2025-11-29,Seletar,Referral,Medium,Student/Expats,269.86,1,0
ENQ-09498,2025-10-25,River Valley,Referral,Small,SME,178.02,0,0
ENQ-09499,2025-10-11,Marina South,Organic,Medium,Household,298.8,0,0
ENQ-09500,2025-12-31,Bedok,Meta Ads,Large,E-commerce,467.49,0,0
ENQ-09501,2025-09-17,Pioneer,Referral,Small,Relocation,162.93,0,0
ENQ-09502,2025-05-15,River Valley,Organic,Medium,SME,324.99,0,0
ENQ-09503,2025-03-22,Bishan,Partner,Large,Relocation,421.01,0,1
ENQ-09504,2025-10-20,Sembawang,Referral,Locker,E-commerce,99.56,0,1
ENQ-09505,2025-12-24,Simpang,Google Search,Medium,SME,271.75,0,0
ENQ-09506,2025-07-16,Tanglin,Google Search,Small,Household,181.04,0,0
ENQ-09507,2025-02-21,Newton,Google Search,Locker,SME,98.12,0,0
ENQ-09508,2025-06-15,Western Water Catchment,Organic,Small,Student/Expats,186.73,0,0
ENQ-09509,2025-08-25,Orchard,Organic,Medium,Household,299.67,0,0
ENQ-09510,2025-03-23,Kallang,Meta Ads,Locker,Household,99.46,0,0
ENQ-09511,2025-09-03,Woodlands,Google Search,Small,Student/Expats,162.68,0,0
ENQ-09512,2025-12-25,Changi Bay,Meta Ads,Medium,SME,269.23,0,0
ENQ-09513,2025-04-01,Tampines,Google Search,Small,E-commerce,197.59,0,0
ENQ-09514,2025-09-28,Mandai,Referral,Medium,Household,315.25,0,0
ENQ-09515,2025-04-10,North-Eastern Islands,Meta Ads,Medium,Relocation,324.55,0,0
ENQ-09516,2025-07-03,Tanglin,Meta Ads,Small,Student/Expats,194.63,1,1
ENQ-09517,2025-01-13,Novena,Meta Ads,Small,SME,203.78,0,0
ENQ-09518,2025-04-15,Kallang,Walk-in,Locker,Household,91.85,0,0
ENQ-09519,2025-04-14,Jurong East,Organic,Medium,Household,280.54,1,0
ENQ-09520,2025-10-11,Hougang,Partner,Medium,Household,282.51,0,0
ENQ-09521,2025-03-17,Sungei Kadut,Google Search,Medium,Household,313.76,0,0
ENQ-09522,2025-04-12,Queenstown,Google Search,Small,SME,198.87,1,0
ENQ-09523,2025-03-09,Marina East,Meta Ads,Small,Student/Expats,181.17,0,0
ENQ-09524,2025-05-30,Choa Chu Kang,Google Search,Small,Household,162.82,0,0
ENQ-09525,2025-11-09,Simpang,Google Search,Medium,Student/Expats,331.98,0,0
ENQ-09526,2025-04-01,North-Eastern Islands,Partner,Small,Household,166.27,0,0
ENQ-09527,2025-03-08,Bishan,Referral,Small,Relocation,186.12,1,0
ENQ-09528,2025-07-20,Bukit Timah,Google Search,Small,Relocation,171.49,0,0
ENQ-09529,2025-12-19,Pioneer,Meta Ads,Small,Household,174.71,0,0
ENQ-09530,2025-12-01,Central Water Catchment,Google Search,Small,Household,183.04,0,0
ENQ-09531,2025-07-28,Toa Payoh,Google Search,Locker,Household,81.88,0,0
ENQ-09532,2025-06-12,Orchard,Meta Ads,Small,Household,203.71,0,0
ENQ-09533,2025-09-22,Pioneer,Organic,Locker,E-commerce,91.75,0,0
ENQ-09534,2025-03-27,Marina East,Organic,Locker,Household,87.3,0,0
ENQ-09535,2025-12-05,Jurong West,Organic,Small,Household,168.65,1,0
ENQ-09536,2025-05-27,Jurong East,Google Search,Medium,E-commerce,320.35,1,0
ENQ-09537,2025-04-12,Pioneer,Meta Ads,Small,SME,166.02,0,1
ENQ-09538,2025-02-28,Changi,Google Search,Locker,SME,87.35,1,0
ENQ-09539,2025-03-27,Western Water Catchment,Referral,Medium,Relocation,304.53,0,0
ENQ-09540,2025-03-30,Toa Payoh,Google Search,Large,Student/Expats,494.85,0,0
ENQ-09541,2025-10-11,Serangoon,Google Search,Small,Student/Expats,192.57,0,0
ENQ-09542,2025-11-27,Clementi,Partner,Medium,SME,308.75,0,0
ENQ-09543,2025-06-15,Bukit Batok,Meta Ads,Small,Student/Expats,190.85,0,0
ENQ-09544,2025-04-16,Ang Mo Kio,Google Search,Small,Household,186.37,0,0
ENQ-09545,2025-11-03,Downtown Core,Partner,Small,Relocation,178.52,0,0
ENQ-09546,2025-07-27,Boon Lay,Organic,Locker,Relocation,101.65,0,0
ENQ-09547,2025-03-08,Sungei Kadut,Organic,Medium,Household,299.26,1,0
ENQ-09548,2025-10-13,Jurong East,Google Search,Medium,SME,269.63,0,0
ENQ-09549,2025-05-23,Central Water Catchment,Google Search,Medium,Household,287.62,0,0
ENQ-09550,2025-10-25,Queenstown,Partner,Locker,SME,102.92,0,0
ENQ-09551,2025-09-21,Western Water Catchment,Referral,Large,E-commerce,512.61,0,0
ENQ-09552,2025-09-12,Singapore River,Organic,Large,E-commerce,486.32,1,0
ENQ-09553,2025-08-18,Newton,Organic,Large,Household,509.69,0,0
ENQ-09554,2025-05-05,Singapore River,Organic,Small,Household,194.04,1,0
ENQ-09555,2025-04-13,Jurong East,Meta Ads,Medium,E-commerce,291.45,1,0
ENQ-09556,2025-12-16,Hougang,Referral,Small,Relocation,169.53,1,0
ENQ-09557,2025-10-09,Changi Bay,Google Search,Small,Household,204.17,0,0
ENQ-09558,2025-09-08,Bukit Panjang,Google Search,Medium,Household,318.36,1,0
ENQ-09559,2025-10-02,Tanglin,Google Search,Small,Household,191.18,0,0
ENQ-09560,2025-10-16,Boon Lay,Meta Ads,Small,Student/Expats,182.17,0,0
ENQ-09561,2025-09-14,Tengah,Google Search,Medium,Household,283.39,1,0
ENQ-09562,2025-06-18,Marina South,Referral,Small,Student/Expats,172.8,0,0
ENQ-09563,2025-04-02,Changi Bay,Organic,Medium,E-commerce,314.91,0,0
ENQ-09564,2025-05-08,Newton,Organic,Large,E-commerce,435.04,1,0
ENQ-09565,2025-05-30,Hougang,Meta Ads,Locker,Household,86.61,0,0
ENQ-09566,2025-11-14,Bukit Panjang,Walk-in,Small,Household,182.6,0,0
ENQ-09567,2025-02-22,Sengkang,Referral,Medium,Household,278.19,0,0
ENQ-09568,2025-06-21,Bukit Timah,Google Search,Small,Household,204.32,0,0
ENQ-09569,2025-04-05,Marina South,Meta Ads,Small,SME,190.53,0,0
ENQ-09570,2025-01-29,Marina South,Walk-in,Medium,SME,274.8,1,0
ENQ-09571,2025-07-03,Toa Payoh,Organic,Medium,Relocation,272.01,0,0
ENQ-09572,2025-12-07,Bishan,Google Search,Small,Household,196.27,0,0
ENQ-09573,2025-08-09,North-Eastern Islands,Partner,Large,Student/Expats,418.36,0,0
ENQ-09574,2025-01-28,Sembawang,Meta Ads,Small,Relocation,193.14,0,0
ENQ-09575,2025-06-09,Changi,Google Search,Small,Household,177.48,1,1
ENQ-09576,2025-06-08,Seletar,Referral,Medium,SME,313.69,0,0
ENQ-09577,2025-01-28,Jurong East,Google Search,Medium,Relocation,288.11,0,0
ENQ-09578,2025-04-12,Tuas,Google Search,Medium,Student/Expats,269.38,0,0
ENQ-09579,2025-04-02,Bukit Batok,Google Search,Medium,Household,281.96,0,0
ENQ-09580,2025-11-18,Tengah,Google Search,Medium,Household,297.83,1,0
ENQ-09581,2025-10-13,Tuas,Referral,Small,Household,178.68,1,0
ENQ-09582,2025-09-05,Serangoon,Google Search,Small,Household,187.66,0,0
ENQ-09583,2025-04-08,Marina East,Meta Ads,Large,Household,439.34,0,0
ENQ-09584,2025-01-03,Bukit Timah,Referral,Medium,E-commerce,292.83,1,0
ENQ-09585,2025-06-12,Sengkang,Meta Ads,Medium,E-commerce,277.4,0,0
ENQ-09586,2025-09-27,Bukit Timah,Organic,Medium,SME,281.36,1,0
ENQ-09587,2025-12-09,Downtown Core,Referral,Locker,E-commerce,98.58,1,0
ENQ-09588,2025-11-01,Geylang,Google Search,Small,Household,170.74,1,0
ENQ-09589,2025-08-18,Sengkang,Meta Ads,Small,E-commerce,177.99,1,1
ENQ-09590,2025-10-13,Toa Payoh,Google Search,Locker,Household,85.03,1,0
ENQ-09591,2025-08-15,Rochor,Walk-in,Small,SME,162.06,0,0
ENQ-09592,2025-08-18,Marina South,Meta Ads,Small,Household,170.24,0,0
ENQ-09593,2025-09-29,Choa Chu Kang,Google Search,Locker,SME,91.87,0,0
ENQ-09594,2025-06-13,Queenstown,Google Search,Medium,Student/Expats,319.97,0,0
ENQ-09595,2025-08-17,Woodlands,Referral,Small,SME,175.69,0,0
ENQ-09596,2025-06-08,River Valley,Referral,Small,Household,191.24,0,0
ENQ-09597,2025-06-24,Straits View,Referral,Locker,Household,103.11,0,0
ENQ-09598,2025-08-07,Sungei Kadut,Organic,Small,Relocation,205.64,1,0
ENQ-09599,2025-10-05,Orchard,Google Search,Small,Household,165.35,0,0
ENQ-09600,2025-08-24,Changi Bay,Walk-in,Locker,Household,87.22,0,0
ENQ-09601,2025-09-23,Toa Payoh,Google Search,Small,Student/Expats,197.8,0,0
ENQ-09602,2025-11-03,Bukit Timah,Google Search,Locker,Household,100.13,1,0
ENQ-09603,2025-10-31,Bukit Batok,Google Search,Small,SME,185.58,0,0
ENQ-09604,2025-05-07,River Valley,Organic,Medium,Household,278.27,1,0
ENQ-09605,2025-10-18,Seletar,Google Search,Small,Household,196.23,0,0
ENQ-09606,2025-07-13,Marina East,Google Search,Small,Household,183.15,0,0
ENQ-09607,2025-02-20,Punggol,Organic,Small,Relocation,201.31,0,0
ENQ-09608,2025-05-01,Geylang,Partner,Medium,SME,282.97,0,0
ENQ-09609,2025-08-19,North-Eastern Islands,Partner,Locker,Household,100.24,0,0
ENQ-09610,2025-12-13,Changi Bay,Organic,Medium,SME,263.97,0,0
ENQ-09611,2025-08-29,Bukit Timah,Google Search,Small,Household,166.72,0,0
ENQ-09612,2025-09-18,Jurong East,Google Search,Small,Household,178.49,1,0
ENQ-09613,2025-05-15,Simpang,Google Search,Medium,Relocation,298.44,1,0
ENQ-09614,2025-06-03,Pioneer,Meta Ads,Locker,Relocation,92.68,0,0
ENQ-09615,2025-11-19,Yishun,Referral,Medium,Household,281.01,0,0
ENQ-09616,2025-05-19,Tampines,Walk-in,Locker,Household,85.29,1,0
ENQ-09617,2025-08-06,River Valley,Organic,Small,Household,206.5,0,0
ENQ-09618,2025-12-26,Seletar,Google Search,Small,Household,179.36,0,0
ENQ-09619,2025-08-09,Marine Parade,Walk-in,Locker,E-commerce,90.96,0,0
ENQ-09620,2025-01-24,Seletar,Organic,Small,Relocation,189.12,1,0
ENQ-09621,2025-09-26,Woodlands,Organic,Small,Household,175.38,0,0
ENQ-09622,2025-01-20,Jurong West,Meta Ads,Locker,Household,93.04,0,0
ENQ-09623,2025-01-25,Changi,Meta Ads,Locker,Relocation,101.88,0,0
ENQ-09624,2025-04-03,Outram,Meta Ads,Small,Household,184.39,0,0
ENQ-09625,2025-09-30,Bukit Batok,Referral,Large,Household,484.76,0,0
ENQ-09626,2025-11-22,Newton,Partner,Medium,SME,275.8,0,0
ENQ-09627,2025-02-15,Outram,Partner,Large,Student/Expats,450.35,0,0
ENQ-09628,2025-01-12,Punggol,Organic,Medium,Student/Expats,303.56,0,0
ENQ-09629,2025-05-04,Sembawang,Meta Ads,Medium,Relocation,315.29,0,0
ENQ-09630,2025-07-26,Newton,Partner,Small,E-commerce,180.05,0,0
ENQ-09631,2025-03-15,Hougang,Meta Ads,Small,Household,184.38,0,0
ENQ-09632,2025-08-13,Hougang,Meta Ads,Small,Household,169.78,0,0
ENQ-09633,2025-07-30,Punggol,Meta Ads,Small,Household,206.32,1,1
ENQ-09634,2025-05-23,Straits View,Meta Ads,Medium,Student/Expats,295.12,0,0
ENQ-09635,2025-09-06,Seletar,Google Search,Small,E-commerce,182.86,1,0
ENQ-09636,2025-03-12,Lim Chu Kang,Organic,Medium,Household,280.97,0,0
ENQ-09637,2025-04-07,Bedok,Referral,Small,SME,192.03,1,0
ENQ-09638,2025-03-24,Pasir Ris,Meta Ads,Small,Household,190.99,0,0
ENQ-09639,2025-01-28,Marine Parade,Organic,Small,Relocation,166.48,0,0
ENQ-09640,2025-05-01,Serangoon,Walk-in,Locker,Relocation,100.65,1,0
ENQ-09641,2025-05-15,Bukit Batok,Meta Ads,Medium,Household,307.11,0,0
ENQ-09642,2025-09-30,Bukit Batok,Google Search,Medium,SME,332.73,0,0
ENQ-09643,2025-03-30,Pasir Ris,Organic,Medium,SME,319.61,0,0
ENQ-09644,2025-10-14,Yishun,Google Search,Small,SME,184.17,1,0
ENQ-09645,2025-10-13,Woodlands,Organic,Medium,SME,294.81,0,0
ENQ-09646,2025-08-10,Jurong West,Organic,Large,Household,452.66,0,0
ENQ-09647,2025-04-26,Newton,Meta Ads,Small,Relocation,198.25,0,0
ENQ-09648,2025-01-15,Simpang,Partner,Locker,Household,84.75,0,0
ENQ-09649,2025-04-25,Southern Islands,Partner,Locker,Household,96.12,0,0
ENQ-09650,2025-06-12,Singapore River,Organic,Locker,Household,102.31,0,0
ENQ-09651,2025-11-05,Singapore River,Referral,Medium,Household,314.7,0,0
ENQ-09652,2025-03-09,Pioneer,Partner,Small,E-commerce,176.64,0,0
ENQ-09653,2025-10-14,Rochor,Google Search,Small,Household,175.18,0,0
ENQ-09654,2025-12-18,Punggol,Organic,Locker,Household,97.53,0,0
ENQ-09655,2025-08-10,Jurong East,Organic,Small,Relocation,194.76,0,0
ENQ-09656,2025-07-24,Marina East,Google Search,Medium,Student/Expats,322.98,1,0
ENQ-09657,2025-06-15,Tuas,Organic,Locker,Household,99.14,0,0
ENQ-09658,2025-03-14,Choa Chu Kang,Walk-in,Large,Household,432.96,0,0
ENQ-09659,2025-11-08,Marine Parade,Organic,Medium,E-commerce,327.39,0,0
ENQ-09660,2025-03-24,Simpang,Google Search,Medium,Household,275.67,1,0
ENQ-09661,2025-10-26,Southern Islands,Organic,Small,Household,200.18,0,0
ENQ-09662,2025-12-01,Sembawang,Meta Ads,Small,Household,185.03,0,0
ENQ-09663,2025-01-09,Ang Mo Kio,Referral,Small,Household,198.74,0,0
ENQ-09664,2025-05-10,Marina East,Meta Ads,Medium,E-commerce,267.87,0,0
ENQ-09665,2025-05-02,Hougang,Meta Ads,Small,Household,168.1,0,0
ENQ-09666,2025-01-04,Yishun,Referral,Small,SME,199.99,1,0
ENQ-09667,2025-08-31,Ang Mo Kio,Walk-in,Medium,Household,264.01,0,1
ENQ-09668,2025-08-25,Jurong East,Google Search,Locker,Household,82.72,0,0
ENQ-09669,2025-11-14,Punggol,Google Search,Locker,Relocation,98.1,0,0
ENQ-09670,2025-05-25,Rochor,Organic,Small,SME,184.3,0,0
ENQ-09671,2025-12-02,Kallang,Meta Ads,Small,SME,171.82,0,0
ENQ-09672,2025-11-27,Simpang,Google Search,Medium,Student/Expats,325.69,0,1
ENQ-09673,2025-10-30,Queenstown,Google Search,Small,SME,206.03,0,0
ENQ-09674,2025-02-21,Museum,Meta Ads,Medium,E-commerce,302.49,1,0
ENQ-09675,2025-06-09,Woodlands,Google Search,Small,Student/Expats,171.6,1,0
ENQ-09676,2025-08-22,Ang Mo Kio,Meta Ads,Locker,Household,93.53,0,0
ENQ-09677,2025-01-07,Downtown Core,Organic,Medium,Relocation,332.8,0,0
ENQ-09678,2025-04-15,River Valley,Organic,Small,E-commerce,189.71,0,0
ENQ-09679,2025-03-21,Queenstown,Google Search,Small,Household,200.38,0,0
ENQ-09680,2025-04-24,Bukit Timah,Meta Ads,Small,E-commerce,184.35,0,0
ENQ-09681,2025-04-12,Changi,Google Search,Large,Household,475.83,1,0
ENQ-09682,2025-07-03,Marine Parade,Organic,Large,Household,464.93,0,0
ENQ-09683,2025-04-29,Sengkang,Organic,Small,SME,189.76,0,0
ENQ-09684,2025-02-19,Marina South,Organic,Large,Household,449.99,0,0
ENQ-09685,2025-07-06,Simpang,Meta Ads,Small,E-commerce,200.42,0,0
ENQ-09686,2025-07-07,Hougang,Meta Ads,Medium,Household,279.31,0,0
ENQ-09687,2025-05-15,Jurong East,Meta Ads,Medium,Relocation,328.05,0,0
ENQ-09688,2025-04-26,Yishun,Meta Ads,Medium,Relocation,274.74,0,0
ENQ-09689,2025-12-30,Punggol,Organic,Large,Student/Expats,506.91,0,0
ENQ-09690,2025-01-21,Simpang,Organic,Medium,SME,296.55,0,0
ENQ-09691,2025-03-29,Tengah,Walk-in,Medium,SME,278.81,1,0
ENQ-09692,2025-06-21,Singapore River,Partner,Small,Household,164.53,0,0
ENQ-09693,2025-09-07,Pioneer,Partner,Medium,Household,314.87,0,0
ENQ-09694,2025-02-11,Sembawang,Google Search,Large,Household,429.95,0,0
ENQ-09695,2025-10-11,Marina East,Meta Ads,Medium,Household,281.39,0,0
ENQ-09696,2025-03-22,Bukit Merah,Google Search,Medium,E-commerce,316.89,1,0
ENQ-09697,2025-11-03,Pioneer,Google Search,Medium,SME,305.29,1,0
ENQ-09698,2025-05-21,Lim Chu Kang,Walk-in,Small,SME,177.12,1,0
ENQ-09699,2025-01-09,Sungei Kadut,Organic,Medium,Relocation,313.33,0,0
ENQ-09700,2025-09-13,Tanglin,Referral,Small,Household,169.6,0,0
ENQ-09701,2025-09-18,Toa Payoh,Partner,Large,SME,419.37,0,0
ENQ-09702,2025-05-05,Western Water Catchment,Meta Ads,Medium,Household,295.99,0,0
ENQ-09703,2025-10-02,Changi,Organic,Small,SME,173.04,0,0
ENQ-09704,2025-06-01,Seletar,Meta Ads,Small,E-commerce,188.79,0,0
ENQ-09705,2025-08-19,Seletar,Organic,Small,SME,171.77,0,0
ENQ-09706,2025-11-10,Tengah,Walk-in,Small,SME,170.2,0,0
ENQ-09707,2025-02-12,Central Water Catchment,Partner,Small,Household,168.33,0,0
ENQ-09708,2025-06-09,Outram,Walk-in,Small,E-commerce,202.84,1,0
ENQ-09709,2025-03-19,Downtown Core,Meta Ads,Medium,Household,270.46,0,0
ENQ-09710,2025-11-26,Hougang,Walk-in,Large,SME,443.33,0,0
ENQ-09711,2025-02-06,Kallang,Google Search,Large,Student/Expats,525.2,0,0
ENQ-09712,2025-04-07,Bukit Merah,Google Search,Medium,Household,316.81,1,0
ENQ-09713,2025-08-16,Singapore River,Partner,Locker,Student/Expats,100.7,0,0
ENQ-09714,2025-11-28,Lim Chu Kang,Partner,Locker,Household,88.82,1,0
ENQ-09715,2025-09-09,Bukit Timah,Google Search,Small,Relocation,178.1,0,0
ENQ-09716,2025-04-23,Bukit Merah,Partner,Small,Household,174.95,0,0
ENQ-09717,2025-01-19,Tengah,Meta Ads,Medium,Household,271.79,0,0
ENQ-09718,2025-04-29,Bishan,Organic,Small,Household,183.98,1,1
ENQ-09719,2025-01-27,North-Eastern Islands,Partner,Small,Household,182.19,1,0
ENQ-09720,2025-06-28,Kallang,Walk-in,Small,Relocation,170.88,0,0
ENQ-09721,2025-04-25,Hougang,Referral,Medium,Student/Expats,284.64,0,0
ENQ-09722,2025-08-09,Sengkang,Organic,Small,Relocation,191.41,0,0
ENQ-09723,2025-09-14,Southern Islands,Walk-in,Medium,Relocation,328.35,0,0
ENQ-09724,2025-03-24,Pioneer,Meta Ads,Medium,SME,310.36,0,0
ENQ-09725,2025-11-29,Clementi,Referral,Locker,Household,88.17,1,0
ENQ-09726,2025-09-24,Pasir Ris,Google Search,Locker,SME,86.03,1,0
ENQ-09727,2025-12-07,North-Eastern Islands,Referral,Locker,SME,88.85,0,0
ENQ-09728,2025-03-25,Jurong West,Referral,Locker,Student/Expats,100.09,0,0
ENQ-09729,2025-04-14,Tampines,Organic,Locker,SME,89.16,1,0
ENQ-09730,2025-11-09,River Valley,Referral,Large,Household,416.22,1,0
ENQ-09731,2025-04-01,Marina East,Organic,Medium,Student/Expats,295.62,0,0
ENQ-09732,2025-04-26,Hougang,Walk-in,Medium,Household,319.33,0,0
ENQ-09733,2025-02-18,Bukit Batok,Google Search,Medium,Household,268.67,1,0
ENQ-09734,2025-03-19,Toa Payoh,Meta Ads,Large,Household,508.64,0,0
ENQ-09735,2025-03-07,Straits View,Walk-in,Large,Household,464.31,1,0
ENQ-09736,2025-12-20,Marina East,Organic,Locker,E-commerce,85.81,0,0
ENQ-09737,2025-02-12,Changi Bay,Referral,Medium,Household,309.61,0,0
ENQ-09738,2025-10-19,Tanglin,Meta Ads,Locker,Household,87.51,0,0
ENQ-09739,2025-01-08,Tanglin,Referral,Medium,Household,325.68,0,0
ENQ-09740,2025-06-02,Yishun,Referral,Small,Household,199.02,1,0
ENQ-09741,2025-02-26,Marina South,Meta Ads,Medium,Household,278.88,0,0
ENQ-09742,2025-12-31,Seletar,Partner,Small,SME,179.46,0,0
ENQ-09743,2025-02-21,Sengkang,Referral,Small,Household,176.42,1,0
ENQ-09744,2025-05-12,Simpang,Google Search,Locker,E-commerce,92.8,0,0
ENQ-09745,2025-03-06,Choa Chu Kang,Organic,Medium,Household,318.82,1,0
ENQ-09746,2025-01-31,Outram,Referral,Medium,Household,290.21,0,0
ENQ-09747,2025-12-21,Jurong East,Referral,Small,Household,188.66,0,0
ENQ-09748,2025-07-15,Mandai,Meta Ads,Medium,Household,293.27,0,0
ENQ-09749,2025-03-22,Downtown Core,Google Search,Small,Household,195.65,0,0
ENQ-09750,2025-03-31,Pioneer,Organic,Small,Household,190.54,0,0
ENQ-09751,2025-02-25,Southern Islands,Walk-in,Medium,Household,266.87,0,0
ENQ-09752,2025-12-23,Downtown Core,Google Search,Small,SME,205.11,1,0
ENQ-09753,2025-03-25,Novena,Google Search,Large,SME,452.22,0,0
ENQ-09754,2025-12-23,River Valley,Meta Ads,Large,SME,489.15,0,0
ENQ-09755,2025-01-10,Tampines,Organic,Small,Household,194.46,0,1
ENQ-09756,2025-09-01,Rochor,Meta Ads,Medium,SME,322.28,0,0
ENQ-09757,2025-08-12,Novena,Organic,Medium,Student/Expats,333.4,1,0
ENQ-09758,2025-10-13,Seletar,Referral,Medium,E-commerce,306.94,1,0
ENQ-09759,2025-05-22,Museum,Google Search,Medium,Household,290.86,0,0
ENQ-09760,2025-11-29,Jurong West,Organic,Small,Household,178.13,0,0
ENQ-09761,2025-11-21,Marine Parade,Organic,Medium,Household,271.89,0,0
ENQ-09762,2025-06-29,Jurong East,Walk-in,Small,Household,176.61,0,0
ENQ-09763,2025-06-27,Serangoon,Organic,Large,Household,456.71,1,0
ENQ-09764,2025-06-20,Central Water Catchment,Google Search,Medium,SME,307.69,0,0
ENQ-09765,2025-07-01,Seletar,Organic,Small,Household,190.6,1,0
ENQ-09766,2025-09-20,Toa Payoh,Organic,Small,Household,189.69,1,0
ENQ-09767,2025-07-08,Sungei Kadut,Referral,Medium,Household,280.56,0,0
ENQ-09768,2025-03-28,Serangoon,Partner,Medium,E-commerce,300.56,0,0
ENQ-09769,2025-01-13,Novena,Google Search,Locker,Household,83.37,0,0
ENQ-09770,2025-07-13,Bedok,Referral,Small,SME,174.81,0,0
ENQ-09771,2025-12-08,Boon Lay,Google Search,Locker,E-commerce,98.05,0,0
ENQ-09772,2025-08-04,Yishun,Meta Ads,Medium,SME,308.99,0,0
ENQ-09773,2025-08-01,Serangoon,Google Search,Large,SME,507.02,0,0
ENQ-09774,2025-10-27,Simpang,Walk-in,Small,Student/Expats,176.56,0,0
ENQ-09775,2025-04-09,Orchard,Organic,Small,Household,193.45,0,0
ENQ-09776,2025-08-26,Tuas,Google Search,Small,SME,176.82,0,0
ENQ-09777,2025-12-09,Hougang,Google Search,Small,Household,183.91,0,0
ENQ-09778,2025-05-03,Bukit Panjang,Walk-in,Medium,E-commerce,295.96,0,0
ENQ-09779,2025-12-14,North-Eastern Islands,Google Search,Medium,Student/Expats,269.48,1,0
ENQ-09780,2025-07-12,Geylang,Organic,Medium,Student/Expats,261.39,0,0
ENQ-09781,2025-11-19,Bukit Timah,Organic,Medium,SME,276.38,0,0
ENQ-09782,2025-12-13,North-Eastern Islands,Meta Ads,Locker,Household,91.68,1,0
ENQ-09783,2025-11-07,Novena,Meta Ads,Medium,Household,274.94,0,0
ENQ-09784,2025-06-14,Central Water Catchment,Organic,Small,Household,169.6,0,0
ENQ-09785,2025-11-02,Seletar,Meta Ads,Medium,Household,284.1,0,0
ENQ-09786,2025-01-02,Jurong West,Google Search,Small,SME,195.69,1,0
ENQ-09787,2025-09-07,Tengah,Google Search,Small,Household,172.36,0,0
ENQ-09788,2025-03-19,Bukit Batok,Meta Ads,Medium,SME,292.87,0,0
ENQ-09789,2025-11-03,Marine Parade,Google Search,Medium,Relocation,270.83,0,0
ENQ-09790,2025-04-11,Mandai,Organic,Small,Household,163.11,0,1
ENQ-09791,2025-01-19,Tengah,Meta Ads,Locker,E-commerce,97.23,0,0
ENQ-09792,2025-07-07,Bukit Timah,Organic,Medium,Household,261.65,0,0
ENQ-09793,2025-01-12,Queenstown,Meta Ads,Small,SME,176.69,0,0
ENQ-09794,2025-11-07,Orchard,Google Search,Medium,Household,310.0,0,0
ENQ-09795,2025-04-03,Kallang,Organic,Locker,Household,99.29,0,0
ENQ-09796,2025-10-22,Jurong West,Meta Ads,Small,Household,176.26,0,0
ENQ-09797,2025-09-04,Museum,Walk-in,Small,Household,183.2,0,0
ENQ-09798,2025-09-12,Downtown Core,Walk-in,Locker,Relocation,87.0,1,0
ENQ-09799,2025-05-16,Jurong East,Partner,Medium,Household,279.85,0,0
ENQ-09800,2025-04-01,Pioneer,Referral,Locker,SME,81.2,0,0
ENQ-09801,2025-01-30,Bukit Batok,Google Search,Small,Household,176.01,0,0
ENQ-09802,2025-10-20,Changi,Google Search,Large,Household,420.72,0,0
ENQ-09803,2025-11-10,Orchard,Walk-in,Small,Household,173.78,0,0
ENQ-09804,2025-07-06,Central Water Catchment,Referral,Medium,SME,269.95,0,0
ENQ-09805,2025-10-29,Serangoon,Walk-in,Locker,Household,91.86,0,0
ENQ-09806,2025-04-23,Clementi,Organic,Locker,Household,92.14,0,0
ENQ-09807,2025-03-13,Orchard,Google Search,Small,Relocation,168.87,0,0
ENQ-09808,2025-10-01,Bishan,Organic,Small,Household,189.46,0,0
ENQ-09809,2025-09-28,Bukit Batok,Referral,Locker,SME,92.39,1,0
ENQ-09810,2025-03-11,Southern Islands,Referral,Large,SME,436.48,0,0
ENQ-09811,2025-04-18,Tampines,Organic,Locker,Household,88.47,1,0
ENQ-09812,2025-04-13,Kallang,Meta Ads,Locker,SME,86.34,0,0
ENQ-09813,2025-01-14,Jurong East,Meta Ads,Small,Household,180.57,0,0
ENQ-09814,2025-10-10,Outram,Partner,Small,Student/Expats,201.35,0,0
ENQ-09815,2025-08-26,Museum,Organic,Small,Household,201.24,0,0
ENQ-09816,2025-10-09,Outram,Google Search,Small,E-commerce,166.43,0,0
ENQ-09817,2025-01-14,Novena,Partner,Locker,SME,87.76,1,0
ENQ-09818,2025-09-08,Hougang,Partner,Small,SME,203.52,0,0
ENQ-09819,2025-10-07,Marine Parade,Referral,Small,Household,174.6,1,0
ENQ-09820,2025-06-16,Marina South,Meta Ads,Medium,Student/Expats,275.0,0,0
ENQ-09821,2025-09-25,Seletar,Google Search,Small,Household,195.35,0,0
ENQ-09822,2025-12-24,Bukit Panjang,Meta Ads,Medium,SME,285.55,0,0
ENQ-09823,2025-08-22,Seletar,Partner,Medium,E-commerce,288.52,0,0
ENQ-09824,2025-10-20,Sengkang,Walk-in,Locker,Household,95.21,0,0
ENQ-09825,2025-11-22,Kallang,Organic,Small,Household,184.67,0,0
ENQ-09826,2025-07-13,Queenstown,Google Search,Small,Student/Expats,195.23,0,0
ENQ-09827,2025-12-31,Tuas,Partner,Medium,E-commerce,284.37,0,0
ENQ-09828,2025-10-01,Western Water Catchment,Meta Ads,Medium,E-commerce,320.53,0,0
ENQ-09829,2025-04-01,Toa Payoh,Google Search,Locker,SME,90.81,0,0
ENQ-09830,2025-03-03,Mandai,Meta Ads,Medium,Student/Expats,291.74,0,0
ENQ-09831,2025-05-18,Rochor,Organic,Locker,Household,99.47,0,0
ENQ-09832,2025-05-27,Bishan,Google Search,Medium,Household,270.22,1,1
ENQ-09833,2025-04-13,Sengkang,Google Search,Large,E-commerce,483.74,0,0
ENQ-09834,2025-04-30,Tuas,Google Search,Medium,E-commerce,261.56,1,0
ENQ-09835,2025-07-06,Bukit Batok,Organic,Locker,Household,91.93,0,0
ENQ-09836,2025-10-14,Bukit Merah,Organic,Large,Household,460.01,1,0
ENQ-09837,2025-08-31,Pioneer,Google Search,Medium,Household,310.04,0,0
ENQ-09838,2025-12-04,Sengkang,Google Search,Locker,SME,82.05,0,0
ENQ-09839,2025-09-19,Tampines,Referral,Large,Household,443.05,0,0
ENQ-09840,2025-06-11,Jurong West,Google Search,Small,Relocation,196.09,1,0
ENQ-09841,2025-08-17,Changi Bay,Referral,Locker,Household,92.24,1,0
ENQ-09842,2025-09-29,Hougang,Google Search,Small,SME,202.49,0,0
ENQ-09843,2025-09-01,Straits View,Google Search,Small,E-commerce,176.41,0,0
ENQ-09844,2025-02-11,Lim Chu Kang,Google Search,Locker,Household,95.36,0,0
ENQ-09845,2025-10-25,Bishan,Google Search,Medium,Household,304.88,1,0
ENQ-09846,2025-08-07,Bukit Panjang,Organic,Large,Household,441.01,1,0
ENQ-09847,2025-03-21,North-Eastern Islands,Google Search,Small,E-commerce,172.6,1,0
ENQ-09848,2025-08-29,Lim Chu Kang,Walk-in,Small,SME,178.19,0,0
ENQ-09849,2025-12-31,Tengah,Google Search,Large,Household,457.19,0,0
ENQ-09850,2025-04-21,Lim Chu Kang,Meta Ads,Small,Household,166.46,0,0
ENQ-09851,2025-06-09,Outram,Walk-in,Small,Household,167.62,0,0
ENQ-09852,2025-05-02,Geylang,Meta Ads,Small,SME,185.24,0,0
ENQ-09853,2025-02-24,Western Water Catchment,Walk-in,Small,Relocation,180.52,0,0
ENQ-09854,2025-08-21,Marina East,Meta Ads,Locker,SME,100.79,0,0
ENQ-09855,2025-04-12,River Valley,Organic,Locker,Relocation,84.99,0,0
ENQ-09856,2025-02-27,Woodlands,Organic,Medium,Household,306.66,0,0
ENQ-09857,2025-11-28,Geylang,Organic,Medium,SME,299.01,0,0
ENQ-09858,2025-01-07,Bukit Panjang,Google Search,Locker,SME,84.17,1,0
ENQ-09859,2025-08-03,Bukit Merah,Walk-in,Locker,SME,95.43,0,0
ENQ-09860,2025-11-21,Bukit Timah,Referral,Medium,Household,295.02,0,0
ENQ-09861,2025-09-15,Marina East,Referral,Large,Household,524.35,0,0
ENQ-09862,2025-12-11,Yishun,Walk-in,Small,Household,177.73,0,0
ENQ-09863,2025-12-27,Sembawang,Meta Ads,Small,Student/Expats,190.91,0,0
ENQ-09864,2025-08-20,Marina South,Google Search,Medium,SME,316.11,0,0
ENQ-09865,2025-03-22,Newton,Organic,Medium,Household,312.33,0,0
ENQ-09866,2025-04-24,Bukit Batok,Organic,Medium,Household,321.18,1,0
ENQ-09867,2025-04-22,Singapore River,Walk-in,Small,SME,163.74,0,0
ENQ-09868,2025-02-02,Kallang,Organic,Medium,Household,317.49,0,0
ENQ-09869,2025-04-30,Lim Chu Kang,Google Search,Locker,Household,94.15,0,0
ENQ-09870,2025-03-26,Pioneer,Walk-in,Medium,Household,265.73,0,0
ENQ-09871,2025-11-25,Clementi,Referral,Small,E-commerce,185.7,0,0
ENQ-09872,2025-07-22,Tanglin,Walk-in,Medium,E-commerce,262.66,1,0
ENQ-09873,2025-03-22,Bukit Timah,Google Search,Small,Household,202.93,0,0
ENQ-09874,2025-07-11,Southern Islands,Meta Ads,Locker,Household,98.06,0,0
ENQ-09875,2025-03-29,Western Water Catchment,Meta Ads,Small,SME,174.07,0,1
ENQ-09876,2025-01-25,Marina South,Walk-in,Medium,Household,281.35,1,0
ENQ-09877,2025-06-25,Seletar,Organic,Small,SME,175.23,0,0
ENQ-09878,2025-12-07,Rochor,Partner,Small,Household,203.57,0,0
ENQ-09879,2025-08-31,Mandai,Organic,Large,Household,468.0,0,0
ENQ-09880,2025-10-22,Ang Mo Kio,Meta Ads,Large,Relocation,458.8,0,0
ENQ-09881,2025-05-11,Southern Islands,Organic,Locker,Household,88.56,0,0
ENQ-09882,2025-05-02,Queenstown,Google Search,Medium,Household,307.35,0,0
ENQ-09883,2025-11-02,Jurong West,Google Search,Medium,Relocation,295.6,0,0
ENQ-09884,2025-10-09,Marina East,Google Search,Large,Household,517.47,0,0
ENQ-09885,2025-11-29,Downtown Core,Partner,Large,Household,508.8,0,0
ENQ-09886,2025-09-14,Novena,Organic,Large,Relocation,481.91,0,1
ENQ-09887,2025-02-04,Pasir Ris,Organic,Locker,Household,102.42,0,0
ENQ-09888,2025-02-27,Simpang,Walk-in,Large,Relocation,527.26,0,0
ENQ-09889,2025-11-24,Clementi,Meta Ads,Medium,Student/Expats,327.68,0,0
ENQ-09890,2025-06-18,Ang Mo Kio,Referral,Medium,SME,289.31,0,0
ENQ-09891,2025-02-18,Bukit Timah,Meta Ads,Medium,Household,285.66,0,1
ENQ-09892,2025-10-17,Marina East,Walk-in,Small,Household,176.7,1,0
ENQ-09893,2025-09-21,Geylang,Meta Ads,Medium,Household,277.83,0,0
ENQ-09894,2025-04-17,Museum,Organic,Medium,Relocation,315.69,0,0
ENQ-09895,2025-03-03,Singapore River,Organic,Medium,Household,300.56,0,0
ENQ-09896,2025-04-19,Bukit Merah,Google Search,Locker,Student/Expats,83.02,0,0
ENQ-09897,2025-03-20,Downtown Core,Walk-in,Small,Household,206.54,0,0
ENQ-09898,2025-09-10,Toa Payoh,Organic,Small,Student/Expats,163.37,0,0
ENQ-09899,2025-11-26,Sembawang,Referral,Locker,Household,94.11,0,0
ENQ-09900,2025-01-19,Choa Chu Kang,Google Search,Medium,E-commerce,293.37,0,0
ENQ-09901,2025-09-12,Woodlands,Referral,Small,Household,200.69,0,0
ENQ-09902,2025-11-19,Tampines,Google Search,Medium,Household,282.1,1,0
ENQ-09903,2025-02-14,Woodlands,Google Search,Medium,Student/Expats,293.12,0,0
ENQ-09904,2025-02-06,Bedok,Google Search,Small,SME,181.2,0,0
ENQ-09905,2025-08-21,Straits View,Walk-in,Locker,SME,99.11,0,0
ENQ-09906,2025-03-05,Toa Payoh,Meta Ads,Large,E-commerce,449.11,1,1
ENQ-09907,2025-03-23,Rochor,Organic,Locker,E-commerce,85.32,0,0
ENQ-09908,2025-05-06,Marina East,Walk-in,Locker,E-commerce,94.17,0,0
ENQ-09909,2025-03-02,Jurong West,Walk-in,Locker,Household,102.6,0,0
ENQ-09910,2025-02-01,Clementi,Partner,Medium,Student/Expats,332.02,0,0
ENQ-09911,2025-04-15,Southern Islands,Meta Ads,Medium,Household,325.18,0,0
ENQ-09912,2025-02-27,Changi,Google Search,Small,SME,181.54,0,0
ENQ-09913,2025-03-30,Seletar,Walk-in,Small,SME,181.07,0,0
ENQ-09914,2025-01-09,Woodlands,Meta Ads,Small,Household,194.9,0,0
ENQ-09915,2025-07-24,Bukit Timah,Referral,Medium,Household,316.08,0,0
ENQ-09916,2025-10-05,Woodlands,Walk-in,Small,Household,189.32,1,0
ENQ-09917,2025-05-03,Straits View,Referral,Medium,SME,311.46,0,0
ENQ-09918,2025-02-15,Outram,Google Search,Locker,SME,99.59,0,0
ENQ-09919,2025-12-16,Kallang,Google Search,Medium,Household,288.24,0,0
ENQ-09920,2025-02-03,Bukit Timah,Google Search,Medium,Household,306.86,0,0
ENQ-09921,2025-10-11,Straits View,Meta Ads,Medium,Household,302.33,0,0
ENQ-09922,2025-08-23,Toa Payoh,Walk-in,Large,Student/Expats,510.74,0,0
ENQ-09923,2025-09-30,Boon Lay,Google Search,Medium,Household,274.07,1,0
ENQ-09924,2025-04-13,Queenstown,Meta Ads,Small,Household,162.88,0,0
ENQ-09925,2025-04-08,Central Water Catchment,Google Search,Medium,Household,309.11,0,0
ENQ-09926,2025-05-15,Toa Payoh,Referral,Small,Relocation,190.98,1,0
ENQ-09927,2025-04-24,Changi Bay,Google Search,Large,Household,483.66,0,0
ENQ-09928,2025-11-09,Marina South,Walk-in,Medium,Household,317.06,0,0
ENQ-09929,2025-03-16,Yishun,Google Search,Small,SME,168.41,0,0
ENQ-09930,2025-02-10,Changi,Partner,Small,SME,178.79,0,0
ENQ-09931,2025-10-28,Kallang,Organic,Small,Relocation,169.83,0,0
ENQ-09932,2025-03-04,Changi,Organic,Medium,Student/Expats,284.82,1,0
ENQ-09933,2025-01-09,Bukit Merah,Google Search,Locker,Household,91.04,0,0
ENQ-09934,2025-11-12,Tanglin,Meta Ads,Large,Student/Expats,507.58,0,0
ENQ-09935,2025-04-07,Tampines,Google Search,Locker,SME,85.26,0,0
ENQ-09936,2025-08-03,Novena,Google Search,Medium,Household,277.6,0,0
ENQ-09937,2025-02-16,Tengah,Referral,Small,Household,200.53,0,0
ENQ-09938,2025-08-15,Central Water Catchment,Partner,Large,Household,451.92,0,0
ENQ-09939,2025-01-01,Woodlands,Walk-in,Large,SME,497.23,0,0
ENQ-09940,2025-04-13,Tengah,Walk-in,Small,Household,167.9,0,0
ENQ-09941,2025-12-14,Outram,Organic,Medium,E-commerce,333.19,1,0
ENQ-09942,2025-11-06,Yishun,Meta Ads,Locker,SME,94.08,0,0
ENQ-09943,2025-11-14,North-Eastern Islands,Google Search,Medium,Household,306.45,0,0
ENQ-09944,2025-02-09,Western Water Catchment,Google Search,Medium,SME,265.1,0,0
ENQ-09945,2025-11-08,Marina South,Referral,Small,Household,200.38,1,0
ENQ-09946,2025-08-26,River Valley,Google Search,Locker,Household,81.93,0,0
ENQ-09947,2025-08-05,Choa Chu Kang,Referral,Medium,SME,275.64,0,0
ENQ-09948,2025-06-22,Choa Chu Kang,Google Search,Large,Household,516.9,1,0
ENQ-09949,2025-11-04,Sungei Kadut,Partner,Medium,Student/Expats,307.5,1,0
ENQ-09950,2025-06-24,Singapore River,Organic,Locker,E-commerce,93.62,1,0
ENQ-09951,2025-06-02,Straits View,Meta Ads,Medium,SME,325.84,0,0
ENQ-09952,2025-12-23,Toa Payoh,Meta Ads,Medium,Household,274.6,0,0
ENQ-09953,2025-10-04,Museum,Referral,Medium,Household,288.83,0,0
ENQ-09954,2025-10-28,Orchard,Meta Ads,Large,Relocation,480.79,0,0
ENQ-09955,2025-08-06,Queenstown,Partner,Large,Student/Expats,472.3,0,0
ENQ-09956,2025-12-06,Pasir Ris,Organic,Locker,Household,85.61,0,0
ENQ-09957,2025-03-15,Kallang,Google Search,Small,Household,162.59,1,0
ENQ-09958,2025-01-30,Simpang,Referral,Locker,Student/Expats,81.63,0,0
ENQ-09959,2025-12-21,Southern Islands,Referral,Small,Household,201.56,1,0
ENQ-09960,2025-07-31,Southern Islands,Meta Ads,Large,Student/Expats,464.52,0,0
ENQ-09961,2025-06-29,Mandai,Google Search,Locker,Student/Expats,84.82,0,0
ENQ-09962,2025-03-29,Geylang,Referral,Large,Household,520.19,1,0
ENQ-09963,2025-08-20,Tanglin,Google Search,Small,SME,187.01,1,0
ENQ-09964,2025-06-27,Punggol,Organic,Small,Household,170.48,0,0
ENQ-09965,2025-04-09,Downtown Core,Organic,Large,Household,478.66,0,0
ENQ-09966,2025-02-22,Rochor,Google Search,Medium,Household,321.29,0,0
ENQ-09967,2025-08-04,Southern Islands,Google Search,Medium,SME,276.17,0,0
ENQ-09968,2025-01-23,Marina East,Meta Ads,Medium,Household,329.85,0,0
ENQ-09969,2025-08-08,Kallang,Meta Ads,Small,Household,180.64,0,0
ENQ-09970,2025-10-06,Museum,Organic,Locker,SME,83.51,0,0
ENQ-09971,2025-09-15,Serangoon,Organic,Small,Household,177.1,1,1
ENQ-09972,2025-04-10,Bukit Timah,Organic,Small,Household,201.61,0,0
ENQ-09973,2025-06-04,Marina East,Walk-in,Small,SME,198.87,0,0
ENQ-09974,2025-05-30,Yishun,Google Search,Small,SME,198.29,1,0
ENQ-09975,2025-11-28,Pioneer,Partner,Large,Household,476.64,0,0
ENQ-09976,2025-11-06,Outram,Google Search,Medium,Household,309.09,0,0
ENQ-09977,2025-12-07,North-Eastern Islands,Meta Ads,Medium,SME,274.57,0,0
ENQ-09978,2025-05-26,Tengah,Google Search,Medium,E-commerce,293.77,0,0
ENQ-09979,2025-05-26,Lim Chu Kang,Google Search,Large,SME,487.73,0,0
ENQ-09980,2025-05-23,Punggol,Google Search,Medium,Relocation,305.52,0,0
ENQ-09981,2025-04-30,Downtown Core,Google Search,Medium,E-commerce,308.02,1,0
ENQ-09982,2025-10-23,Tuas,Meta Ads,Medium,Student/Expats,282.3,0,0
ENQ-09983,2025-03-19,Simpang,Organic,Medium,SME,311.72,0,0
ENQ-09984,2025-07-29,Museum,Partner,Medium,SME,317.61,0,0
ENQ-09985,2025-04-02,Toa Payoh,Meta Ads,Medium,SME,291.16,0,0
ENQ-09986,2025-12-03,Hougang,Google Search,Small,Household,192.58,0,0
ENQ-09987,2025-10-06,Western Water Catchment,Meta Ads,Medium,SME,294.32,0,0
ENQ-09988,2025-04-09,Punggol,Google Search,Medium,Household,293.54,0,0
ENQ-09989,2025-05-01,Woodlands,Google Search,Medium,Relocation,329.32,0,0
ENQ-09990,2025-11-06,Queenstown,Walk-in,Medium,Student/Expats,310.68,0,0
ENQ-09991,2025-05-17,Straits View,Partner,Small,Household,182.06,0,0
ENQ-09992,2025-12-31,Tuas,Organic,Small,Household,165.67,0,0
ENQ-09993,2025-08-21,Outram,Google Search,Locker,E-commerce,103.16,0,0
ENQ-09994,2025-01-13,Bishan,Meta Ads,Locker,SME,82.76,0,0
ENQ-09995,2025-08-15,Queenstown,Google Search,Medium,E-commerce,294.97,0,0
ENQ-09996,2025-12-21,River Valley,Meta Ads,Small,Household,202.36,0,0
ENQ-09997,2025-02-16,Tuas,Google Search,Small,Household,162.14,0,0
ENQ-09998,2025-02-27,Outram,Google Search,Medium,Household,300.25,1,0
ENQ-09999,2025-05-25,Punggol,Partner,Medium,E-commerce,276.35,0,0
ENQ-10000,2025-12-10,Pioneer,Meta Ads,Small,Relocation,169.69,0,0
ENQ-10001,2025-11-19,Rochor,Partner,Medium,SME,263.26,1,0
ENQ-10002,2025-08-29,Kallang,Organic,Locker,Household,95.18,0,0
ENQ-10003,2025-08-03,Bedok,Referral,Small,Household,197.21,0,0
ENQ-10004,2025-01-15,North-Eastern Islands,Meta Ads,Medium,Household,300.93,0,0
ENQ-10005,2025-08-15,Kallang,Partner,Locker,SME,96.32,0,0
ENQ-10006,2025-02-01,Museum,Walk-in,Large,Household,437.2,0,0
ENQ-10007,2025-05-25,Clementi,Walk-in,Locker,SME,83.32,1,0
ENQ-10008,2025-11-08,Tengah,Organic,Small,Relocation,177.36,0,0
ENQ-10009,2025-06-08,Straits View,Google Search,Medium,E-commerce,285.19,0,0
ENQ-10010,2025-01-13,Western Water Catchment,Meta Ads,Small,SME,164.0,0,0
ENQ-10011,2025-09-17,Newton,Partner,Medium,Household,296.29,0,0
ENQ-10012,2025-02-12,Southern Islands,Google Search,Large,E-commerce,449.15,0,0
ENQ-10013,2025-12-16,Bukit Timah,Partner,Medium,SME,262.6,0,0
ENQ-10014,2025-06-03,River Valley,Walk-in,Medium,Household,309.73,0,0
ENQ-10015,2025-05-17,Tuas,Meta Ads,Medium,Household,275.01,0,0
ENQ-10016,2025-07-20,Bukit Batok,Referral,Medium,SME,303.85,1,0
ENQ-10017,2025-05-28,Tampines,Walk-in,Locker,E-commerce,96.77,0,0
ENQ-10018,2025-02-10,Newton,Meta Ads,Medium,Household,261.39,0,0
ENQ-10019,2025-07-22,Western Water Catchment,Organic,Large,Household,505.01,0,0
ENQ-10020,2025-03-04,Rochor,Google Search,Medium,Household,314.43,0,0
ENQ-10021,2025-08-31,Simpang,Partner,Medium,Household,286.71,1,1
ENQ-10022,2025-03-14,Tengah,Organic,Small,E-commerce,196.49,0,0
ENQ-10023,2025-03-25,Jurong East,Google Search,Medium,Household,280.51,0,0
ENQ-10024,2025-07-16,Downtown Core,Partner,Medium,Relocation,324.09,0,0
ENQ-10025,2025-07-17,Bishan,Walk-in,Large,Household,524.06,0,0
ENQ-10026,2025-03-02,Sungei Kadut,Referral,Large,SME,510.1,0,0
ENQ-10027,2025-07-31,Sungei Kadut,Referral,Medium,Student/Expats,328.78,0,0
ENQ-10028,2025-09-12,Straits View,Partner,Medium,Household,297.17,0,0
ENQ-10029,2025-10-19,Downtown Core,Organic,Small,Household,196.0,1,0
ENQ-10030,2025-05-17,Simpang,Google Search,Medium,Household,287.29,0,0
ENQ-10031,2025-12-24,North-Eastern Islands,Walk-in,Small,SME,194.61,1,0
ENQ-10032,2025-11-05,Woodlands,Meta Ads,Large,Student/Expats,457.04,0,0
ENQ-10033,2025-01-29,Lim Chu Kang,Meta Ads,Medium,Household,314.3,0,0
ENQ-10034,2025-03-15,Lim Chu Kang,Organic,Locker,Relocation,102.93,0,0
ENQ-10035,2025-08-04,Hougang,Google Search,Medium,SME,273.82,0,0
ENQ-10036,2025-07-25,Outram,Google Search,Small,Household,163.83,0,0
ENQ-10037,2025-02-08,Bukit Batok,Organic,Medium,E-commerce,314.8,0,0
ENQ-10038,2025-11-11,Downtown Core,Referral,Locker,E-commerce,101.56,0,0
ENQ-10039,2025-03-08,Punggol,Google Search,Medium,E-commerce,309.91,0,0
ENQ-10040,2025-08-05,Outram,Walk-in,Small,Student/Expats,166.93,0,0
ENQ-10041,2025-09-04,Singapore River,Referral,Large,Relocation,498.95,0,0
ENQ-10042,2025-04-30,Geylang,Organic,Locker,Household,98.84,0,0
ENQ-10043,2025-04-29,Western Water Catchment,Meta Ads,Small,Household,188.41,0,0
ENQ-10044,2025-11-19,Jurong East,Google Search,Locker,SME,93.32,1,0
ENQ-10045,2025-02-23,Seletar,Google Search,Small,E-commerce,167.82,1,0
ENQ-10046,2025-07-20,Central Water Catchment,Walk-in,Large,Household,527.27,0,1
ENQ-10047,2025-09-11,Outram,Google Search,Small,SME,165.47,1,0
ENQ-10048,2025-02-18,Ang Mo Kio,Google Search,Locker,E-commerce,98.81,0,0
ENQ-10049,2025-12-06,Bedok,Organic,Small,Household,201.18,0,0
ENQ-10050,2025-11-14,Lim Chu Kang,Meta Ads,Locker,SME,85.4,0,0
ENQ-10051,2025-11-09,Bukit Timah,Meta Ads,Small,SME,175.59,0,0
ENQ-10052,2025-08-20,Geylang,Meta Ads,Locker,Household,96.99,0,0
ENQ-10053,2025-10-07,Bishan,Meta Ads,Small,Household,174.44,0,0
ENQ-10054,2025-07-14,Tengah,Meta Ads,Small,Student/Expats,193.43,0,0
ENQ-10055,2025-07-04,Southern Islands,Google Search,Small,Student/Expats,192.15,0,0
ENQ-10056,2025-01-04,Serangoon,Organic,Large,Household,512.38,0,0
ENQ-10057,2025-02-09,Sengkang,Google Search,Small,Student/Expats,178.54,0,0
ENQ-10058,2025-10-24,Museum,Referral,Large,E-commerce,471.08,0,0
ENQ-10059,2025-09-08,Hougang,Google Search,Medium,Student/Expats,331.71,0,0
ENQ-10060,2025-06-05,Seletar,Partner,Locker,Household,95.63,0,0
ENQ-10061,2025-02-13,Museum,Referral,Locker,SME,83.65,1,0
ENQ-10062,2025-04-25,Sembawang,Meta Ads,Small,Household,205.91,0,0
ENQ-10063,2025-03-15,Bedok,Google Search,Locker,Household,92.12,0,0
ENQ-10064,2025-07-02,Kallang,Google Search,Medium,Household,303.76,0,0
ENQ-10065,2025-07-22,Bedok,Meta Ads,Medium,Household,332.26,0,0
ENQ-10066,2025-03-22,Rochor,Organic,Small,Student/Expats,181.17,0,0
ENQ-10067,2025-06-02,Novena,Organic,Small,Household,200.52,0,0
ENQ-10068,2025-07-01,Central Water Catchment,Google Search,Small,Student/Expats,177.49,0,0
ENQ-10069,2025-01-22,Outram,Partner,Large,Relocation,416.29,0,0
ENQ-10070,2025-06-22,Southern Islands,Google Search,Small,Student/Expats,186.84,0,0
ENQ-10071,2025-05-20,Marine Parade,Meta Ads,Medium,Household,280.31,0,0
ENQ-10072,2025-11-23,Sengkang,Google Search,Large,SME,459.97,1,0
ENQ-10073,2025-08-30,Pasir Ris,Partner,Large,Household,509.59,0,0
ENQ-10074,2025-01-20,Sungei Kadut,Meta Ads,Locker,Household,98.94,0,0
ENQ-10075,2025-07-25,Bukit Timah,Google Search,Medium,Household,300.51,0,1
ENQ-10076,2025-01-09,Marina East,Meta Ads,Medium,Relocation,271.99,1,0
ENQ-10077,2025-04-25,Jurong West,Organic,Locker,E-commerce,99.37,1,0
ENQ-10078,2025-04-27,Bukit Timah,Google Search,Medium,Household,303.41,1,0
ENQ-10079,2025-06-11,Pioneer,Referral,Medium,Household,278.83,0,0
ENQ-10080,2025-06-04,Western Water Catchment,Meta Ads,Medium,Household,278.48,0,0
ENQ-10081,2025-10-26,Sengkang,Partner,Locker,Household,95.12,0,0
ENQ-10082,2025-05-10,Mandai,Walk-in,Small,Household,195.18,1,0
ENQ-10083,2025-10-01,Bukit Panjang,Organic,Small,E-commerce,164.08,0,0
ENQ-10084,2025-01-30,Central Water Catchment,Walk-in,Small,SME,165.12,0,0
ENQ-10085,2025-08-17,Bukit Timah,Referral,Large,Household,436.33,0,0
ENQ-10086,2025-09-26,Tampines,Meta Ads,Small,Relocation,183.72,0,0
ENQ-10087,2025-10-24,Straits View,Google Search,Small,E-commerce,199.42,0,0
ENQ-10088,2025-03-25,Rochor,Meta Ads,Large,Household,441.31,1,0
ENQ-10089,2025-11-15,Clementi,Organic,Medium,SME,281.58,0,0
ENQ-10090,2025-04-28,Serangoon,Organic,Medium,Household,269.47,0,0
ENQ-10091,2025-08-16,Pioneer,Organic,Small,Household,170.12,1,0
ENQ-10092,2025-10-02,Rochor,Referral,Locker,Household,86.78,1,0
ENQ-10093,2025-05-07,Toa Payoh,Referral,Locker,Student/Expats,83.87,0,0
ENQ-10094,2025-11-26,Geylang,Organic,Small,SME,176.57,0,0
ENQ-10095,2025-10-02,Boon Lay,Meta Ads,Large,Household,476.52,0,0
ENQ-10096,2025-08-12,Singapore River,Organic,Medium,Student/Expats,320.61,0,0
ENQ-10097,2025-06-21,Museum,Partner,Medium,SME,282.18,0,0
ENQ-10098,2025-04-28,Central Water Catchment,Google Search,Locker,Household,99.18,0,0
ENQ-10099,2025-08-23,Museum,Meta Ads,Medium,Student/Expats,265.54,0,0
ENQ-10100,2025-06-06,Marine Parade,Meta Ads,Locker,Household,83.77,0,0
ENQ-10101,2025-02-19,Tanglin,Google Search,Small,SME,203.17,0,0
ENQ-10102,2025-01-19,North-Eastern Islands,Organic,Medium,Household,321.9,0,0
ENQ-10103,2025-10-21,Bukit Merah,Walk-in,Small,Household,176.91,0,0
ENQ-10104,2025-09-23,Tanglin,Organic,Medium,E-commerce,302.28,1,0
ENQ-10105,2025-10-05,Singapore River,Walk-in,Medium,Household,328.99,1,0
ENQ-10106,2025-04-02,Jurong East,Organic,Medium,E-commerce,301.25,0,0
ENQ-10107,2025-08-22,Simpang,Meta Ads,Medium,Student/Expats,299.24,0,0
ENQ-10108,2025-10-29,Marine Parade,Referral,Locker,Household,92.86,0,0
ENQ-10109,2025-12-27,Southern Islands,Walk-in,Locker,Household,91.52,0,1
ENQ-10110,2025-01-10,Marine Parade,Google Search,Medium,Household,277.59,0,0
ENQ-10111,2025-08-28,Geylang,Organic,Locker,Household,100.94,0,0
ENQ-10112,2025-07-27,Seletar,Google Search,Small,SME,182.37,0,0
ENQ-10113,2025-12-14,Bukit Timah,Meta Ads,Locker,Household,91.94,0,0
ENQ-10114,2025-10-16,Punggol,Referral,Locker,Household,86.16,1,1
ENQ-10115,2025-03-17,Woodlands,Google Search,Medium,E-commerce,263.91,0,0
ENQ-10116,2025-08-09,Sembawang,Meta Ads,Medium,Household,281.76,0,0
ENQ-10117,2025-04-14,Central Water Catchment,Google Search,Locker,SME,91.0,1,0
ENQ-10118,2025-05-08,Seletar,Google Search,Large,Household,480.31,0,0
ENQ-10119,2025-07-18,Tampines,Walk-in,Small,Household,192.73,0,0
ENQ-10120,2025-01-20,Downtown Core,Meta Ads,Medium,Household,290.33,0,0
ENQ-10121,2025-04-29,Boon Lay,Meta Ads,Medium,SME,320.06,0,0
ENQ-10122,2025-05-17,Jurong East,Google Search,Small,Relocation,201.54,1,0
ENQ-10123,2025-09-06,Geylang,Meta Ads,Small,Household,178.04,0,0
ENQ-10124,2025-12-11,Sembawang,Meta Ads,Locker,Household,93.78,0,0
ENQ-10125,2025-02-02,Jurong East,Meta Ads,Large,SME,448.04,1,0
ENQ-10126,2025-09-16,Woodlands,Google Search,Large,Household,449.79,0,0
ENQ-10127,2025-03-04,Bukit Panjang,Organic,Small,SME,186.12,0,0
ENQ-10128,2025-04-23,Geylang,Google Search,Locker,Relocation,89.11,0,0
ENQ-10129,2025-07-12,Tuas,Referral,Large,Household,503.33,1,0
ENQ-10130,2025-08-26,Seletar,Organic,Small,Household,169.24,0,0
ENQ-10131,2025-12-24,Jurong East,Partner,Medium,Relocation,319.4,0,0
ENQ-10132,2025-01-23,Bukit Batok,Meta Ads,Medium,Household,277.04,0,0
ENQ-10133,2025-01-30,Tampines,Referral,Large,SME,442.46,0,0
ENQ-10134,2025-03-04,Yishun,Organic,Medium,SME,281.52,1,0
ENQ-10135,2025-07-25,River Valley,Organic,Small,SME,163.06,0,0
ENQ-10136,2025-10-13,Sengkang,Walk-in,Small,Household,188.59,0,0
ENQ-10137,2025-03-06,Museum,Partner,Medium,Student/Expats,261.27,0,0
ENQ-10138,2025-10-21,Bukit Merah,Partner,Small,E-commerce,173.43,0,0
ENQ-10139,2025-11-15,Clementi,Referral,Small,SME,179.2,1,1
ENQ-10140,2025-08-05,Simpang,Partner,Medium,SME,326.81,0,0
ENQ-10141,2025-05-14,Tampines,Google Search,Large,SME,499.59,0,0
ENQ-10142,2025-10-15,Pasir Ris,Referral,Medium,Household,261.77,1,0
ENQ-10143,2025-11-02,Orchard,Walk-in,Small,E-commerce,181.49,0,0
ENQ-10144,2025-06-01,Tuas,Referral,Medium,Household,284.79,1,0
ENQ-10145,2025-07-23,Woodlands,Google Search,Medium,Student/Expats,318.35,0,0
ENQ-10146,2025-12-13,Lim Chu Kang,Walk-in,Medium,Household,292.22,0,0
ENQ-10147,2025-01-07,Rochor,Partner,Medium,Household,300.84,0,0
ENQ-10148,2025-06-16,Jurong West,Organic,Locker,Household,102.63,0,0
ENQ-10149,2025-09-08,Boon Lay,Referral,Large,Household,416.83,0,0
ENQ-10150,2025-10-08,Boon Lay,Walk-in,Small,Student/Expats,165.08,0,0
ENQ-10151,2025-03-20,Bishan,Google Search,Large,Household,511.31,0,0
ENQ-10152,2025-10-28,Hougang,Meta Ads,Small,Student/Expats,169.2,0,0
ENQ-10153,2025-10-22,Tampines,Google Search,Large,Relocation,459.73,0,0
ENQ-10154,2025-09-24,Western Water Catchment,Google Search,Small,Household,186.17,0,0
ENQ-10155,2025-06-03,Hougang,Walk-in,Small,Household,186.86,0,0
ENQ-10156,2025-12-10,Queenstown,Meta Ads,Small,Relocation,182.87,0,1
ENQ-10157,2025-12-28,Singapore River,Organic,Small,Household,164.91,0,0
ENQ-10158,2025-11-16,Mandai,Walk-in,Large,Household,491.33,0,0
ENQ-10159,2025-09-03,Ang Mo Kio,Meta Ads,Medium,Household,266.9,0,0
ENQ-10160,2025-03-18,Bukit Batok,Google Search,Small,SME,174.83,0,0
ENQ-10161,2025-03-12,Marina South,Partner,Locker,SME,82.88,1,0
ENQ-10162,2025-11-19,Hougang,Walk-in,Large,SME,464.47,0,0
ENQ-10163,2025-10-12,Orchard,Referral,Locker,Household,90.69,0,0
ENQ-10164,2025-11-15,Sembawang,Google Search,Medium,Relocation,312.42,0,0
ENQ-10165,2025-11-20,Clementi,Referral,Medium,SME,266.88,1,0
ENQ-10166,2025-05-06,River Valley,Partner,Medium,Household,324.91,0,0
ENQ-10167,2025-08-28,Sengkang,Walk-in,Medium,Relocation,290.67,0,0
ENQ-10168,2025-10-23,Tanglin,Google Search,Large,SME,479.81,0,0
ENQ-10169,2025-07-18,Serangoon,Referral,Large,Household,450.11,0,0
ENQ-10170,2025-07-15,Tengah,Referral,Medium,Household,312.88,1,0
ENQ-10171,2025-06-04,Hougang,Partner,Medium,SME,266.26,1,0
ENQ-10172,2025-05-25,Marine Parade,Partner,Medium,Relocation,261.11,1,0
ENQ-10173,2025-12-08,Ang Mo Kio,Organic,Small,SME,201.31,0,0
ENQ-10174,2025-03-08,Central Water Catchment,Walk-in,Small,Household,200.74,1,0
ENQ-10175,2025-11-20,Serangoon,Partner,Medium,Household,277.68,1,0
ENQ-10176,2025-11-02,North-Eastern Islands,Organic,Large,Household,474.38,0,0
ENQ-10177,2025-08-13,Outram,Google Search,Medium,Household,283.01,0,0
ENQ-10178,2025-12-28,Sengkang,Partner,Large,Household,506.64,0,0
ENQ-10179,2025-05-16,Central Water Catchment,Partner,Locker,Student/Expats,94.32,1,0
ENQ-10180,2025-03-09,River Valley,Google Search,Small,Relocation,195.37,1,0
ENQ-10181,2025-08-24,Sembawang,Meta Ads,Medium,Student/Expats,286.05,0,0
ENQ-10182,2025-04-23,Sembawang,Meta Ads,Medium,Student/Expats,273.38,0,0
ENQ-10183,2025-05-16,Rochor,Referral,Small,Relocation,185.86,0,0
ENQ-10184,2025-06-26,Marine Parade,Organic,Medium,Household,266.55,0,0
ENQ-10185,2025-10-09,Downtown Core,Organic,Locker,E-commerce,94.68,0,0
ENQ-10186,2025-11-14,Changi Bay,Referral,Locker,Student/Expats,95.64,0,0
ENQ-10187,2025-12-10,Clementi,Referral,Small,Student/Expats,198.8,1,0
ENQ-10188,2025-11-06,Punggol,Walk-in,Small,SME,163.34,0,0
ENQ-10189,2025-03-28,Tengah,Organic,Medium,Household,303.86,1,0
ENQ-10190,2025-03-21,Tuas,Meta Ads,Medium,Student/Expats,314.94,0,0
ENQ-10191,2025-10-06,Bukit Batok,Meta Ads,Locker,Household,102.32,0,0
ENQ-10192,2025-11-24,River Valley,Google Search,Locker,SME,101.04,0,0
ENQ-10193,2025-12-02,Boon Lay,Organic,Medium,SME,287.63,0,0
ENQ-10194,2025-04-10,Bukit Merah,Google Search,Small,SME,205.05,1,0
ENQ-10195,2025-06-01,Marina South,Google Search,Medium,Household,293.75,0,0
ENQ-10196,2025-05-01,Tampines,Walk-in,Small,Household,200.51,1,0
ENQ-10197,2025-08-01,Rochor,Meta Ads,Large,E-commerce,456.33,0,0
ENQ-10198,2025-12-21,Tuas,Referral,Large,SME,514.34,0,0
ENQ-10199,2025-01-06,Tuas,Google Search,Medium,Household,281.68,1,0
ENQ-10200,2025-06-26,Jurong East,Google Search,Large,Household,466.27,0,0
ENQ-10201,2025-11-18,Kallang,Meta Ads,Small,SME,174.75,0,0
ENQ-10202,2025-09-14,Seletar,Referral,Small,Household,193.03,1,0
ENQ-10203,2025-01-07,Jurong West,Referral,Medium,Household,310.19,1,0
ENQ-10204,2025-03-13,Tanglin,Meta Ads,Small,SME,203.86,0,0
ENQ-10205,2025-12-15,Bedok,Google Search,Locker,E-commerce,97.62,0,0
ENQ-10206,2025-08-23,Singapore River,Google Search,Locker,Household,89.06,1,0
ENQ-10207,2025-05-07,Sembawang,Organic,Medium,SME,325.75,0,0
ENQ-10208,2025-01-21,Southern Islands,Organic,Medium,Household,307.92,1,0
ENQ-10209,2025-12-09,Bishan,Google Search,Locker,Household,98.1,1,0
ENQ-10210,2025-10-22,Yishun,Partner,Small,SME,185.35,0,0
ENQ-10211,2025-09-17,Boon Lay,Google Search,Large,Household,474.01,1,0
ENQ-10212,2025-06-24,Rochor,Referral,Medium,E-commerce,293.61,0,0
ENQ-10213,2025-12-03,Novena,Organic,Large,Household,493.25,0,0
ENQ-10214,2025-08-27,Jurong East,Google Search,Large,Household,460.07,1,1
ENQ-10215,2025-01-03,Outram,Google Search,Medium,SME,301.05,0,0
ENQ-10216,2025-02-02,Bedok,Meta Ads,Large,E-commerce,480.9,0,0
ENQ-10217,2025-03-01,Seletar,Walk-in,Small,Household,175.24,0,0
ENQ-10218,2025-09-30,Queenstown,Meta Ads,Small,Household,172.02,1,0
ENQ-10219,2025-06-20,Tampines,Google Search,Small,Household,199.24,1,0
ENQ-10220,2025-01-11,Sungei Kadut,Meta Ads,Medium,Household,264.83,0,0
ENQ-10221,2025-07-17,Changi,Meta Ads,Small,Household,175.6,0,0
ENQ-10222,2025-10-15,Bukit Panjang,Google Search,Locker,Relocation,86.5,1,0
ENQ-10223,2025-09-25,Tanglin,Referral,Small,Household,196.67,1,0
ENQ-10224,2025-06-08,Central Water Catchment,Meta Ads,Medium,Household,292.88,0,0
ENQ-10225,2025-03-12,Serangoon,Meta Ads,Medium,Relocation,318.68,0,0
ENQ-10226,2025-04-23,Jurong West,Referral,Locker,SME,101.4,0,0
ENQ-10227,2025-11-06,Marina South,Google Search,Medium,SME,277.87,0,0
ENQ-10228,2025-01-03,Bukit Panjang,Organic,Locker,Household,91.17,0,0
ENQ-10229,2025-09-17,Bishan,Partner,Medium,Relocation,325.04,0,0
ENQ-10230,2025-04-09,Pioneer,Referral,Medium,Student/Expats,286.04,0,0
ENQ-10231,2025-07-21,Bedok,Meta Ads,Small,Household,181.99,0,0
ENQ-10232,2025-06-22,Ang Mo Kio,Google Search,Medium,Household,304.07,0,0
ENQ-10233,2025-06-06,Museum,Meta Ads,Large,Relocation,496.56,1,0
ENQ-10234,2025-12-02,Southern Islands,Meta Ads,Small,Household,165.68,0,0
ENQ-10235,2025-07-30,North-Eastern Islands,Organic,Locker,Relocation,100.08,1,0
ENQ-10236,2025-04-25,Museum,Walk-in,Small,E-commerce,196.14,0,0
ENQ-10237,2025-10-09,Pasir Ris,Referral,Medium,SME,314.3,0,0
ENQ-10238,2025-04-20,Toa Payoh,Meta Ads,Locker,Relocation,101.9,1,0
ENQ-10239,2025-08-24,Sungei Kadut,Walk-in,Medium,E-commerce,329.42,0,0
ENQ-10240,2025-04-11,Boon Lay,Walk-in,Locker,SME,82.22,0,0
ENQ-10241,2025-12-01,Bukit Merah,Organic,Small,SME,194.55,0,0
ENQ-10242,2025-09-30,Changi Bay,Google Search,Medium,Relocation,279.11,0,1
ENQ-10243,2025-02-09,Seletar,Meta Ads,Small,Student/Expats,197.67,0,0
ENQ-10244,2025-08-24,Southern Islands,Meta Ads,Locker,SME,81.98,0,0
ENQ-10245,2025-03-02,Straits View,Google Search,Large,Household,416.64,0,0
ENQ-10246,2025-06-01,Bukit Panjang,Partner,Small,Household,173.05,1,0
ENQ-10247,2025-07-08,Toa Payoh,Google Search,Large,Household,479.11,0,0
ENQ-10248,2025-01-30,Pasir Ris,Meta Ads,Small,SME,197.46,1,0
ENQ-10249,2025-11-28,Singapore River,Referral,Small,SME,202.06,0,0
ENQ-10250,2025-08-21,Jurong West,Google Search,Medium,Household,318.34,0,0
ENQ-10251,2025-07-22,Queenstown,Organic,Small,SME,193.4,0,0
ENQ-10252,2025-11-12,Rochor,Partner,Medium,Household,272.72,1,0
ENQ-10253,2025-03-09,Punggol,Organic,Medium,SME,311.36,0,0
ENQ-10254,2025-03-15,Bukit Batok,Google Search,Medium,SME,330.51,0,0
ENQ-10255,2025-07-30,Marine Parade,Google Search,Medium,SME,312.68,1,1
ENQ-10256,2025-08-29,Yishun,Meta Ads,Locker,Household,99.79,0,0
ENQ-10257,2025-05-09,Ang Mo Kio,Meta Ads,Locker,Household,89.14,0,0
ENQ-10258,2025-07-12,Boon Lay,Meta Ads,Small,Relocation,193.58,0,0
ENQ-10259,2025-11-04,Newton,Referral,Small,E-commerce,189.96,0,0
ENQ-10260,2025-11-15,Bukit Panjang,Meta Ads,Small,E-commerce,190.24,0,0
ENQ-10261,2025-08-26,Ang Mo Kio,Organic,Locker,Student/Expats,84.88,0,0
ENQ-10262,2025-09-17,Outram,Meta Ads,Medium,Household,264.9,0,0
ENQ-10263,2025-02-08,Southern Islands,Google Search,Small,Household,181.28,0,0
ENQ-10264,2025-06-06,Punggol,Organic,Small,Household,201.89,0,0
ENQ-10265,2025-05-12,Sungei Kadut,Referral,Large,Household,423.85,0,0
ENQ-10266,2025-08-15,Singapore River,Meta Ads,Locker,Household,90.8,0,0
ENQ-10267,2025-10-25,Serangoon,Walk-in,Medium,Household,312.81,0,0
ENQ-10268,2025-05-26,Outram,Meta Ads,Medium,SME,288.83,0,0
ENQ-10269,2025-07-16,Western Water Catchment,Organic,Small,E-commerce,202.88,0,0
ENQ-10270,2025-09-24,Hougang,Organic,Medium,Household,324.48,0,0
ENQ-10271,2025-06-01,Bukit Merah,Walk-in,Medium,Relocation,285.4,1,0
ENQ-10272,2025-11-18,Orchard,Walk-in,Medium,Household,291.16,0,0
ENQ-10273,2025-07-10,Tuas,Walk-in,Small,Household,173.27,0,0
ENQ-10274,2025-08-27,Sungei Kadut,Meta Ads,Medium,Household,272.27,0,0
ENQ-10275,2025-09-17,Sengkang,Partner,Small,Household,177.38,0,0
ENQ-10276,2025-07-23,Toa Payoh,Google Search,Medium,Household,328.44,0,0
ENQ-10277,2025-12-04,Seletar,Google Search,Medium,Household,316.04,0,0
ENQ-10278,2025-09-29,Marine Parade,Referral,Medium,Relocation,275.85,0,0
ENQ-10279,2025-03-30,Singapore River,Meta Ads,Medium,Household,310.88,0,0
ENQ-10280,2025-11-06,Sembawang,Referral,Large,Household,500.61,0,0
ENQ-10281,2025-07-12,Newton,Meta Ads,Small,Household,166.99,0,0
ENQ-10282,2025-07-26,Tanglin,Google Search,Locker,Household,87.95,0,0
ENQ-10283,2025-09-11,Outram,Google Search,Medium,Student/Expats,309.46,0,0
ENQ-10284,2025-06-29,Serangoon,Organic,Locker,E-commerce,98.99,0,0
ENQ-10285,2025-09-07,Rochor,Google Search,Medium,Household,279.28,1,0
ENQ-10286,2025-05-30,Queenstown,Meta Ads,Large,Household,441.28,0,0
ENQ-10287,2025-12-02,Changi,Organic,Medium,E-commerce,317.88,0,0
ENQ-10288,2025-04-16,Downtown Core,Google Search,Large,Household,504.65,0,0
ENQ-10289,2025-03-13,Jurong West,Organic,Medium,SME,320.94,0,0
ENQ-10290,2025-11-27,Changi Bay,Walk-in,Small,Student/Expats,168.5,0,0
ENQ-10291,2025-12-01,Simpang,Meta Ads,Small,SME,185.51,1,0
ENQ-10292,2025-12-20,Boon Lay,Google Search,Medium,E-commerce,308.66,0,0
ENQ-10293,2025-06-08,Novena,Partner,Medium,Household,313.67,0,0
ENQ-10294,2025-06-09,Geylang,Google Search,Locker,SME,81.71,1,0
ENQ-10295,2025-04-08,Bukit Merah,Google Search,Small,Student/Expats,191.68,1,0
ENQ-10296,2025-08-20,North-Eastern Islands,Google Search,Locker,Household,101.51,1,1
ENQ-10297,2025-11-19,Woodlands,Meta Ads,Medium,SME,312.11,0,0
ENQ-10298,2025-07-14,Pioneer,Organic,Small,Household,170.39,0,0
ENQ-10299,2025-08-10,Changi,Referral,Locker,Student/Expats,99.51,0,0
ENQ-10300,2025-12-26,Bishan,Google Search,Locker,Household,87.24,0,0
ENQ-10301,2025-03-16,Queenstown,Meta Ads,Medium,Household,316.11,0,0
ENQ-10302,2025-09-22,Pioneer,Google Search,Locker,Household,85.96,1,0
ENQ-10303,2025-05-13,Straits View,Google Search,Locker,SME,92.24,0,0
ENQ-10304,2025-12-03,Lim Chu Kang,Organic,Locker,Relocation,100.34,1,0
ENQ-10305,2025-01-01,North-Eastern Islands,Partner,Small,E-commerce,190.24,0,0
ENQ-10306,2025-03-17,Bukit Timah,Organic,Medium,Household,300.07,0,0
ENQ-10307,2025-01-01,Orchard,Meta Ads,Locker,Relocation,93.44,0,0
ENQ-10308,2025-07-11,Marina South,Meta Ads,Medium,Household,323.81,1,0
ENQ-10309,2025-12-23,Hougang,Google Search,Small,Household,176.89,1,0
ENQ-10310,2025-02-02,Serangoon,Meta Ads,Small,Household,162.97,0,0
ENQ-10311,2025-05-08,Western Water Catchment,Google Search,Small,Household,174.82,0,0
ENQ-10312,2025-11-02,Changi,Organic,Medium,Relocation,267.88,0,0
ENQ-10313,2025-01-28,Western Water Catchment,Organic,Small,Household,181.0,0,0
ENQ-10314,2025-12-17,Ang Mo Kio,Google Search,Small,Household,187.21,0,0
ENQ-10315,2025-01-27,Straits View,Google Search,Medium,E-commerce,261.83,0,0
ENQ-10316,2025-03-28,Choa Chu Kang,Walk-in,Medium,Household,266.29,0,0
ENQ-10317,2025-11-13,Clementi,Meta Ads,Medium,Household,326.25,0,0
ENQ-10318,2025-08-18,Yishun,Google Search,Small,Household,204.61,0,0
ENQ-10319,2025-12-04,Clementi,Walk-in,Locker,SME,102.28,1,0
ENQ-10320,2025-06-22,Museum,Referral,Large,SME,504.44,0,0
ENQ-10321,2025-03-08,Mandai,Partner,Medium,Student/Expats,294.22,0,0
ENQ-10322,2025-07-24,Marine Parade,Google Search,Locker,E-commerce,90.63,0,0
ENQ-10323,2025-11-13,Bukit Timah,Google Search,Medium,Household,308.2,0,0
ENQ-10324,2025-05-29,Singapore River,Partner,Locker,Household,103.35,1,0
ENQ-10325,2025-05-22,Bukit Batok,Walk-in,Large,Household,430.52,1,0
ENQ-10326,2025-08-03,Central Water Catchment,Google Search,Locker,Relocation,81.28,0,0
ENQ-10327,2025-02-10,Choa Chu Kang,Meta Ads,Small,Household,191.64,0,0
ENQ-10328,2025-05-19,Tengah,Organic,Small,Household,194.98,0,0
ENQ-10329,2025-09-29,Central Water Catchment,Google Search,Locker,Household,102.87,0,0
ENQ-10330,2025-04-20,Punggol,Meta Ads,Medium,Household,282.38,0,0
ENQ-10331,2025-09-21,Bishan,Walk-in,Locker,SME,86.81,1,0
ENQ-10332,2025-01-10,Bukit Batok,Walk-in,Large,Household,480.85,0,0
ENQ-10333,2025-02-15,Tampines,Partner,Locker,Household,88.13,1,0
ENQ-10334,2025-01-16,Simpang,Meta Ads,Locker,SME,98.45,0,0
ENQ-10335,2025-03-23,Pasir Ris,Google Search,Medium,SME,309.03,0,0
ENQ-10336,2025-07-23,Ang Mo Kio,Google Search,Small,Household,195.27,0,0
ENQ-10337,2025-05-20,Yishun,Google Search,Large,Household,525.33,0,0
ENQ-10338,2025-12-28,Seletar,Google Search,Locker,E-commerce,83.98,1,0
ENQ-10339,2025-10-15,Marina East,Meta Ads,Large,Household,476.84,0,0
ENQ-10340,2025-04-25,Tengah,Organic,Medium,E-commerce,282.25,0,0
ENQ-10341,2025-09-19,Punggol,Google Search,Small,Household,194.09,0,0
ENQ-10342,2025-03-12,Novena,Organic,Large,Household,527.38,0,0
ENQ-10343,2025-09-19,Punggol,Meta Ads,Medium,Household,332.62,0,0
ENQ-10344,2025-08-07,Ang Mo Kio,Google Search,Medium,E-commerce,319.05,0,0
ENQ-10345,2025-10-09,Sembawang,Walk-in,Medium,SME,282.34,0,0
ENQ-10346,2025-03-30,Marina East,Google Search,Medium,SME,322.17,1,0
ENQ-10347,2025-01-16,Bedok,Referral,Small,SME,180.8,0,0
ENQ-10348,2025-08-25,Sungei Kadut,Meta Ads,Medium,Household,324.81,0,0
ENQ-10349,2025-05-22,Jurong West,Google Search,Locker,Household,95.33,0,0
ENQ-10350,2025-10-01,Queenstown,Google Search,Small,Household,173.39,1,0
ENQ-10351,2025-07-19,Queenstown,Meta Ads,Large,SME,478.74,0,0
ENQ-10352,2025-04-25,Tanglin,Organic,Small,Household,204.84,0,0
ENQ-10353,2025-01-11,Tuas,Partner,Small,Household,197.28,0,0
ENQ-10354,2025-06-19,Central Water Catchment,Google Search,Medium,E-commerce,290.45,0,1
ENQ-10355,2025-05-15,Mandai,Google Search,Small,SME,194.2,0,0
ENQ-10356,2025-02-13,Outram,Google Search,Medium,E-commerce,264.48,1,0
ENQ-10357,2025-09-22,Sengkang,Meta Ads,Medium,E-commerce,298.4,0,0
ENQ-10358,2025-06-28,Pioneer,Organic,Medium,Household,314.62,0,0
ENQ-10359,2025-04-08,Central Water Catchment,Organic,Medium,SME,278.29,1,0
ENQ-10360,2025-02-27,Queenstown,Organic,Small,Household,176.43,0,1
ENQ-10361,2025-05-11,Tuas,Partner,Large,Household,478.45,0,0
ENQ-10362,2025-11-23,Jurong East,Meta Ads,Locker,Household,82.33,0,0
ENQ-10363,2025-06-28,Sembawang,Google Search,Medium,E-commerce,294.38,0,0
ENQ-10364,2025-11-27,Southern Islands,Walk-in,Locker,Student/Expats,103.28,0,0
ENQ-10365,2025-04-30,Orchard,Organic,Medium,SME,305.72,1,0
ENQ-10366,2025-11-04,Choa Chu Kang,Partner,Small,E-commerce,162.14,1,0
ENQ-10367,2025-01-15,Seletar,Organic,Large,Student/Expats,449.69,0,0
ENQ-10368,2025-10-20,Tanglin,Meta Ads,Small,SME,170.64,0,0
ENQ-10369,2025-12-27,Rochor,Organic,Small,Student/Expats,174.13,0,0
ENQ-10370,2025-05-27,Newton,Google Search,Small,SME,190.49,0,0
ENQ-10371,2025-07-29,Choa Chu Kang,Google Search,Locker,Household,100.59,0,0
ENQ-10372,2025-07-17,Hougang,Partner,Medium,SME,298.19,0,0
ENQ-10373,2025-05-01,Jurong East,Meta Ads,Large,E-commerce,489.81,0,0
ENQ-10374,2025-08-04,North-Eastern Islands,Referral,Small,Household,190.46,0,0
ENQ-10375,2025-03-28,Bishan,Meta Ads,Medium,E-commerce,294.37,1,0
ENQ-10376,2025-10-22,Lim Chu Kang,Meta Ads,Medium,E-commerce,281.77,0,0
ENQ-10377,2025-12-02,Seletar,Google Search,Medium,SME,283.13,1,0
ENQ-10378,2025-03-01,Novena,Google Search,Medium,Relocation,282.74,1,0
ENQ-10379,2025-05-20,Simpang,Google Search,Small,Household,187.34,0,0
ENQ-10380,2025-09-09,Jurong East,Walk-in,Locker,Student/Expats,84.73,1,0
ENQ-10381,2025-06-01,Punggol,Partner,Locker,E-commerce,96.3,0,0
ENQ-10382,2025-12-31,Southern Islands,Walk-in,Medium,SME,283.62,0,0
ENQ-10383,2025-07-05,Changi Bay,Meta Ads,Locker,SME,82.29,0,0
ENQ-10384,2025-10-08,Sembawang,Organic,Small,Student/Expats,175.25,0,0
ENQ-10385,2025-09-06,River Valley,Google Search,Locker,SME,96.45,0,0
ENQ-10386,2025-02-16,Boon Lay,Google Search,Small,Household,164.15,0,0
ENQ-10387,2025-01-18,Changi Bay,Google Search,Small,Household,176.97,0,0
ENQ-10388,2025-05-04,Pasir Ris,Meta Ads,Large,Household,478.77,0,0
ENQ-10389,2025-12-26,Yishun,Google Search,Small,Household,173.91,0,0
ENQ-10390,2025-06-30,Southern Islands,Walk-in,Small,Household,183.44,0,0
ENQ-10391,2025-02-14,Changi,Referral,Small,SME,171.89,0,0
ENQ-10392,2025-12-29,Changi Bay,Google Search,Small,Household,166.93,0,0
ENQ-10393,2025-07-24,Bukit Merah,Organic,Medium,Household,282.45,0,0
ENQ-10394,2025-10-30,Tanglin,Referral,Small,Household,183.34,1,0
ENQ-10395,2025-09-20,Downtown Core,Walk-in,Small,Household,189.04,0,0
ENQ-10396,2025-12-01,Bukit Panjang,Google Search,Large,E-commerce,440.1,1,0
ENQ-10397,2025-11-07,Jurong West,Meta Ads,Medium,Household,326.53,1,1
ENQ-10398,2025-03-12,Yishun,Google Search,Locker,Household,98.86,0,0
ENQ-10399,2025-01-20,Pasir Ris,Partner,Small,Household,191.91,0,0
ENQ-10400,2025-05-25,Ang Mo Kio,Google Search,Large,SME,500.07,1,0
ENQ-10401,2025-01-17,Kallang,Organic,Large,Household,486.36,0,0
ENQ-10402,2025-11-28,Hougang,Partner,Small,E-commerce,192.21,0,0
ENQ-10403,2025-10-28,Serangoon,Google Search,Medium,SME,311.29,0,0
ENQ-10404,2025-11-01,Marina East,Meta Ads,Small,SME,191.15,0,0
ENQ-10405,2025-03-12,Jurong West,Referral,Locker,Household,84.89,0,0
ENQ-10406,2025-04-24,Outram,Referral,Medium,Household,325.43,0,0
ENQ-10407,2025-02-09,Sembawang,Google Search,Medium,Household,289.32,0,0
ENQ-10408,2025-02-03,Sungei Kadut,Google Search,Medium,Household,320.14,0,0
ENQ-10409,2025-08-24,Bukit Batok,Meta Ads,Medium,Student/Expats,305.4,0,0
ENQ-10410,2025-03-31,Jurong East,Partner,Large,Household,521.55,0,0
ENQ-10411,2025-07-22,Seletar,Google Search,Small,E-commerce,193.76,0,0
ENQ-10412,2025-10-17,Bedok,Walk-in,Locker,Household,99.36,0,0
ENQ-10413,2025-12-10,Marine Parade,Meta Ads,Small,Household,201.72,0,0
ENQ-10414,2025-07-05,Pasir Ris,Organic,Small,E-commerce,183.69,0,1
ENQ-10415,2025-02-18,Ang Mo Kio,Google Search,Medium,Relocation,294.66,0,0
ENQ-10416,2025-12-31,Bedok,Google Search,Locker,SME,97.34,0,0
ENQ-10417,2025-12-05,Bukit Panjang,Organic,Medium,E-commerce,303.85,1,0
ENQ-10418,2025-03-08,Marina East,Referral,Small,Student/Expats,165.1,0,0
ENQ-10419,2025-02-09,Jurong East,Organic,Locker,SME,94.65,0,0
ENQ-10420,2025-01-05,Bukit Merah,Walk-in,Locker,Student/Expats,88.99,0,0
ENQ-10421,2025-06-14,Southern Islands,Google Search,Locker,Household,81.81,0,0
ENQ-10422,2025-01-30,Tanglin,Google Search,Medium,Household,310.71,0,0
ENQ-10423,2025-01-04,Choa Chu Kang,Meta Ads,Small,Student/Expats,172.51,0,0
ENQ-10424,2025-03-24,Bishan,Organic,Large,Household,459.19,0,0
ENQ-10425,2025-08-31,Museum,Walk-in,Large,Household,415.34,0,0
ENQ-10426,2025-07-13,Marine Parade,Google Search,Medium,Household,276.37,1,0
ENQ-10427,2025-11-24,Serangoon,Referral,Medium,Student/Expats,327.69,0,0
ENQ-10428,2025-05-12,Tanglin,Google Search,Medium,SME,286.4,0,0
ENQ-10429,2025-11-12,Rochor,Walk-in,Small,SME,186.44,1,0
ENQ-10430,2025-11-10,Marina South,Referral,Medium,Student/Expats,285.27,0,0
ENQ-10431,2025-05-07,Changi,Google Search,Large,SME,465.99,0,0
ENQ-10432,2025-08-15,Jurong East,Meta Ads,Small,SME,206.08,0,0
ENQ-10433,2025-08-03,Clementi,Google Search,Locker,SME,89.77,0,1
ENQ-10434,2025-05-29,Bukit Batok,Google Search,Small,E-commerce,175.44,0,0
ENQ-10435,2025-01-05,Seletar,Meta Ads,Small,Household,193.82,0,0
ENQ-10436,2025-04-21,Bishan,Referral,Locker,Household,85.38,0,0
ENQ-10437,2025-10-29,Serangoon,Meta Ads,Small,Household,187.76,1,0
ENQ-10438,2025-08-06,Changi Bay,Referral,Locker,Student/Expats,97.52,0,0
ENQ-10439,2025-03-15,Changi Bay,Referral,Small,Household,206.3,0,0
ENQ-10440,2025-11-03,Tanglin,Google Search,Medium,SME,324.8,1,0
ENQ-10441,2025-08-28,Western Water Catchment,Google Search,Medium,SME,328.28,0,0
ENQ-10442,2025-10-24,Bukit Timah,Google Search,Small,Household,171.78,0,0
ENQ-10443,2025-11-21,Toa Payoh,Organic,Large,Household,449.49,0,0
ENQ-10444,2025-01-14,Central Water Catchment,Walk-in,Medium,Household,269.67,1,0
ENQ-10445,2025-02-26,Bishan,Referral,Medium,Household,278.19,1,1
ENQ-10446,2025-12-10,Simpang,Referral,Small,SME,178.33,0,0
ENQ-10447,2025-01-14,Bukit Batok,Partner,Small,Household,178.73,0,0
ENQ-10448,2025-03-06,Seletar,Google Search,Medium,Household,282.15,0,0
ENQ-10449,2025-04-27,Geylang,Meta Ads,Medium,Student/Expats,269.44,0,0
ENQ-10450,2025-03-16,Boon Lay,Google Search,Large,Household,431.67,0,0
ENQ-10451,2025-03-25,Orchard,Google Search,Small,SME,182.88,1,0
ENQ-10452,2025-11-20,Bukit Timah,Google Search,Small,Household,189.71,0,0
ENQ-10453,2025-08-11,Novena,Meta Ads,Large,Household,490.51,0,0
ENQ-10454,2025-07-10,Sungei Kadut,Meta Ads,Locker,Household,91.61,0,0
ENQ-10455,2025-02-02,Clementi,Google Search,Large,SME,438.86,0,0
ENQ-10456,2025-03-15,Seletar,Partner,Medium,SME,302.16,0,0
ENQ-10457,2025-06-02,Museum,Walk-in,Medium,Household,295.37,0,0
ENQ-10458,2025-10-03,Kallang,Referral,Locker,E-commerce,94.7,0,0
ENQ-10459,2025-07-25,Lim Chu Kang,Organic,Medium,Household,295.84,0,0
ENQ-10460,2025-10-19,Central Water Catchment,Walk-in,Small,Student/Expats,177.67,0,0
ENQ-10461,2025-09-08,Toa Payoh,Referral,Small,Student/Expats,201.66,0,0
ENQ-10462,2025-08-16,Newton,Google Search,Small,Household,189.21,0,0
ENQ-10463,2025-06-18,Woodlands,Walk-in,Large,Household,509.36,0,0
ENQ-10464,2025-09-19,Straits View,Referral,Small,E-commerce,202.49,0,0
ENQ-10465,2025-10-12,Museum,Partner,Small,Household,202.24,0,0
ENQ-10466,2025-09-06,North-Eastern Islands,Meta Ads,Small,Household,193.76,0,0
ENQ-10467,2025-01-19,Serangoon,Google Search,Small,E-commerce,166.03,0,0
ENQ-10468,2025-09-12,Ang Mo Kio,Meta Ads,Medium,E-commerce,324.11,0,0
ENQ-10469,2025-04-18,Marine Parade,Google Search,Small,Household,190.22,0,0
ENQ-10470,2025-07-20,River Valley,Meta Ads,Medium,Household,265.2,0,0
ENQ-10471,2025-01-23,Marina East,Organic,Large,Household,455.27,0,0
ENQ-10472,2025-11-14,Choa Chu Kang,Meta Ads,Medium,Relocation,310.38,0,0
ENQ-10473,2025-03-26,Jurong East,Google Search,Medium,Household,299.54,1,0
ENQ-10474,2025-07-03,Boon Lay,Walk-in,Small,Household,193.67,1,0
ENQ-10475,2025-08-12,Tuas,Organic,Medium,Household,296.75,1,0
ENQ-10476,2025-04-23,Simpang,Organic,Medium,SME,332.36,0,0
ENQ-10477,2025-09-20,Seletar,Google Search,Small,Household,176.05,0,0
ENQ-10478,2025-09-15,Bedok,Organic,Small,SME,168.58,0,0
ENQ-10479,2025-11-16,Marine Parade,Meta Ads,Medium,SME,332.33,0,0
ENQ-10480,2025-04-19,Western Water Catchment,Walk-in,Medium,Relocation,283.07,0,0
ENQ-10481,2025-02-21,Bukit Merah,Organic,Large,Household,527.66,0,0
ENQ-10482,2025-09-11,Jurong West,Meta Ads,Locker,SME,94.7,0,0
ENQ-10483,2025-07-01,Jurong East,Organic,Medium,Relocation,269.33,0,0
ENQ-10484,2025-01-16,Ang Mo Kio,Google Search,Locker,E-commerce,100.9,0,0
ENQ-10485,2025-03-07,Rochor,Meta Ads,Locker,Relocation,84.27,0,0
ENQ-10486,2025-08-07,Bukit Merah,Referral,Locker,Household,85.72,0,0
ENQ-10487,2025-07-06,Boon Lay,Walk-in,Locker,Household,98.28,0,0
ENQ-10488,2025-02-26,Pasir Ris,Organic,Small,Household,187.43,0,0
ENQ-10489,2025-07-23,Sengkang,Walk-in,Small,E-commerce,178.13,0,0
ENQ-10490,2025-11-30,Changi,Meta Ads,Medium,Household,323.78,0,0
ENQ-10491,2025-11-03,Sengkang,Organic,Locker,Household,97.34,0,0
ENQ-10492,2025-08-27,Jurong West,Partner,Small,Household,206.92,0,0
ENQ-10493,2025-08-04,Novena,Meta Ads,Locker,Household,99.52,0,0
ENQ-10494,2025-05-11,Singapore River,Google Search,Large,Student/Expats,419.66,0,0
ENQ-10495,2025-03-03,Sungei Kadut,Google Search,Medium,Household,281.22,0,0
ENQ-10496,2025-12-26,Ang Mo Kio,Meta Ads,Locker,Household,102.47,0,0
ENQ-10497,2025-09-04,Southern Islands,Walk-in,Medium,E-commerce,319.14,1,0
ENQ-10498,2025-01-15,Hougang,Google Search,Small,Student/Expats,172.42,0,0
ENQ-10499,2025-03-10,Singapore River,Organic,Small,Household,170.88,0,0
ENQ-10500,2025-03-27,Punggol,Organic,Small,Household,174.07,0,0
ENQ-10501,2025-10-15,Marina East,Walk-in,Locker,Relocation,87.58,0,0
ENQ-10502,2025-09-12,Sembawang,Organic,Small,Household,165.95,0,0
ENQ-10503,2025-08-23,Woodlands,Referral,Medium,SME,265.41,1,0
ENQ-10504,2025-03-25,North-Eastern Islands,Meta Ads,Medium,Household,302.68,0,0
ENQ-10505,2025-01-23,Bedok,Organic,Small,SME,164.63,0,0
ENQ-10506,2025-08-31,Novena,Organic,Large,Student/Expats,415.58,1,0
ENQ-10507,2025-08-24,Tampines,Meta Ads,Small,Household,178.54,0,0
ENQ-10508,2025-08-09,Bukit Batok,Partner,Medium,Household,307.9,0,0
ENQ-10509,2025-01-12,Museum,Walk-in,Medium,SME,317.58,0,0
ENQ-10510,2025-06-06,Bukit Merah,Meta Ads,Medium,SME,313.58,0,0
ENQ-10511,2025-07-09,Bedok,Referral,Medium,Household,293.16,0,0
ENQ-10512,2025-03-20,Sungei Kadut,Google Search,Medium,Household,279.51,0,0
ENQ-10513,2025-01-14,Jurong East,Walk-in,Medium,E-commerce,318.27,1,0
ENQ-10514,2025-12-13,Pasir Ris,Organic,Small,SME,167.79,0,0
ENQ-10515,2025-11-27,Rochor,Meta Ads,Small,Household,197.08,0,0
ENQ-10516,2025-09-24,Tuas,Google Search,Large,Household,519.71,0,0
ENQ-10517,2025-06-02,Seletar,Google Search,Small,Relocation,204.19,0,0
ENQ-10518,2025-12-21,Novena,Google Search,Small,Household,171.18,1,0
ENQ-10519,2025-09-21,North-Eastern Islands,Meta Ads,Small,SME,173.39,0,0
ENQ-10520,2025-12-11,Jurong West,Partner,Small,SME,180.75,0,0
ENQ-10521,2025-10-27,Simpang,Google Search,Large,Student/Expats,463.6,1,0
ENQ-10522,2025-02-07,Singapore River,Partner,Locker,Student/Expats,103.48,0,0
ENQ-10523,2025-12-09,Yishun,Walk-in,Small,Household,170.23,1,0
ENQ-10524,2025-11-17,Pasir Ris,Partner,Small,Student/Expats,199.07,0,0
ENQ-10525,2025-03-09,North-Eastern Islands,Meta Ads,Small,SME,205.54,0,0
ENQ-10526,2025-01-10,Geylang,Organic,Medium,SME,267.35,0,0
ENQ-10527,2025-10-19,Kallang,Google Search,Locker,Household,99.55,0,0
ENQ-10528,2025-03-04,Bedok,Google Search,Medium,Student/Expats,320.88,0,0
ENQ-10529,2025-03-02,Jurong East,Organic,Small,E-commerce,163.81,1,0
ENQ-10530,2025-05-03,Downtown Core,Partner,Locker,SME,90.18,0,0
ENQ-10531,2025-03-20,Geylang,Walk-in,Locker,Student/Expats,85.59,0,0
ENQ-10532,2025-02-24,Tengah,Meta Ads,Medium,SME,315.91,0,0
ENQ-10533,2025-02-13,Tampines,Google Search,Small,Household,185.58,0,0
ENQ-10534,2025-11-01,Changi Bay,Google Search,Medium,Student/Expats,277.99,0,0
ENQ-10535,2025-08-30,Toa Payoh,Google Search,Medium,Household,302.99,0,0
ENQ-10536,2025-03-19,Museum,Google Search,Small,Household,195.54,1,0
ENQ-10537,2025-04-07,Bukit Batok,Google Search,Medium,Relocation,277.83,0,0
ENQ-10538,2025-12-31,Marina South,Referral,Medium,Relocation,312.14,1,0
ENQ-10539,2025-05-23,River Valley,Google Search,Medium,Household,331.2,0,0
ENQ-10540,2025-03-30,Sungei Kadut,Google Search,Small,Relocation,168.14,0,0
ENQ-10541,2025-11-19,Downtown Core,Meta Ads,Locker,SME,88.65,0,0
ENQ-10542,2025-12-05,Simpang,Google Search,Medium,Household,272.55,0,0
ENQ-10543,2025-07-16,Bishan,Partner,Large,E-commerce,517.2,0,0
ENQ-10544,2025-05-31,Southern Islands,Meta Ads,Small,Household,178.42,0,0
ENQ-10545,2025-10-07,Singapore River,Google Search,Small,Household,181.7,1,0
ENQ-10546,2025-02-03,Serangoon,Walk-in,Medium,Household,270.64,0,0
ENQ-10547,2025-03-12,Clementi,Walk-in,Medium,Household,298.09,1,0
ENQ-10548,2025-02-27,Museum,Organic,Medium,Student/Expats,290.48,0,0
ENQ-10549,2025-03-26,Mandai,Google Search,Small,Household,204.13,0,0
ENQ-10550,2025-05-20,Choa Chu Kang,Google Search,Small,Household,163.67,0,0
ENQ-10551,2025-11-11,North-Eastern Islands,Meta Ads,Large,Household,441.98,0,0
ENQ-10552,2025-01-10,Orchard,Referral,Small,Household,206.32,1,0
ENQ-10553,2025-08-03,Boon Lay,Referral,Medium,Household,279.55,0,0
ENQ-10554,2025-07-07,Central Water Catchment,Google Search,Medium,E-commerce,329.67,0,0
ENQ-10555,2025-03-28,River Valley,Google Search,Small,E-commerce,166.65,1,0
ENQ-10556,2025-02-01,Bukit Batok,Walk-in,Medium,Student/Expats,299.14,1,0
ENQ-10557,2025-12-13,Serangoon,Google Search,Small,E-commerce,163.69,0,0
ENQ-10558,2025-07-13,Yishun,Google Search,Small,SME,194.43,0,0
ENQ-10559,2025-04-12,Seletar,Meta Ads,Large,Household,470.9,0,0
ENQ-10560,2025-09-28,River Valley,Organic,Locker,E-commerce,87.88,0,0
ENQ-10561,2025-03-22,Queenstown,Organic,Small,Student/Expats,180.41,0,0
ENQ-10562,2025-10-28,Central Water Catchment,Meta Ads,Locker,SME,90.28,0,0
ENQ-10563,2025-02-01,Sembawang,Walk-in,Small,Relocation,197.4,0,0
ENQ-10564,2025-08-22,Bukit Panjang,Google Search,Medium,Household,279.94,1,0
ENQ-10565,2025-05-24,Newton,Google Search,Small,SME,188.53,1,0
ENQ-10566,2025-06-03,Kallang,Organic,Small,Household,162.84,0,0
ENQ-10567,2025-12-08,Mandai,Partner,Locker,Student/Expats,85.25,0,0
ENQ-10568,2025-12-01,Rochor,Organic,Locker,SME,84.79,0,0
ENQ-10569,2025-07-21,Kallang,Meta Ads,Small,E-commerce,201.25,0,0
ENQ-10570,2025-12-29,Marine Parade,Google Search,Medium,E-commerce,281.48,0,0
ENQ-10571,2025-10-15,Bedok,Walk-in,Medium,SME,312.94,0,0
ENQ-10572,2025-11-15,Bukit Batok,Meta Ads,Small,SME,202.09,0,0
ENQ-10573,2025-08-28,Marina East,Google Search,Small,Household,167.47,0,0
ENQ-10574,2025-06-17,Mandai,Meta Ads,Medium,Household,333.2,0,0
ENQ-10575,2025-10-17,Tuas,Organic,Small,SME,178.4,0,0
ENQ-10576,2025-08-01,Woodlands,Organic,Medium,Household,323.37,1,0
ENQ-10577,2025-06-11,Museum,Meta Ads,Small,Student/Expats,189.27,0,0
ENQ-10578,2025-11-13,Bukit Batok,Meta Ads,Medium,SME,331.82,1,0
ENQ-10579,2025-08-21,Punggol,Meta Ads,Medium,Household,327.21,0,0
ENQ-10580,2025-01-22,Toa Payoh,Google Search,Medium,SME,271.23,1,0
ENQ-10581,2025-12-08,Sungei Kadut,Meta Ads,Locker,Household,86.57,0,0
ENQ-10582,2025-09-23,Clementi,Google Search,Medium,Household,302.16,0,0
ENQ-10583,2025-02-18,Bukit Merah,Partner,Medium,E-commerce,303.17,0,0
ENQ-10584,2025-10-18,Bedok,Google Search,Large,SME,510.2,0,0
ENQ-10585,2025-03-26,Yishun,Google Search,Locker,E-commerce,99.92,0,0
ENQ-10586,2025-09-20,Rochor,Google Search,Small,Household,206.75,0,0
ENQ-10587,2025-03-11,Woodlands,Walk-in,Small,E-commerce,167.97,0,0
ENQ-10588,2025-10-19,Sembawang,Google Search,Locker,Household,84.29,0,0
ENQ-10589,2025-08-15,Central Water Catchment,Organic,Small,Relocation,173.93,0,0
ENQ-10590,2025-04-17,Sungei Kadut,Referral,Small,Household,194.57,0,0
ENQ-10591,2025-07-03,Punggol,Referral,Small,Household,186.94,0,0
ENQ-10592,2025-02-10,Outram,Google Search,Medium,Household,306.56,0,0
ENQ-10593,2025-09-29,Simpang,Organic,Medium,Student/Expats,309.94,0,0
ENQ-10594,2025-10-12,Tanglin,Referral,Medium,Household,269.06,0,0
ENQ-10595,2025-03-19,Boon Lay,Meta Ads,Medium,Household,315.92,0,0
ENQ-10596,2025-02-19,Museum,Walk-in,Locker,E-commerce,99.35,0,0
ENQ-10597,2025-01-13,Jurong East,Meta Ads,Locker,Relocation,83.57,0,0
ENQ-10598,2025-10-25,Pasir Ris,Meta Ads,Locker,Household,102.75,0,0
ENQ-10599,2025-04-29,Rochor,Meta Ads,Small,Household,206.06,0,0
ENQ-10600,2025-05-24,Choa Chu Kang,Organic,Medium,Student/Expats,284.91,0,0
ENQ-10601,2025-08-21,Novena,Meta Ads,Medium,Household,276.43,0,0
ENQ-10602,2025-07-17,Hougang,Referral,Small,Household,186.56,0,0
ENQ-10603,2025-06-23,Ang Mo Kio,Walk-in,Small,Household,191.15,0,0
ENQ-10604,2025-05-24,Serangoon,Partner,Small,Household,190.69,1,0
ENQ-10605,2025-12-27,Queenstown,Organic,Medium,Household,272.51,0,0
ENQ-10606,2025-08-28,Newton,Organic,Large,Household,489.94,0,0
ENQ-10607,2025-12-12,Woodlands,Google Search,Small,Household,176.63,0,0
ENQ-10608,2025-03-19,Yishun,Partner,Locker,Household,83.55,0,0
ENQ-10609,2025-04-20,Yishun,Google Search,Small,Household,167.4,0,0
ENQ-10610,2025-03-10,Lim Chu Kang,Organic,Medium,E-commerce,299.34,0,0
ENQ-10611,2025-07-16,Changi,Walk-in,Medium,Household,280.5,0,0
ENQ-10612,2025-01-13,Jurong East,Google Search,Small,Relocation,189.52,0,0
ENQ-10613,2025-09-18,Changi,Partner,Medium,Household,272.43,0,0
ENQ-10614,2025-08-08,Yishun,Walk-in,Small,Household,173.24,1,0
ENQ-10615,2025-12-13,Rochor,Meta Ads,Small,Household,185.53,0,0
ENQ-10616,2025-07-18,Bedok,Google Search,Large,SME,496.51,0,0
ENQ-10617,2025-05-07,Marine Parade,Google Search,Locker,Household,89.66,1,0
ENQ-10618,2025-10-22,Serangoon,Google Search,Medium,Household,286.16,0,0
ENQ-10619,2025-11-19,Central Water Catchment,Organic,Large,Household,444.57,0,0
ENQ-10620,2025-02-12,Southern Islands,Meta Ads,Medium,SME,305.32,0,0
ENQ-10621,2025-07-21,Seletar,Meta Ads,Locker,Relocation,94.03,0,0
ENQ-10622,2025-11-18,Changi Bay,Walk-in,Small,Household,200.64,0,0
ENQ-10623,2025-02-25,Tengah,Partner,Locker,Student/Expats,94.6,0,0
ENQ-10624,2025-07-01,Changi Bay,Google Search,Small,SME,177.89,0,0
ENQ-10625,2025-10-15,Straits View,Organic,Medium,Household,303.93,0,0
ENQ-10626,2025-11-10,Southern Islands,Walk-in,Small,E-commerce,191.17,0,0
ENQ-10627,2025-03-04,Queenstown,Meta Ads,Large,Relocation,434.78,0,0
ENQ-10628,2025-05-07,Tuas,Google Search,Locker,SME,82.65,0,0
ENQ-10629,2025-09-17,Toa Payoh,Meta Ads,Medium,SME,291.05,0,0
ENQ-10630,2025-09-03,Clementi,Partner,Small,SME,203.75,1,0
ENQ-10631,2025-09-23,Choa Chu Kang,Google Search,Medium,Household,277.58,1,0
ENQ-10632,2025-12-15,Tuas,Google Search,Large,SME,491.46,0,0
ENQ-10633,2025-07-03,Sungei Kadut,Google Search,Medium,SME,298.12,0,0
ENQ-10634,2025-11-15,Mandai,Google Search,Medium,Household,314.18,0,0
ENQ-10635,2025-11-14,Marina East,Meta Ads,Small,Household,186.19,0,0
ENQ-10636,2025-09-23,Kallang,Google Search,Medium,E-commerce,304.05,0,0
ENQ-10637,2025-04-13,Rochor,Partner,Small,Relocation,198.59,0,0
ENQ-10638,2025-06-22,Downtown Core,Referral,Medium,Household,284.39,0,0
ENQ-10639,2025-12-08,Jurong West,Referral,Small,Household,185.67,0,0
ENQ-10640,2025-12-27,Seletar,Referral,Small,Household,186.53,0,0
ENQ-10641,2025-10-18,Rochor,Partner,Small,E-commerce,175.36,0,0
ENQ-10642,2025-08-19,Punggol,Referral,Large,E-commerce,512.7,1,0
ENQ-10643,2025-04-01,Marina East,Partner,Medium,SME,289.31,0,0
ENQ-10644,2025-07-18,Tampines,Partner,Large,Household,448.0,0,0
ENQ-10645,2025-02-17,Kallang,Google Search,Medium,Household,332.16,0,0
ENQ-10646,2025-05-16,Queenstown,Partner,Large,Household,422.72,0,0
ENQ-10647,2025-01-16,River Valley,Google Search,Medium,E-commerce,313.83,0,0
ENQ-10648,2025-10-19,Novena,Meta Ads,Medium,Household,328.3,0,0
ENQ-10649,2025-02-05,Marina East,Organic,Medium,Household,273.35,1,0
ENQ-10650,2025-03-11,Singapore River,Google Search,Medium,Household,332.76,0,0
ENQ-10651,2025-08-29,Kallang,Walk-in,Small,E-commerce,171.62,0,0
ENQ-10652,2025-10-31,Museum,Organic,Locker,SME,93.67,0,0
ENQ-10653,2025-01-23,Yishun,Google Search,Medium,SME,289.25,0,0
ENQ-10654,2025-07-30,Jurong West,Google Search,Large,Household,478.77,0,0
ENQ-10655,2025-08-25,Hougang,Referral,Locker,Household,85.35,0,0
ENQ-10656,2025-02-17,Downtown Core,Meta Ads,Small,Relocation,163.72,0,0
ENQ-10657,2025-05-15,Changi,Organic,Small,Household,206.1,1,0
ENQ-10658,2025-11-06,Sengkang,Walk-in,Locker,SME,100.33,0,0
ENQ-10659,2025-07-09,Bukit Merah,Partner,Small,SME,187.09,0,0
ENQ-10660,2025-07-22,Southern Islands,Referral,Medium,Student/Expats,288.38,0,0
ENQ-10661,2025-12-25,Bedok,Partner,Small,SME,177.25,0,0
ENQ-10662,2025-06-07,Ang Mo Kio,Google Search,Medium,Relocation,295.18,0,0
ENQ-10663,2025-10-04,Seletar,Google Search,Small,Relocation,203.39,0,0
ENQ-10664,2025-07-19,Seletar,Walk-in,Medium,Household,270.64,0,0
ENQ-10665,2025-08-27,Clementi,Partner,Medium,Household,283.42,0,0
ENQ-10666,2025-07-29,Queenstown,Referral,Small,Relocation,179.39,1,0
ENQ-10667,2025-03-14,Novena,Google Search,Large,Student/Expats,466.63,0,0
ENQ-10668,2025-09-05,Orchard,Referral,Medium,Relocation,328.23,0,0
ENQ-10669,2025-01-24,Bedok,Meta Ads,Medium,SME,278.48,1,0
ENQ-10670,2025-02-07,Seletar,Meta Ads,Large,Household,485.59,0,0
ENQ-10671,2025-05-18,Bukit Batok,Partner,Small,Household,192.96,0,0
ENQ-10672,2025-06-24,Downtown Core,Google Search,Large,Household,482.09,0,0
ENQ-10673,2025-05-09,Woodlands,Meta Ads,Large,Household,472.08,0,0
ENQ-10674,2025-02-02,Sungei Kadut,Meta Ads,Medium,Household,303.13,0,0
ENQ-10675,2025-02-24,Bukit Panjang,Walk-in,Medium,Household,287.44,1,1
ENQ-10676,2025-12-24,Bukit Merah,Google Search,Small,Household,202.29,0,0
ENQ-10677,2025-04-26,Newton,Google Search,Small,E-commerce,203.55,0,0
ENQ-10678,2025-01-07,Orchard,Meta Ads,Large,Student/Expats,463.77,0,0
ENQ-10679,2025-08-26,Tanglin,Organic,Locker,SME,100.71,0,0
ENQ-10680,2025-01-05,Queenstown,Meta Ads,Large,Household,447.95,0,0
ENQ-10681,2025-12-18,Changi,Meta Ads,Small,E-commerce,163.42,1,0
ENQ-10682,2025-04-22,Kallang,Google Search,Small,Relocation,163.45,1,0
ENQ-10683,2025-03-08,Museum,Meta Ads,Small,Student/Expats,171.46,0,0
ENQ-10684,2025-01-19,Sengkang,Partner,Large,Household,464.6,0,0
ENQ-10685,2025-05-04,Bukit Merah,Google Search,Large,Household,519.57,0,0
ENQ-10686,2025-09-03,Yishun,Organic,Small,Household,204.5,1,0
ENQ-10687,2025-01-01,Downtown Core,Google Search,Small,SME,164.83,0,0
ENQ-10688,2025-05-22,Lim Chu Kang,Partner,Small,Household,167.25,0,0
ENQ-10689,2025-04-14,Sengkang,Google Search,Small,Household,179.79,0,0
ENQ-10690,2025-09-01,Newton,Google Search,Small,Household,171.56,0,0
ENQ-10691,2025-01-09,Ang Mo Kio,Google Search,Small,Household,188.45,0,0
ENQ-10692,2025-11-13,Punggol,Organic,Locker,Household,100.06,0,0
ENQ-10693,2025-07-25,Simpang,Walk-in,Medium,Household,275.54,1,0
ENQ-10694,2025-03-01,Woodlands,Organic,Medium,Household,302.81,0,0
ENQ-10695,2025-01-11,Rochor,Meta Ads,Large,Household,448.99,0,0
ENQ-10696,2025-07-20,Marine Parade,Meta Ads,Small,E-commerce,196.95,0,0
ENQ-10697,2025-02-01,Orchard,Meta Ads,Small,Household,169.53,0,0
ENQ-10698,2025-06-08,Choa Chu Kang,Meta Ads,Medium,Household,302.02,1,0
ENQ-10699,2025-11-08,Bukit Panjang,Meta Ads,Small,Student/Expats,203.13,0,0
ENQ-10700,2025-04-14,Changi,Organic,Locker,Household,94.66,0,0
ENQ-10701,2025-05-18,Bukit Timah,Meta Ads,Medium,Household,266.55,0,0
ENQ-10702,2025-08-21,Pasir Ris,Google Search,Small,E-commerce,175.28,0,0
ENQ-10703,2025-08-25,Rochor,Partner,Medium,Student/Expats,286.12,1,0
ENQ-10704,2025-05-22,Bukit Timah,Meta Ads,Locker,Household,88.13,0,0
ENQ-10705,2025-08-06,Marine Parade,Organic,Locker,Household,101.29,0,0
ENQ-10706,2025-08-06,Queenstown,Organic,Locker,Household,100.87,0,0
ENQ-10707,2025-11-11,Newton,Google Search,Locker,Student/Expats,103.2,0,0
ENQ-10708,2025-01-15,Mandai,Google Search,Medium,Household,280.28,0,0
ENQ-10709,2025-05-05,Southern Islands,Meta Ads,Locker,Student/Expats,101.16,0,0
ENQ-10710,2025-12-28,Sembawang,Meta Ads,Small,Relocation,166.51,0,0
ENQ-10711,2025-10-06,Toa Payoh,Google Search,Small,Student/Expats,166.23,0,0
ENQ-10712,2025-09-05,Bishan,Organic,Medium,Household,329.81,0,0
ENQ-10713,2025-07-26,Novena,Google Search,Locker,E-commerce,97.78,0,0
ENQ-10714,2025-02-13,Toa Payoh,Google Search,Large,SME,449.19,0,0
ENQ-10715,2025-09-13,Lim Chu Kang,Walk-in,Small,Student/Expats,163.33,0,0
ENQ-10716,2025-08-23,Singapore River,Partner,Medium,Relocation,300.12,1,0
ENQ-10717,2025-07-23,Jurong East,Walk-in,Small,Household,170.14,1,0
ENQ-10718,2025-07-12,Bukit Batok,Google Search,Locker,SME,102.0,1,1
ENQ-10719,2025-01-19,Downtown Core,Referral,Small,Student/Expats,183.45,0,0
ENQ-10720,2025-09-28,Downtown Core,Google Search,Medium,E-commerce,312.43,0,0
ENQ-10721,2025-12-21,Central Water Catchment,Meta Ads,Medium,Household,290.51,0,0
ENQ-10722,2025-12-14,Singapore River,Meta Ads,Locker,SME,90.62,0,0
ENQ-10723,2025-03-28,Seletar,Organic,Small,Household,198.39,0,0
ENQ-10724,2025-04-24,Novena,Google Search,Small,Relocation,188.91,0,0
ENQ-10725,2025-08-04,Changi,Meta Ads,Small,Household,174.65,1,0
ENQ-10726,2025-12-26,Punggol,Referral,Small,Student/Expats,183.24,1,0
ENQ-10727,2025-07-29,Museum,Referral,Medium,Household,289.19,0,0
ENQ-10728,2025-06-14,Central Water Catchment,Google Search,Large,SME,507.06,1,0
ENQ-10729,2025-08-22,Simpang,Organic,Locker,Household,101.26,0,0
ENQ-10730,2025-09-08,Jurong West,Walk-in,Medium,Household,297.56,1,0
ENQ-10731,2025-04-18,Kallang,Referral,Locker,Student/Expats,86.46,0,0
ENQ-10732,2025-04-13,Woodlands,Google Search,Medium,Household,266.35,1,0
ENQ-10733,2025-12-17,Museum,Partner,Large,Household,472.78,1,0
ENQ-10734,2025-10-12,Sembawang,Organic,Small,Household,172.26,0,0
ENQ-10735,2025-01-28,Ang Mo Kio,Meta Ads,Small,Household,203.77,0,0
ENQ-10736,2025-02-12,Central Water Catchment,Referral,Large,Household,505.92,1,0
ENQ-10737,2025-04-29,Toa Payoh,Meta Ads,Small,Household,179.74,0,0
ENQ-10738,2025-10-14,Bukit Merah,Organic,Small,Household,205.68,0,0
ENQ-10739,2025-01-07,Bukit Merah,Google Search,Large,E-commerce,469.85,1,0
ENQ-10740,2025-08-04,Pioneer,Meta Ads,Small,Household,195.92,0,0
ENQ-10741,2025-05-21,Bukit Batok,Meta Ads,Small,SME,177.58,0,0
ENQ-10742,2025-06-01,Changi,Google Search,Medium,SME,320.96,0,0
ENQ-10743,2025-09-05,Bukit Batok,Partner,Small,Student/Expats,203.89,0,0
ENQ-10744,2025-09-03,Geylang,Walk-in,Small,Household,163.79,0,0
ENQ-10745,2025-12-02,Novena,Meta Ads,Small,SME,193.34,0,0
ENQ-10746,2025-12-22,Tampines,Referral,Small,Household,199.05,0,0
ENQ-10747,2025-11-03,Western Water Catchment,Referral,Medium,Household,325.36,1,0
ENQ-10748,2025-12-19,Museum,Partner,Small,Student/Expats,203.85,0,0
ENQ-10749,2025-09-07,River Valley,Walk-in,Small,Household,186.52,0,0
ENQ-10750,2025-09-30,Southern Islands,Meta Ads,Medium,SME,295.87,0,0
ENQ-10751,2025-02-09,Woodlands,Organic,Large,Household,414.5,0,0
ENQ-10752,2025-12-20,Bukit Timah,Organic,Medium,SME,303.41,0,0
ENQ-10753,2025-01-16,Punggol,Walk-in,Medium,SME,261.11,0,0
ENQ-10754,2025-03-16,Geylang,Referral,Medium,Household,305.51,0,0
ENQ-10755,2025-04-18,Sembawang,Organic,Small,Household,199.44,0,0
ENQ-10756,2025-12-24,Marina East,Partner,Medium,Household,317.6,0,0
ENQ-10757,2025-11-14,Woodlands,Meta Ads,Medium,E-commerce,286.15,0,0
ENQ-10758,2025-09-02,Ang Mo Kio,Google Search,Locker,Household,87.72,0,0
ENQ-10759,2025-09-09,North-Eastern Islands,Referral,Small,SME,206.7,0,0
ENQ-10760,2025-06-22,Central Water Catchment,Walk-in,Medium,Student/Expats,265.88,0,0
ENQ-10761,2025-03-02,Serangoon,Google Search,Locker,Household,96.35,0,0
ENQ-10762,2025-05-14,Serangoon,Meta Ads,Medium,SME,267.19,0,0
ENQ-10763,2025-08-05,Bukit Timah,Referral,Small,SME,206.62,0,0
ENQ-10764,2025-03-06,Tuas,Google Search,Large,Household,453.45,0,0
ENQ-10765,2025-03-30,Sengkang,Google Search,Medium,E-commerce,295.93,0,0
ENQ-10766,2025-01-26,Lim Chu Kang,Partner,Large,Household,447.77,0,0
ENQ-10767,2025-09-10,Geylang,Partner,Locker,Household,81.77,0,0
ENQ-10768,2025-01-22,Simpang,Walk-in,Small,SME,190.67,0,0
ENQ-10769,2025-07-16,Outram,Walk-in,Medium,E-commerce,324.17,0,0
ENQ-10770,2025-11-01,Straits View,Organic,Small,Household,185.32,1,0
ENQ-10771,2025-06-03,Singapore River,Partner,Medium,Household,281.47,0,0
ENQ-10772,2025-04-22,Woodlands,Meta Ads,Large,Relocation,524.12,0,1
ENQ-10773,2025-12-03,Marina South,Walk-in,Medium,Student/Expats,321.22,0,0
ENQ-10774,2025-01-16,Tengah,Google Search,Small,Household,182.62,0,0
ENQ-10775,2025-12-11,Mandai,Meta Ads,Small,Relocation,181.46,0,0
ENQ-10776,2025-07-02,Ang Mo Kio,Referral,Small,Household,169.47,0,0
ENQ-10777,2025-03-17,Newton,Organic,Locker,Household,97.85,0,0
ENQ-10778,2025-04-12,Seletar,Referral,Small,Student/Expats,194.25,0,0
ENQ-10779,2025-09-20,Downtown Core,Referral,Locker,SME,93.17,1,1
ENQ-10780,2025-04-26,Seletar,Meta Ads,Small,Student/Expats,206.79,0,0
ENQ-10781,2025-11-03,Outram,Organic,Large,Student/Expats,425.68,1,0
ENQ-10782,2025-03-08,Geylang,Walk-in,Medium,Student/Expats,290.63,0,0
ENQ-10783,2025-03-03,Serangoon,Meta Ads,Locker,Household,101.35,0,0
ENQ-10784,2025-08-05,Boon Lay,Meta Ads,Medium,Student/Expats,279.23,0,0
ENQ-10785,2025-11-08,Tuas,Meta Ads,Small,Household,192.84,0,0
ENQ-10786,2025-08-07,Changi Bay,Walk-in,Medium,Household,301.17,0,0
ENQ-10787,2025-03-10,Rochor,Partner,Medium,Household,319.02,0,0
ENQ-10788,2025-11-14,Sembawang,Walk-in,Large,Household,479.84,0,0
ENQ-10789,2025-12-16,Toa Payoh,Meta Ads,Small,Relocation,190.32,0,0
ENQ-10790,2025-11-28,Novena,Google Search,Locker,Household,97.27,0,0
ENQ-10791,2025-06-22,Bukit Batok,Meta Ads,Small,E-commerce,173.64,0,0
ENQ-10792,2025-10-24,Tanglin,Google Search,Small,Household,167.33,0,0
ENQ-10793,2025-03-06,Tampines,Google Search,Medium,SME,286.42,0,0
ENQ-10794,2025-05-01,Straits View,Referral,Large,SME,502.14,1,0
ENQ-10795,2025-04-16,Tuas,Organic,Locker,Household,94.02,0,0
ENQ-10796,2025-08-03,Geylang,Google Search,Locker,Student/Expats,89.06,1,0
ENQ-10797,2025-08-12,Seletar,Meta Ads,Locker,Household,89.45,0,0
ENQ-10798,2025-08-07,Western Water Catchment,Organic,Locker,SME,90.0,0,0
ENQ-10799,2025-01-11,Bishan,Meta Ads,Locker,Relocation,99.17,0,0
ENQ-10800,2025-01-24,Museum,Organic,Large,SME,515.39,0,1
ENQ-10801,2025-08-02,Jurong West,Google Search,Small,Household,201.49,0,0
ENQ-10802,2025-12-08,Bishan,Walk-in,Large,Relocation,438.13,1,0
ENQ-10803,2025-08-12,Bukit Timah,Google Search,Medium,Relocation,278.1,0,0
ENQ-10804,2025-04-07,Queenstown,Partner,Small,Household,195.51,0,0
ENQ-10805,2025-05-26,Straits View,Organic,Small,Student/Expats,206.03,0,0
ENQ-10806,2025-04-30,Museum,Partner,Small,Household,191.64,0,0
ENQ-10807,2025-11-14,Rochor,Partner,Small,Relocation,184.35,0,0
ENQ-10808,2025-10-17,Pasir Ris,Walk-in,Medium,Student/Expats,288.36,0,0
ENQ-10809,2025-11-09,Boon Lay,Organic,Small,Household,180.52,0,0
ENQ-10810,2025-10-27,Museum,Organic,Medium,Household,312.79,1,0
ENQ-10811,2025-06-23,Kallang,Meta Ads,Small,SME,173.34,0,0
ENQ-10812,2025-10-03,Hougang,Google Search,Small,Household,174.22,0,0
ENQ-10813,2025-09-09,Western Water Catchment,Referral,Small,Household,199.69,0,0
ENQ-10814,2025-09-28,Mandai,Meta Ads,Medium,E-commerce,329.31,0,0
ENQ-10815,2025-04-08,Serangoon,Referral,Small,Household,196.48,0,0
ENQ-10816,2025-10-09,Changi,Meta Ads,Medium,Household,304.88,0,0
ENQ-10817,2025-02-15,Tampines,Walk-in,Medium,Household,285.98,0,0
ENQ-10818,2025-01-30,Toa Payoh,Google Search,Small,Student/Expats,176.29,1,0
ENQ-10819,2025-04-13,Seletar,Meta Ads,Locker,Student/Expats,85.24,0,0
ENQ-10820,2025-03-09,Central Water Catchment,Organic,Medium,Household,308.36,0,0
ENQ-10821,2025-11-02,Downtown Core,Referral,Medium,SME,329.64,1,0
ENQ-10822,2025-10-06,Museum,Meta Ads,Small,Household,194.64,0,0
ENQ-10823,2025-05-13,Pasir Ris,Walk-in,Medium,Student/Expats,312.12,0,0
ENQ-10824,2025-03-14,Pioneer,Meta Ads,Locker,Relocation,84.27,0,0
ENQ-10825,2025-09-16,Bukit Batok,Referral,Small,Household,172.09,0,1
ENQ-10826,2025-02-21,Novena,Referral,Small,SME,188.86,0,0
ENQ-10827,2025-11-28,Seletar,Meta Ads,Medium,SME,313.36,0,0
ENQ-10828,2025-01-22,Changi,Partner,Locker,Household,99.18,1,0
ENQ-10829,2025-09-25,Clementi,Partner,Small,SME,187.84,1,0
ENQ-10830,2025-05-04,Bishan,Google Search,Medium,SME,330.47,1,0
ENQ-10831,2025-07-11,Seletar,Meta Ads,Small,Household,166.34,1,0
ENQ-10832,2025-06-13,Novena,Meta Ads,Locker,Household,101.04,0,0
ENQ-10833,2025-04-25,Seletar,Walk-in,Small,Household,191.51,1,1
ENQ-10834,2025-08-17,Yishun,Organic,Medium,SME,279.07,0,0
ENQ-10835,2025-02-12,Bukit Merah,Organic,Small,Student/Expats,178.09,0,0
ENQ-10836,2025-05-30,Downtown Core,Partner,Small,Household,167.04,1,0
ENQ-10837,2025-08-09,Tengah,Google Search,Large,Household,431.74,1,0
ENQ-10838,2025-03-15,Rochor,Google Search,Small,Household,204.06,0,0
ENQ-10839,2025-05-04,Bukit Batok,Meta Ads,Medium,E-commerce,299.9,0,0
ENQ-10840,2025-05-04,Hougang,Walk-in,Large,Household,432.96,0,0
ENQ-10841,2025-04-19,Lim Chu Kang,Meta Ads,Medium,SME,301.85,0,0
ENQ-10842,2025-10-04,Outram,Referral,Large,Household,486.69,0,0
ENQ-10843,2025-01-22,North-Eastern Islands,Walk-in,Small,Household,190.23,0,0
ENQ-10844,2025-09-11,Bukit Panjang,Google Search,Medium,SME,302.01,0,0
ENQ-10845,2025-01-20,Tuas,Partner,Locker,E-commerce,100.6,0,0
ENQ-10846,2025-09-13,Simpang,Referral,Medium,SME,296.62,0,0
ENQ-10847,2025-04-20,Tuas,Walk-in,Locker,Relocation,101.29,1,0
ENQ-10848,2025-11-10,Simpang,Google Search,Small,Household,193.17,0,0
ENQ-10849,2025-10-05,Lim Chu Kang,Partner,Small,E-commerce,165.07,1,0
ENQ-10850,2025-04-12,Bukit Timah,Google Search,Medium,Household,314.91,0,0
ENQ-10851,2025-09-23,Choa Chu Kang,Google Search,Small,E-commerce,197.19,1,0
ENQ-10852,2025-10-25,Pioneer,Partner,Small,Household,194.19,0,0
ENQ-10853,2025-09-06,Kallang,Walk-in,Medium,Household,284.85,0,0
ENQ-10854,2025-05-05,Bedok,Meta Ads,Large,SME,460.17,0,0
ENQ-10855,2025-05-29,Hougang,Meta Ads,Medium,SME,278.42,0,0
ENQ-10856,2025-02-17,Geylang,Referral,Small,Relocation,186.55,0,0
ENQ-10857,2025-10-30,Toa Payoh,Organic,Small,Relocation,197.56,0,0
ENQ-10858,2025-10-17,Yishun,Meta Ads,Medium,Household,307.43,0,0
ENQ-10859,2025-03-16,Queenstown,Google Search,Medium,SME,293.18,0,0
ENQ-10860,2025-06-15,Bishan,Walk-in,Medium,SME,294.72,1,0
ENQ-10861,2025-12-02,Toa Payoh,Google Search,Small,SME,165.17,1,0
ENQ-10862,2025-07-11,Mandai,Google Search,Large,Household,457.97,0,0
ENQ-10863,2025-11-24,Sengkang,Google Search,Medium,E-commerce,304.01,0,0
ENQ-10864,2025-01-31,Changi,Referral,Medium,E-commerce,284.2,0,0
ENQ-10865,2025-05-01,River Valley,Google Search,Small,SME,182.2,0,0
ENQ-10866,2025-12-03,Kallang,Walk-in,Small,Household,205.25,0,0
ENQ-10867,2025-08-11,Lim Chu Kang,Google Search,Medium,Household,298.27,1,0
ENQ-10868,2025-03-09,Downtown Core,Organic,Medium,Household,266.66,0,0
ENQ-10869,2025-02-25,Sengkang,Google Search,Medium,Household,266.87,0,0
ENQ-10870,2025-04-10,Toa Payoh,Referral,Locker,Household,88.57,0,0
ENQ-10871,2025-04-09,Downtown Core,Referral,Small,Student/Expats,200.0,1,0
ENQ-10872,2025-06-09,Jurong West,Organic,Small,Relocation,205.75,0,0
ENQ-10873,2025-06-25,Seletar,Partner,Small,Household,205.73,1,0
ENQ-10874,2025-05-24,Punggol,Organic,Large,E-commerce,470.73,1,1
ENQ-10875,2025-02-18,Tuas,Google Search,Medium,Household,286.82,0,0
ENQ-10876,2025-09-04,Bukit Panjang,Referral,Small,Household,171.0,0,0
ENQ-10877,2025-08-29,Queenstown,Meta Ads,Medium,Household,274.29,0,0
ENQ-10878,2025-06-15,Choa Chu Kang,Partner,Large,SME,444.48,1,0
ENQ-10879,2025-02-10,Boon Lay,Walk-in,Small,Household,202.04,0,0
ENQ-10880,2025-10-11,Serangoon,Meta Ads,Medium,Household,301.29,1,0
ENQ-10881,2025-08-08,Hougang,Google Search,Locker,Household,84.79,0,0
ENQ-10882,2025-12-28,Museum,Organic,Medium,E-commerce,332.4,0,0
ENQ-10883,2025-04-09,Marina East,Google Search,Locker,Household,101.63,1,0
ENQ-10884,2025-02-17,Seletar,Google Search,Locker,SME,84.12,0,0
ENQ-10885,2025-02-13,Downtown Core,Google Search,Medium,SME,276.65,1,0
ENQ-10886,2025-04-15,River Valley,Meta Ads,Medium,E-commerce,293.61,0,0
ENQ-10887,2025-07-13,Simpang,Referral,Small,Student/Expats,196.37,0,0
ENQ-10888,2025-03-18,Pasir Ris,Google Search,Medium,Household,264.67,0,0
ENQ-10889,2025-10-19,Changi Bay,Meta Ads,Medium,SME,286.18,0,0
ENQ-10890,2025-06-04,Ang Mo Kio,Organic,Small,Household,191.03,0,0
ENQ-10891,2025-11-01,Museum,Referral,Small,Household,202.68,1,0
ENQ-10892,2025-02-07,Sembawang,Referral,Small,Household,181.11,0,0
ENQ-10893,2025-09-17,Punggol,Google Search,Locker,E-commerce,94.79,0,0
ENQ-10894,2025-07-07,Southern Islands,Organic,Medium,Household,305.35,0,0
ENQ-10895,2025-05-14,Bukit Batok,Google Search,Small,Household,192.33,1,0
ENQ-10896,2025-01-05,Changi Bay,Google Search,Locker,Household,83.93,0,0
ENQ-10897,2025-10-12,Changi,Organic,Medium,SME,280.54,0,0
ENQ-10898,2025-01-31,Tengah,Walk-in,Small,Household,200.48,1,0
ENQ-10899,2025-12-07,Bukit Panjang,Organic,Medium,Household,291.37,0,0
ENQ-10900,2025-12-17,Novena,Partner,Small,Household,206.17,0,0
ENQ-10901,2025-05-12,Serangoon,Google Search,Medium,E-commerce,312.67,1,0
ENQ-10902,2025-03-13,Mandai,Walk-in,Small,Student/Expats,171.14,0,0
ENQ-10903,2025-09-09,Orchard,Meta Ads,Small,SME,172.01,0,0
ENQ-10904,2025-08-02,Geylang,Google Search,Small,Relocation,194.38,1,0
ENQ-10905,2025-05-19,Woodlands,Organic,Medium,Household,269.57,0,0
ENQ-10906,2025-07-09,Bukit Batok,Walk-in,Medium,SME,329.05,0,0
ENQ-10907,2025-01-09,Rochor,Google Search,Medium,SME,325.89,1,0
ENQ-10908,2025-02-25,River Valley,Meta Ads,Locker,SME,96.74,0,0
ENQ-10909,2025-12-17,Museum,Google Search,Medium,E-commerce,299.53,0,0
ENQ-10910,2025-05-21,Pasir Ris,Google Search,Medium,Household,312.74,0,0
ENQ-10911,2025-10-25,Sembawang,Partner,Small,E-commerce,187.76,0,0
ENQ-10912,2025-10-12,Woodlands,Organic,Small,Household,185.46,1,0
ENQ-10913,2025-02-08,Marina East,Google Search,Medium,Household,325.86,1,0
ENQ-10914,2025-10-27,Sembawang,Google Search,Locker,SME,101.59,0,0
ENQ-10915,2025-03-16,Singapore River,Meta Ads,Small,Student/Expats,188.18,0,0
ENQ-10916,2025-01-20,Changi,Partner,Locker,Household,96.26,1,0
ENQ-10917,2025-09-22,Tuas,Organic,Large,Household,419.16,0,0
ENQ-10918,2025-08-24,Pasir Ris,Google Search,Medium,Household,332.57,0,0
ENQ-10919,2025-12-18,Bukit Panjang,Google Search,Medium,Student/Expats,319.97,0,0
ENQ-10920,2025-06-27,Marina East,Referral,Medium,Household,277.08,0,0
ENQ-10921,2025-12-19,Boon Lay,Google Search,Small,Student/Expats,204.99,0,0
ENQ-10922,2025-07-29,Sengkang,Meta Ads,Medium,Household,292.73,0,0
ENQ-10923,2025-01-31,Rochor,Referral,Locker,Household,85.06,0,0
ENQ-10924,2025-10-05,Punggol,Organic,Small,E-commerce,205.07,0,0
ENQ-10925,2025-05-11,Geylang,Google Search,Large,SME,482.83,1,0
ENQ-10926,2025-05-16,Queenstown,Organic,Medium,Household,281.26,0,0
ENQ-10927,2025-11-15,Bukit Timah,Meta Ads,Small,Household,199.13,0,0
ENQ-10928,2025-06-05,Bukit Panjang,Partner,Medium,Household,312.48,0,0
ENQ-10929,2025-01-27,Boon Lay,Google Search,Small,Relocation,196.41,0,0
ENQ-10930,2025-01-29,Central Water Catchment,Meta Ads,Medium,SME,272.68,0,0
ENQ-10931,2025-10-29,Tuas,Partner,Small,Household,188.98,0,0
ENQ-10932,2025-10-30,Tuas,Google Search,Large,Household,512.75,0,0
ENQ-10933,2025-05-23,Pasir Ris,Referral,Locker,SME,97.37,1,0
ENQ-10934,2025-12-14,Marina South,Referral,Locker,Household,96.61,1,0
ENQ-10935,2025-09-09,Central Water Catchment,Organic,Small,Student/Expats,171.47,1,0
ENQ-10936,2025-10-10,Boon Lay,Meta Ads,Medium,SME,306.7,0,0
ENQ-10937,2025-11-20,Novena,Organic,Small,Household,195.56,0,0
ENQ-10938,2025-05-03,Mandai,Walk-in,Locker,Household,85.94,0,0
ENQ-10939,2025-07-17,Clementi,Meta Ads,Small,Student/Expats,178.64,0,0
ENQ-10940,2025-01-05,Seletar,Organic,Medium,SME,282.45,1,0
ENQ-10941,2025-12-14,Choa Chu Kang,Meta Ads,Small,Student/Expats,206.89,0,0
ENQ-10942,2025-11-24,Jurong East,Meta Ads,Small,Relocation,197.22,0,0
ENQ-10943,2025-10-12,Southern Islands,Referral,Small,SME,196.94,0,0
ENQ-10944,2025-02-07,Tampines,Walk-in,Small,Household,196.28,1,0
ENQ-10945,2025-11-05,Rochor,Referral,Small,Student/Expats,203.45,0,0
ENQ-10946,2025-08-07,Bukit Batok,Meta Ads,Locker,SME,90.17,1,1
ENQ-10947,2025-01-30,Newton,Organic,Small,Household,166.6,1,0
ENQ-10948,2025-02-01,River Valley,Walk-in,Medium,Student/Expats,310.92,0,0
ENQ-10949,2025-04-14,River Valley,Organic,Large,Household,499.13,0,1
ENQ-10950,2025-09-16,Hougang,Walk-in,Locker,Household,85.7,0,0
ENQ-10951,2025-11-22,Pioneer,Walk-in,Medium,Household,306.87,0,0
ENQ-10952,2025-03-20,Tuas,Meta Ads,Large,Household,444.14,0,0
ENQ-10953,2025-10-08,Serangoon,Google Search,Large,SME,424.53,0,0
ENQ-10954,2025-01-01,Seletar,Google Search,Small,SME,194.04,0,0
ENQ-10955,2025-12-29,Singapore River,Referral,Small,E-commerce,174.73,0,0
ENQ-10956,2025-11-27,Rochor,Referral,Small,Household,184.28,1,1
ENQ-10957,2025-09-22,Jurong West,Referral,Large,SME,460.89,0,0
ENQ-10958,2025-01-11,Bukit Timah,Walk-in,Small,SME,183.88,1,0
ENQ-10959,2025-12-13,Southern Islands,Google Search,Small,SME,197.31,0,0
ENQ-10960,2025-08-06,Central Water Catchment,Meta Ads,Small,Student/Expats,184.73,0,0
ENQ-10961,2025-07-14,Simpang,Meta Ads,Small,SME,191.27,0,0
ENQ-10962,2025-07-08,Marina South,Referral,Large,SME,480.09,0,0
ENQ-10963,2025-05-02,Downtown Core,Google Search,Large,Household,515.46,0,0
ENQ-10964,2025-04-13,Jurong West,Referral,Medium,E-commerce,310.83,0,0
ENQ-10965,2025-07-21,Orchard,Google Search,Locker,Relocation,89.12,1,0
ENQ-10966,2025-04-01,Geylang,Google Search,Locker,Household,89.33,0,0
ENQ-10967,2025-12-15,Novena,Meta Ads,Medium,Household,310.63,1,0
ENQ-10968,2025-12-19,Queenstown,Google Search,Small,SME,166.27,1,0
ENQ-10969,2025-05-08,Bukit Timah,Organic,Medium,Household,333.22,1,0
ENQ-10970,2025-02-12,Tengah,Organic,Medium,Student/Expats,285.35,0,0
ENQ-10971,2025-03-05,Clementi,Google Search,Large,E-commerce,479.99,1,0
ENQ-10972,2025-08-24,Changi Bay,Walk-in,Medium,Relocation,270.98,0,0
ENQ-10973,2025-11-03,Mandai,Partner,Locker,SME,98.48,0,0
ENQ-10974,2025-11-27,Changi,Google Search,Medium,SME,277.06,0,0
ENQ-10975,2025-03-17,Lim Chu Kang,Meta Ads,Small,Student/Expats,187.09,0,0
ENQ-10976,2025-06-04,Novena,Meta Ads,Medium,Household,278.36,0,0
ENQ-10977,2025-09-19,Yishun,Walk-in,Small,Household,181.15,1,0
ENQ-10978,2025-09-13,Bukit Panjang,Referral,Medium,E-commerce,328.94,1,0
ENQ-10979,2025-03-18,Geylang,Google Search,Large,Household,420.33,0,0
ENQ-10980,2025-10-25,Lim Chu Kang,Meta Ads,Small,Student/Expats,175.99,0,0
ENQ-10981,2025-10-25,Woodlands,Partner,Large,Relocation,449.46,0,0
ENQ-10982,2025-07-09,Clementi,Meta Ads,Small,Relocation,182.74,0,0
ENQ-10983,2025-03-08,Tuas,Organic,Small,Student/Expats,204.51,1,0
ENQ-10984,2025-09-06,Bedok,Meta Ads,Small,Household,179.66,0,0
ENQ-10985,2025-10-11,Bukit Timah,Partner,Medium,Household,309.3,1,0
ENQ-10986,2025-02-26,Pioneer,Google Search,Medium,Household,282.63,0,0
ENQ-10987,2025-03-13,Sungei Kadut,Google Search,Large,Student/Expats,491.9,0,0
ENQ-10988,2025-11-22,Orchard,Organic,Small,SME,178.17,0,0
ENQ-10989,2025-05-23,Bukit Batok,Organic,Small,SME,191.88,0,0
ENQ-10990,2025-01-29,Changi,Walk-in,Medium,Household,332.58,0,0
ENQ-10991,2025-12-28,Rochor,Google Search,Locker,Student/Expats,90.92,0,0
ENQ-10992,2025-09-07,River Valley,Referral,Medium,E-commerce,282.67,0,0
ENQ-10993,2025-03-28,Marine Parade,Meta Ads,Small,Household,200.74,0,0
ENQ-10994,2025-04-29,Jurong West,Google Search,Locker,Household,81.53,0,0
ENQ-10995,2025-02-19,Southern Islands,Organic,Small,Household,187.83,0,0
ENQ-10996,2025-11-04,Mandai,Organic,Medium,E-commerce,306.53,1,0
ENQ-10997,2025-10-10,Hougang,Walk-in,Large,Household,477.78,1,0
ENQ-10998,2025-10-31,Pasir Ris,Organic,Medium,Household,279.8,0,0
ENQ-10999,2025-09-22,Tengah,Walk-in,Medium,Household,282.51,0,0
ENQ-11000,2025-11-09,Tuas,Referral,Large,Household,505.46,0,0
ENQ-11001,2025-05-15,Sembawang,Organic,Medium,Household,276.48,0,0
ENQ-11002,2025-01-22,Jurong West,Organic,Small,Household,193.78,0,0
ENQ-11003,2025-06-19,Tengah,Google Search,Small,Household,167.35,0,0
ENQ-11004,2025-10-02,Kallang,Organic,Locker,Household,96.84,0,0
ENQ-11005,2025-01-11,Tampines,Partner,Small,SME,185.32,0,0
ENQ-11006,2025-10-25,Central Water Catchment,Walk-in,Medium,E-commerce,261.75,0,0
ENQ-11007,2025-05-01,Bishan,Organic,Small,E-commerce,189.21,0,0
ENQ-11008,2025-05-09,Sembawang,Google Search,Medium,Household,316.64,0,0
ENQ-11009,2025-04-12,Rochor,Referral,Medium,Relocation,283.72,0,0
ENQ-11010,2025-10-01,Punggol,Google Search,Medium,Student/Expats,294.64,0,0
ENQ-11011,2025-02-14,Geylang,Meta Ads,Medium,SME,265.29,0,0
ENQ-11012,2025-06-22,Marina East,Referral,Small,Household,195.2,1,0
ENQ-11013,2025-09-03,Pasir Ris,Google Search,Small,SME,195.22,0,0
ENQ-11014,2025-06-16,Changi Bay,Walk-in,Locker,Household,92.53,0,0
ENQ-11015,2025-01-20,Clementi,Walk-in,Locker,Household,83.19,0,0
ENQ-11016,2025-07-31,Marina East,Organic,Small,Household,172.86,0,0
ENQ-11017,2025-02-17,Changi,Referral,Large,SME,504.63,1,0
ENQ-11018,2025-12-01,Downtown Core,Organic,Medium,Household,292.89,0,0
ENQ-11019,2025-08-22,Hougang,Organic,Small,Household,167.14,0,0
ENQ-11020,2025-05-30,Boon Lay,Meta Ads,Medium,SME,285.1,0,0
ENQ-11021,2025-04-14,Rochor,Google Search,Locker,Student/Expats,83.11,0,0
ENQ-11022,2025-02-24,Straits View,Partner,Small,Household,177.96,1,0
ENQ-11023,2025-03-04,Mandai,Meta Ads,Small,SME,174.69,0,0
ENQ-11024,2025-03-23,Bukit Timah,Google Search,Small,E-commerce,162.96,0,0
ENQ-11025,2025-09-02,Straits View,Organic,Large,Household,472.57,0,0
ENQ-11026,2025-08-23,Orchard,Google Search,Medium,Household,293.62,1,0
ENQ-11027,2025-08-06,Marina South,Walk-in,Large,Household,501.01,1,0
ENQ-11028,2025-05-25,Choa Chu Kang,Partner,Small,Relocation,192.96,0,0
ENQ-11029,2025-06-14,Woodlands,Referral,Medium,Household,330.01,0,0
ENQ-11030,2025-10-30,Changi,Google Search,Small,Household,198.05,0,0
ENQ-11031,2025-11-12,Sembawang,Partner,Small,SME,164.79,0,0
ENQ-11032,2025-07-13,Choa Chu Kang,Google Search,Locker,Household,93.12,0,0
ENQ-11033,2025-12-06,Downtown Core,Referral,Medium,SME,292.51,0,0
ENQ-11034,2025-08-11,Bukit Batok,Google Search,Locker,SME,97.72,0,0
ENQ-11035,2025-09-22,River Valley,Organic,Large,Relocation,496.6,0,0
ENQ-11036,2025-09-22,Central Water Catchment,Meta Ads,Small,Household,187.38,0,0
ENQ-11037,2025-08-13,Toa Payoh,Referral,Medium,Student/Expats,281.14,1,0
ENQ-11038,2025-08-02,Choa Chu Kang,Referral,Large,Relocation,527.28,0,0
ENQ-11039,2025-08-21,Bukit Batok,Google Search,Medium,Household,298.62,0,0
ENQ-11040,2025-05-22,River Valley,Referral,Small,SME,191.34,0,0
ENQ-11041,2025-02-22,Serangoon,Organic,Small,Student/Expats,164.37,0,0
ENQ-11042,2025-12-24,Bedok,Meta Ads,Small,Student/Expats,206.88,0,0
ENQ-11043,2025-03-09,Mandai,Partner,Small,Household,196.48,0,0
ENQ-11044,2025-10-19,Singapore River,Walk-in,Small,Household,173.51,0,0
ENQ-11045,2025-03-21,Clementi,Meta Ads,Medium,SME,317.27,1,0
ENQ-11046,2025-11-27,Marina East,Partner,Small,Student/Expats,186.16,1,0
ENQ-11047,2025-08-07,Tanglin,Referral,Small,SME,187.53,0,0
ENQ-11048,2025-01-23,Bukit Batok,Google Search,Medium,Student/Expats,332.8,0,0
ENQ-11049,2025-06-10,Rochor,Google Search,Medium,Household,300.86,1,0
ENQ-11050,2025-06-09,Yishun,Google Search,Large,Household,495.42,0,0
ENQ-11051,2025-09-13,Kallang,Partner,Medium,Household,291.84,0,0
ENQ-11052,2025-12-26,Bedok,Organic,Medium,SME,262.8,0,0
ENQ-11053,2025-03-01,Changi Bay,Meta Ads,Medium,SME,324.76,0,0
ENQ-11054,2025-02-15,Southern Islands,Referral,Small,Student/Expats,200.19,1,0
ENQ-11055,2025-10-04,Newton,Meta Ads,Medium,SME,328.82,0,0
ENQ-11056,2025-07-05,Ang Mo Kio,Google Search,Small,Household,175.93,0,0
ENQ-11057,2025-10-05,Seletar,Google Search,Small,Household,197.44,1,0
ENQ-11058,2025-10-15,Sengkang,Organic,Small,Household,176.67,0,0
ENQ-11059,2025-05-30,Bukit Panjang,Organic,Locker,Relocation,83.04,1,0
ENQ-11060,2025-07-14,Tuas,Walk-in,Locker,Household,93.87,0,0
ENQ-11061,2025-01-24,Western Water Catchment,Walk-in,Small,Household,199.77,0,0
ENQ-11062,2025-03-27,Choa Chu Kang,Meta Ads,Locker,Household,81.18,0,0
ENQ-11063,2025-01-22,Sungei Kadut,Partner,Small,Household,190.86,0,0
ENQ-11064,2025-02-03,Kallang,Google Search,Medium,SME,299.76,0,0
ENQ-11065,2025-10-05,Queenstown,Meta Ads,Locker,Relocation,95.7,0,0
ENQ-11066,2025-04-03,Toa Payoh,Organic,Small,Relocation,170.6,1,0
ENQ-11067,2025-01-03,Ang Mo Kio,Organic,Medium,Household,267.94,0,0
ENQ-11068,2025-08-30,Toa Payoh,Referral,Large,Household,453.96,1,0
ENQ-11069,2025-03-17,Tengah,Meta Ads,Small,E-commerce,206.0,0,0
ENQ-11070,2025-05-15,Outram,Google Search,Medium,Household,312.53,0,0
ENQ-11071,2025-04-24,Rochor,Meta Ads,Locker,Household,95.92,0,0
ENQ-11072,2025-07-19,Kallang,Partner,Medium,SME,286.32,0,0
ENQ-11073,2025-09-24,Bukit Panjang,Walk-in,Small,Household,185.3,0,0
ENQ-11074,2025-11-30,Queenstown,Google Search,Small,Household,188.33,0,0
ENQ-11075,2025-11-14,Outram,Google Search,Locker,Household,99.3,1,0
ENQ-11076,2025-04-28,Downtown Core,Referral,Medium,SME,308.13,0,0
ENQ-11077,2025-07-04,Bedok,Partner,Medium,SME,278.13,0,0
ENQ-11078,2025-01-19,Tengah,Meta Ads,Small,Household,174.25,0,0
ENQ-11079,2025-09-28,Straits View,Walk-in,Medium,Relocation,287.08,0,0
ENQ-11080,2025-05-10,Bukit Panjang,Google Search,Medium,Household,325.88,1,0
ENQ-11081,2025-12-19,Sungei Kadut,Referral,Medium,Student/Expats,302.57,0,0
ENQ-11082,2025-05-31,Pasir Ris,Referral,Locker,Relocation,97.37,1,0
ENQ-11083,2025-08-14,Toa Payoh,Meta Ads,Locker,Student/Expats,82.43,0,0
ENQ-11084,2025-07-31,Marine Parade,Partner,Large,SME,441.56,0,0
ENQ-11085,2025-03-16,Rochor,Partner,Locker,E-commerce,97.29,0,0
ENQ-11086,2025-12-27,Bukit Batok,Referral,Locker,Household,89.02,0,0
ENQ-11087,2025-11-28,Sembawang,Google Search,Medium,SME,278.51,0,0
ENQ-11088,2025-06-02,Kallang,Partner,Small,SME,206.43,0,0
ENQ-11089,2025-12-23,Mandai,Google Search,Medium,Household,261.65,0,0
ENQ-11090,2025-06-23,Ang Mo Kio,Referral,Small,E-commerce,184.99,0,0
ENQ-11091,2025-09-23,Bukit Timah,Organic,Large,E-commerce,473.07,0,0
ENQ-11092,2025-10-10,Rochor,Partner,Small,SME,201.63,0,0
ENQ-11093,2025-09-15,Straits View,Google Search,Medium,Household,319.65,0,0
ENQ-11094,2025-05-16,Singapore River,Google Search,Small,Student/Expats,179.2,0,0
ENQ-11095,2025-01-12,Sengkang,Google Search,Medium,Relocation,332.01,0,0
ENQ-11096,2025-06-18,Yishun,Google Search,Large,Household,446.68,0,0
ENQ-11097,2025-04-08,Changi Bay,Google Search,Small,E-commerce,172.5,0,0
ENQ-11098,2025-04-21,Marina South,Google Search,Large,Household,490.93,1,0
ENQ-11099,2025-11-05,Marina East,Meta Ads,Locker,Household,83.91,0,0
ENQ-11100,2025-11-23,Choa Chu Kang,Walk-in,Small,SME,163.26,0,0
ENQ-11101,2025-06-07,River Valley,Google Search,Medium,SME,330.99,0,0
ENQ-11102,2025-06-22,Mandai,Google Search,Small,Household,179.87,0,0
ENQ-11103,2025-11-15,Newton,Google Search,Medium,Student/Expats,319.57,0,0
ENQ-11104,2025-01-29,Boon Lay,Meta Ads,Locker,Student/Expats,96.24,0,0
ENQ-11105,2025-11-02,Bedok,Referral,Locker,Household,90.6,0,0
ENQ-11106,2025-09-10,Singapore River,Partner,Medium,SME,304.72,0,0
ENQ-11107,2025-06-25,Choa Chu Kang,Google Search,Small,E-commerce,193.08,0,0
ENQ-11108,2025-06-14,Lim Chu Kang,Google Search,Locker,Student/Expats,81.97,0,0
ENQ-11109,2025-02-27,Bukit Panjang,Google Search,Small,E-commerce,196.83,0,0
ENQ-11110,2025-11-16,Jurong East,Walk-in,Locker,Student/Expats,88.2,0,0
ENQ-11111,2025-04-09,Hougang,Referral,Medium,SME,279.66,0,0
ENQ-11112,2025-02-23,Bukit Merah,Meta Ads,Small,Household,202.19,0,0
ENQ-11113,2025-06-23,Seletar,Google Search,Medium,Household,286.16,1,0
ENQ-11114,2025-11-01,Novena,Meta Ads,Large,SME,491.26,0,0
ENQ-11115,2025-11-27,Hougang,Walk-in,Small,E-commerce,176.91,0,0
ENQ-11116,2025-02-04,Museum,Referral,Large,Household,416.97,0,0
ENQ-11117,2025-03-20,Novena,Google Search,Medium,Household,275.73,0,0
ENQ-11118,2025-05-05,Sembawang,Referral,Medium,E-commerce,321.44,0,0
ENQ-11119,2025-03-04,Pasir Ris,Walk-in,Locker,Student/Expats,98.38,0,0
ENQ-11120,2025-08-03,Yishun,Meta Ads,Medium,Household,271.59,0,0
ENQ-11121,2025-12-26,Kallang,Google Search,Medium,SME,331.88,0,0
ENQ-11122,2025-12-29,Downtown Core,Walk-in,Small,Relocation,165.54,1,0
ENQ-11123,2025-04-04,River Valley,Meta Ads,Medium,Household,311.85,0,0
ENQ-11124,2025-06-04,Tampines,Organic,Small,SME,174.64,0,0
ENQ-11125,2025-05-03,Straits View,Meta Ads,Small,SME,199.03,0,0
ENQ-11126,2025-08-16,River Valley,Google Search,Medium,Household,303.2,0,0
ENQ-11127,2025-11-23,Marine Parade,Walk-in,Small,Household,170.74,0,0
ENQ-11128,2025-11-12,Pioneer,Google Search,Locker,Relocation,82.51,0,0
ENQ-11129,2025-06-15,Geylang,Meta Ads,Medium,Household,331.37,0,0
ENQ-11130,2025-08-31,Tampines,Organic,Large,Student/Expats,523.67,1,0
ENQ-11131,2025-03-10,River Valley,Organic,Small,Relocation,204.64,0,0
ENQ-11132,2025-10-05,Downtown Core,Walk-in,Medium,Student/Expats,297.33,1,1
ENQ-11133,2025-12-02,Western Water Catchment,Meta Ads,Medium,SME,330.16,0,0
ENQ-11134,2025-06-27,Jurong West,Organic,Medium,E-commerce,286.76,0,0
ENQ-11135,2025-11-11,Sengkang,Partner,Medium,Household,306.05,0,0
ENQ-11136,2025-09-14,Mandai,Organic,Small,E-commerce,199.78,1,0
ENQ-11137,2025-03-23,Simpang,Referral,Large,Household,441.84,1,0
ENQ-11138,2025-05-20,Clementi,Google Search,Large,Household,416.74,0,0
ENQ-11139,2025-08-20,Jurong East,Walk-in,Medium,Household,309.36,1,0
ENQ-11140,2025-09-01,Southern Islands,Google Search,Small,Relocation,190.4,0,0
ENQ-11141,2025-12-16,Simpang,Walk-in,Medium,SME,300.42,0,0
ENQ-11142,2025-05-22,Tuas,Walk-in,Large,Student/Expats,433.18,0,0
ENQ-11143,2025-03-03,Downtown Core,Google Search,Medium,Student/Expats,275.28,0,0
ENQ-11144,2025-04-18,Pioneer,Partner,Small,E-commerce,203.6,0,0
ENQ-11145,2025-06-27,Serangoon,Google Search,Small,Household,172.4,0,0
ENQ-11146,2025-09-06,Orchard,Google Search,Small,E-commerce,184.48,1,0
ENQ-11147,2025-03-02,Marine Parade,Google Search,Medium,E-commerce,278.01,1,0
ENQ-11148,2025-08-04,Central Water Catchment,Partner,Small,Household,176.7,0,0
ENQ-11149,2025-04-27,Sembawang,Google Search,Locker,Household,84.4,0,0
ENQ-11150,2025-11-01,Geylang,Partner,Medium,Household,265.8,1,0
ENQ-11151,2025-05-26,Tuas,Referral,Medium,Household,285.61,0,0
ENQ-11152,2025-11-24,Bukit Merah,Meta Ads,Medium,E-commerce,331.87,0,0
ENQ-11153,2025-05-06,Toa Payoh,Google Search,Small,Student/Expats,181.13,0,0
ENQ-11154,2025-11-13,Bukit Merah,Partner,Locker,Household,90.65,1,0
ENQ-11155,2025-07-22,Bukit Merah,Google Search,Locker,SME,83.02,1,0
ENQ-11156,2025-05-21,Geylang,Meta Ads,Small,SME,173.2,0,0
ENQ-11157,2025-10-06,Geylang,Referral,Medium,Student/Expats,316.52,1,0
ENQ-11158,2025-02-10,Bedok,Organic,Medium,Household,320.89,0,0
ENQ-11159,2025-01-08,Bedok,Organic,Medium,Relocation,325.15,0,0
ENQ-11160,2025-07-02,Lim Chu Kang,Google Search,Medium,Household,275.55,0,0
ENQ-11161,2025-09-23,Serangoon,Meta Ads,Locker,E-commerce,88.31,0,0
ENQ-11162,2025-12-17,Boon Lay,Partner,Small,Relocation,180.75,0,0
ENQ-11163,2025-12-15,Marina East,Walk-in,Small,Household,187.8,1,0
ENQ-11164,2025-01-23,Serangoon,Google Search,Medium,SME,274.5,0,1
ENQ-11165,2025-08-16,North-Eastern Islands,Google Search,Small,Household,184.49,1,0
ENQ-11166,2025-07-13,Seletar,Walk-in,Small,Household,199.5,0,0
ENQ-11167,2025-12-31,Sungei Kadut,Meta Ads,Small,Household,195.06,0,0
ENQ-11168,2025-07-23,Downtown Core,Organic,Small,SME,164.58,0,1
ENQ-11169,2025-08-31,River Valley,Google Search,Large,SME,517.16,0,0
ENQ-11170,2025-12-10,Changi,Google Search,Small,E-commerce,168.76,0,0
ENQ-11171,2025-07-17,Woodlands,Meta Ads,Medium,Student/Expats,285.78,0,0
ENQ-11172,2025-11-02,Choa Chu Kang,Google Search,Medium,Household,300.43,0,0
ENQ-11173,2025-01-02,Bukit Panjang,Google Search,Small,Household,192.46,0,0
ENQ-11174,2025-11-28,Bukit Panjang,Organic,Locker,Relocation,101.91,0,0
ENQ-11175,2025-12-14,Downtown Core,Partner,Small,Relocation,185.36,0,0
ENQ-11176,2025-07-29,Pioneer,Organic,Medium,Household,305.92,0,0
ENQ-11177,2025-05-01,Changi Bay,Referral,Small,E-commerce,182.63,1,0
ENQ-11178,2025-06-05,Kallang,Meta Ads,Medium,SME,330.69,0,0
ENQ-11179,2025-03-14,Queenstown,Organic,Small,Household,185.7,1,0
ENQ-11180,2025-11-12,Seletar,Google Search,Medium,SME,326.04,1,0
ENQ-11181,2025-03-04,Outram,Meta Ads,Medium,SME,286.21,1,0
ENQ-11182,2025-12-03,Geylang,Organic,Small,Household,174.36,0,0
ENQ-11183,2025-09-16,Tuas,Referral,Small,Household,171.49,0,0
ENQ-11184,2025-02-01,Bukit Timah,Google Search,Locker,Student/Expats,100.08,0,0
ENQ-11185,2025-01-02,Pasir Ris,Meta Ads,Medium,Household,272.38,0,0
ENQ-11186,2025-11-12,Pasir Ris,Meta Ads,Locker,E-commerce,81.46,0,0
ENQ-11187,2025-11-15,Rochor,Organic,Medium,Student/Expats,281.69,0,0
ENQ-11188,2025-04-23,Tengah,Walk-in,Medium,E-commerce,263.33,1,0
ENQ-11189,2025-07-08,Tuas,Walk-in,Locker,E-commerce,88.56,0,0
ENQ-11190,2025-05-14,North-Eastern Islands,Google Search,Medium,Household,331.06,0,0
ENQ-11191,2025-03-06,Outram,Google Search,Medium,Household,277.12,0,0
ENQ-11192,2025-12-15,Simpang,Referral,Large,Household,448.69,0,1
ENQ-11193,2025-05-16,Western Water Catchment,Walk-in,Small,Student/Expats,167.52,0,0
ENQ-11194,2025-01-17,Clementi,Walk-in,Medium,Household,290.83,0,0
ENQ-11195,2025-01-15,Rochor,Google Search,Medium,SME,297.27,1,0
ENQ-11196,2025-02-13,Jurong West,Meta Ads,Locker,E-commerce,97.51,0,0
ENQ-11197,2025-12-11,Tampines,Partner,Medium,SME,318.94,0,0
ENQ-11198,2025-10-27,Toa Payoh,Google Search,Small,Household,172.27,0,0
ENQ-11199,2025-09-08,Geylang,Organic,Small,Household,189.21,0,0
ENQ-11200,2025-03-07,Southern Islands,Walk-in,Small,SME,185.24,0,0
ENQ-11201,2025-08-16,Bedok,Meta Ads,Medium,Household,329.08,0,0
ENQ-11202,2025-10-15,Novena,Organic,Small,Household,205.49,0,0
ENQ-11203,2025-05-05,Mandai,Meta Ads,Medium,Household,317.16,0,0
ENQ-11204,2025-06-08,Tampines,Google Search,Small,Student/Expats,194.68,1,0
ENQ-11205,2025-03-01,Sengkang,Google Search,Medium,Student/Expats,277.96,0,0
ENQ-11206,2025-02-17,Bishan,Organic,Locker,Household,90.83,0,0
ENQ-11207,2025-07-14,Museum,Referral,Medium,Household,330.72,0,0
ENQ-11208,2025-04-09,Choa Chu Kang,Google Search,Medium,SME,306.74,0,0
ENQ-11209,2025-07-17,Downtown Core,Organic,Large,Household,433.66,0,0
ENQ-11210,2025-03-13,Choa Chu Kang,Google Search,Locker,E-commerce,81.87,0,0
ENQ-11211,2025-03-27,Rochor,Organic,Medium,Household,304.81,0,0
ENQ-11212,2025-02-21,Rochor,Referral,Medium,SME,287.8,0,0
ENQ-11213,2025-07-10,Novena,Organic,Large,Household,437.03,0,0
ENQ-11214,2025-04-28,Central Water Catchment,Organic,Medium,Relocation,325.28,0,0
ENQ-11215,2025-11-06,Serangoon,Meta Ads,Small,E-commerce,170.88,0,0
ENQ-11216,2025-02-27,Rochor,Referral,Medium,E-commerce,286.37,1,0
ENQ-11217,2025-07-16,Jurong West,Partner,Medium,E-commerce,331.37,0,0
ENQ-11218,2025-10-31,Boon Lay,Google Search,Locker,Relocation,100.75,0,0
ENQ-11219,2025-03-10,Orchard,Organic,Medium,Household,331.07,0,0
ENQ-11220,2025-01-07,Pioneer,Partner,Small,SME,169.13,0,0
ENQ-11221,2025-03-25,Clementi,Organic,Small,Household,183.03,0,0
ENQ-11222,2025-07-24,Bukit Timah,Meta Ads,Locker,SME,85.51,0,0
ENQ-11223,2025-12-28,Tampines,Google Search,Locker,Household,88.37,0,0
ENQ-11224,2025-06-05,Hougang,Walk-in,Medium,Household,273.19,0,0
ENQ-11225,2025-03-11,Bedok,Google Search,Large,Household,426.2,1,0
ENQ-11226,2025-11-17,Toa Payoh,Google Search,Small,Household,187.07,1,0
ENQ-11227,2025-02-02,Pioneer,Partner,Medium,SME,331.14,0,0
ENQ-11228,2025-04-18,Newton,Meta Ads,Small,SME,174.47,0,0
ENQ-11229,2025-09-16,Seletar,Google Search,Small,Household,187.98,0,0
ENQ-11230,2025-11-12,Changi,Walk-in,Medium,E-commerce,280.41,0,0
ENQ-11231,2025-10-15,Downtown Core,Meta Ads,Locker,SME,91.54,0,0
ENQ-11232,2025-04-25,Orchard,Partner,Small,Household,188.04,1,0
ENQ-11233,2025-09-30,Toa Payoh,Organic,Small,E-commerce,206.97,0,0
ENQ-11234,2025-03-04,Boon Lay,Google Search,Medium,Student/Expats,301.43,0,0
ENQ-11235,2025-09-21,Western Water Catchment,Google Search,Large,E-commerce,512.16,0,0
ENQ-11236,2025-07-16,Marina East,Organic,Medium,E-commerce,305.44,0,0
ENQ-11237,2025-04-06,Bedok,Partner,Medium,Household,307.73,0,0
ENQ-11238,2025-05-16,Ang Mo Kio,Referral,Small,Student/Expats,200.22,1,0
ENQ-11239,2025-03-30,Newton,Organic,Medium,SME,317.6,0,0
ENQ-11240,2025-03-15,Western Water Catchment,Partner,Locker,SME,91.05,0,0
ENQ-11241,2025-08-13,Jurong West,Google Search,Small,Household,195.11,0,0
ENQ-11242,2025-03-01,Tengah,Walk-in,Small,Student/Expats,190.74,0,0
ENQ-11243,2025-03-04,Bishan,Meta Ads,Medium,Household,278.28,0,0
ENQ-11244,2025-03-14,Kallang,Walk-in,Small,SME,162.46,0,0
ENQ-11245,2025-02-08,Sengkang,Meta Ads,Locker,Household,99.26,0,0
ENQ-11246,2025-06-11,Singapore River,Meta Ads,Large,Household,430.19,0,0
ENQ-11247,2025-11-18,Sembawang,Referral,Locker,Household,98.91,0,0
ENQ-11248,2025-03-31,Straits View,Referral,Large,SME,453.34,0,0
ENQ-11249,2025-06-08,River Valley,Google Search,Medium,Household,324.09,0,0
ENQ-11250,2025-12-14,Outram,Referral,Small,E-commerce,175.21,0,0
ENQ-11251,2025-05-17,Jurong West,Google Search,Locker,Household,96.72,0,0
ENQ-11252,2025-03-01,Clementi,Meta Ads,Small,Household,177.46,0,0
ENQ-11253,2025-08-27,Clementi,Referral,Large,Household,439.04,0,0
ENQ-11254,2025-01-25,Yishun,Walk-in,Medium,Household,294.96,0,0
ENQ-11255,2025-07-27,Punggol,Google Search,Locker,Household,86.74,0,0
ENQ-11256,2025-05-22,Downtown Core,Google Search,Medium,Student/Expats,304.47,0,0
ENQ-11257,2025-05-20,Tuas,Meta Ads,Medium,Household,329.82,0,0
ENQ-11258,2025-03-13,Bedok,Google Search,Large,Household,465.2,1,0
ENQ-11259,2025-04-12,Bedok,Organic,Locker,Household,95.61,1,0
ENQ-11260,2025-12-08,Toa Payoh,Organic,Medium,Household,302.18,1,0
ENQ-11261,2025-01-22,Museum,Organic,Large,Household,432.66,1,0
ENQ-11262,2025-04-25,Mandai,Referral,Small,Household,184.28,1,0
ENQ-11263,2025-09-22,Western Water Catchment,Referral,Medium,Household,332.73,0,0
ENQ-11264,2025-06-05,Geylang,Google Search,Large,Student/Expats,442.99,0,0
ENQ-11265,2025-11-13,Marina South,Google Search,Locker,SME,84.07,0,0
ENQ-11266,2025-03-28,Hougang,Organic,Locker,SME,82.87,0,0
ENQ-11267,2025-02-03,Bukit Timah,Organic,Small,Household,191.94,0,0
ENQ-11268,2025-03-08,Marina South,Google Search,Locker,Household,91.81,1,0
ENQ-11269,2025-07-16,Seletar,Walk-in,Medium,SME,330.08,0,0
ENQ-11270,2025-09-03,Pasir Ris,Meta Ads,Small,Household,177.51,0,0
ENQ-11271,2025-02-02,Toa Payoh,Partner,Small,SME,169.25,0,0
ENQ-11272,2025-06-13,Seletar,Meta Ads,Small,Household,177.08,1,0
ENQ-11273,2025-06-11,Straits View,Meta Ads,Locker,Household,97.55,0,0
ENQ-11274,2025-03-22,Newton,Walk-in,Small,Household,179.1,1,0
ENQ-11275,2025-01-05,Bukit Merah,Meta Ads,Medium,Household,297.33,0,0
ENQ-11276,2025-06-29,Western Water Catchment,Meta Ads,Medium,SME,316.79,0,0
ENQ-11277,2025-06-15,Bukit Merah,Referral,Medium,Household,263.56,1,0
ENQ-11278,2025-12-13,Geylang,Google Search,Medium,Relocation,293.1,0,0
ENQ-11279,2025-03-17,Changi Bay,Organic,Medium,Household,262.57,0,0
ENQ-11280,2025-05-10,Sembawang,Partner,Large,SME,515.73,0,0
ENQ-11281,2025-10-28,Queenstown,Referral,Medium,SME,264.65,0,0
ENQ-11282,2025-01-31,Kallang,Referral,Locker,E-commerce,95.9,0,0
ENQ-11283,2025-09-22,Western Water Catchment,Organic,Small,Household,204.88,1,0
ENQ-11284,2025-09-08,River Valley,Google Search,Medium,Relocation,327.55,0,0
ENQ-11285,2025-04-15,Woodlands,Referral,Locker,SME,83.46,1,1
ENQ-11286,2025-05-31,Marine Parade,Referral,Medium,Student/Expats,325.32,0,0
ENQ-11287,2025-01-22,Toa Payoh,Organic,Medium,Household,310.16,0,0
ENQ-11288,2025-12-09,Lim Chu Kang,Organic,Locker,Household,87.7,0,0
ENQ-11289,2025-03-26,Ang Mo Kio,Partner,Small,SME,197.29,0,0
ENQ-11290,2025-11-12,Museum,Google Search,Small,Relocation,196.01,0,0
ENQ-11291,2025-12-18,Tanglin,Referral,Small,E-commerce,196.38,0,0
ENQ-11292,2025-11-20,Marine Parade,Google Search,Small,Household,177.9,1,1
ENQ-11293,2025-01-15,Rochor,Referral,Large,Household,439.28,1,0
ENQ-11294,2025-04-16,Toa Payoh,Google Search,Large,E-commerce,464.42,0,0
ENQ-11295,2025-11-20,Bishan,Partner,Medium,SME,311.65,0,0
ENQ-11296,2025-05-22,Sengkang,Referral,Large,E-commerce,512.94,0,0
ENQ-11297,2025-02-26,Queenstown,Google Search,Small,Household,202.26,0,0
ENQ-11298,2025-01-14,Yishun,Meta Ads,Medium,Household,318.02,0,0
ENQ-11299,2025-04-22,Changi,Organic,Medium,SME,325.45,0,0
ENQ-11300,2025-05-11,Jurong East,Google Search,Medium,Household,314.75,0,0
ENQ-11301,2025-09-14,Toa Payoh,Referral,Small,Household,163.91,1,0
ENQ-11302,2025-01-18,Changi,Organic,Locker,SME,102.98,0,0
ENQ-11303,2025-02-18,Mandai,Meta Ads,Small,Relocation,166.06,0,0
ENQ-11304,2025-01-07,Outram,Walk-in,Small,Household,192.69,0,0
ENQ-11305,2025-05-15,Orchard,Walk-in,Medium,E-commerce,267.52,0,0
ENQ-11306,2025-02-17,Simpang,Partner,Small,Student/Expats,168.32,0,0
ENQ-11307,2025-12-20,Marina East,Meta Ads,Small,Household,200.24,0,0
ENQ-11308,2025-11-02,Tanglin,Meta Ads,Locker,Household,98.85,0,0
ENQ-11309,2025-03-23,Southern Islands,Organic,Small,SME,167.44,1,0
ENQ-11310,2025-11-08,Newton,Organic,Medium,Relocation,313.63,0,0
ENQ-11311,2025-05-09,Pasir Ris,Google Search,Medium,Household,261.83,1,0
ENQ-11312,2025-08-06,Hougang,Partner,Medium,Household,325.74,1,0
ENQ-11313,2025-01-28,Pioneer,Organic,Large,Household,420.28,1,0
ENQ-11314,2025-06-16,North-Eastern Islands,Meta Ads,Small,Household,206.12,0,0
ENQ-11315,2025-04-11,Woodlands,Walk-in,Small,E-commerce,172.55,0,0
ENQ-11316,2025-09-18,Bukit Panjang,Google Search,Small,Household,169.99,1,0
ENQ-11317,2025-09-24,North-Eastern Islands,Referral,Small,Household,198.22,0,0
ENQ-11318,2025-03-17,Clementi,Walk-in,Medium,Student/Expats,265.75,0,0
ENQ-11319,2025-03-29,Queenstown,Walk-in,Small,Student/Expats,193.28,0,1
ENQ-11320,2025-03-12,Outram,Referral,Medium,Relocation,267.77,0,0
ENQ-11321,2025-08-27,Tanglin,Walk-in,Large,Household,468.65,0,0
ENQ-11322,2025-05-10,Newton,Referral,Small,Household,173.5,0,0
ENQ-11323,2025-07-08,Sengkang,Google Search,Small,Household,169.15,0,0
ENQ-11324,2025-11-16,Singapore River,Google Search,Small,SME,201.97,0,0
ENQ-11325,2025-01-13,River Valley,Google Search,Large,E-commerce,468.01,1,0
ENQ-11326,2025-09-06,Sengkang,Google Search,Small,Household,162.36,0,0
ENQ-11327,2025-02-07,Novena,Walk-in,Locker,E-commerce,92.87,1,0
ENQ-11328,2025-09-15,Mandai,Google Search,Locker,Household,101.93,0,0
ENQ-11329,2025-11-16,Choa Chu Kang,Google Search,Small,Household,195.1,1,0
ENQ-11330,2025-06-25,Bedok,Walk-in,Small,Household,164.38,0,0
ENQ-11331,2025-06-14,Tuas,Partner,Medium,Household,301.07,0,0
ENQ-11332,2025-05-06,Rochor,Google Search,Medium,SME,325.03,0,0
ENQ-11333,2025-06-28,Bukit Timah,Referral,Large,Household,435.56,0,0
ENQ-11334,2025-05-04,Museum,Partner,Small,Household,165.87,0,0
ENQ-11335,2025-03-28,Changi,Google Search,Locker,Student/Expats,93.68,0,0
ENQ-11336,2025-09-25,Sembawang,Organic,Small,Student/Expats,200.16,0,0
ENQ-11337,2025-12-17,Changi,Referral,Small,Household,162.86,1,0
ENQ-11338,2025-01-02,Marine Parade,Meta Ads,Locker,SME,94.58,0,0
ENQ-11339,2025-04-10,Choa Chu Kang,Referral,Small,E-commerce,202.78,0,0
ENQ-11340,2025-09-03,Bukit Panjang,Google Search,Small,Household,188.57,0,0
ENQ-11341,2025-02-04,Rochor,Google Search,Large,Household,473.73,1,0
ENQ-11342,2025-08-04,River Valley,Google Search,Medium,E-commerce,280.22,0,0
ENQ-11343,2025-10-31,Kallang,Google Search,Small,Household,203.56,0,0
ENQ-11344,2025-02-04,Central Water Catchment,Meta Ads,Large,SME,450.67,0,0
ENQ-11345,2025-12-23,Serangoon,Partner,Medium,Household,319.89,0,0
ENQ-11346,2025-03-26,Marina South,Google Search,Locker,Household,91.0,1,0
ENQ-11347,2025-04-22,Western Water Catchment,Organic,Small,Household,190.22,0,0
ENQ-11348,2025-04-13,Bukit Batok,Meta Ads,Small,SME,193.18,0,0
ENQ-11349,2025-09-06,Pasir Ris,Partner,Large,Household,444.79,0,0
ENQ-11350,2025-10-03,Rochor,Organic,Locker,E-commerce,95.01,0,0
ENQ-11351,2025-01-22,Kallang,Meta Ads,Large,Household,505.98,1,0
ENQ-11352,2025-11-22,Southern Islands,Meta Ads,Small,Student/Expats,178.73,1,0
ENQ-11353,2025-12-16,Lim Chu Kang,Organic,Locker,Student/Expats,95.73,0,0
ENQ-11354,2025-04-29,Straits View,Walk-in,Medium,E-commerce,284.13,1,0
ENQ-11355,2025-05-23,Sembawang,Meta Ads,Large,Relocation,453.45,0,0
ENQ-11356,2025-06-03,Rochor,Organic,Small,SME,181.72,0,0
ENQ-11357,2025-09-02,Bishan,Partner,Medium,SME,269.68,0,0
ENQ-11358,2025-01-27,North-Eastern Islands,Organic,Medium,Relocation,268.69,0,0
ENQ-11359,2025-04-07,Bukit Merah,Google Search,Small,Relocation,179.01,1,0
ENQ-11360,2025-04-07,Pioneer,Google Search,Medium,Household,280.57,0,0
ENQ-11361,2025-11-14,Southern Islands,Meta Ads,Small,E-commerce,205.97,0,0
ENQ-11362,2025-11-30,North-Eastern Islands,Meta Ads,Medium,Household,312.44,0,0
ENQ-11363,2025-08-17,Clementi,Google Search,Small,Student/Expats,182.11,0,0
ENQ-11364,2025-09-07,Singapore River,Organic,Medium,Student/Expats,272.06,0,0
ENQ-11365,2025-12-08,Simpang,Google Search,Medium,Household,309.75,1,0
ENQ-11366,2025-06-16,North-Eastern Islands,Meta Ads,Small,Household,201.03,0,0
ENQ-11367,2025-07-24,Singapore River,Google Search,Medium,E-commerce,273.88,0,0
ENQ-11368,2025-06-26,Central Water Catchment,Referral,Medium,E-commerce,301.66,1,0
ENQ-11369,2025-05-04,Marina East,Google Search,Locker,Household,86.94,0,0
ENQ-11370,2025-06-22,Western Water Catchment,Meta Ads,Medium,Household,324.43,0,0
ENQ-11371,2025-11-18,Central Water Catchment,Google Search,Medium,Student/Expats,299.32,0,1
ENQ-11372,2025-08-16,Simpang,Google Search,Locker,Household,91.95,0,0
ENQ-11373,2025-12-17,Sengkang,Meta Ads,Locker,Student/Expats,83.27,1,0
ENQ-11374,2025-05-15,Western Water Catchment,Meta Ads,Medium,SME,282.27,0,0
ENQ-11375,2025-07-02,Yishun,Walk-in,Large,Household,497.86,1,0
ENQ-11376,2025-08-24,Toa Payoh,Meta Ads,Locker,Household,100.91,0,0
ENQ-11377,2025-11-05,Central Water Catchment,Referral,Small,SME,169.99,0,1
ENQ-11378,2025-08-04,Tanglin,Walk-in,Locker,Student/Expats,96.3,0,0
ENQ-11379,2025-06-14,Changi Bay,Google Search,Large,Household,489.75,1,0
ENQ-11380,2025-04-08,Marina South,Walk-in,Large,Household,487.36,1,0
ENQ-11381,2025-10-22,Mandai,Referral,Medium,E-commerce,294.01,0,0
ENQ-11382,2025-03-04,Pasir Ris,Partner,Small,SME,186.5,1,0
ENQ-11383,2025-09-13,Marina South,Meta Ads,Small,E-commerce,189.04,0,0
ENQ-11384,2025-05-09,Simpang,Google Search,Locker,Relocation,90.08,0,1
ENQ-11385,2025-08-22,Orchard,Referral,Locker,SME,89.52,1,0
ENQ-11386,2025-07-17,Marina South,Meta Ads,Medium,Household,320.26,0,0
ENQ-11387,2025-06-05,Western Water Catchment,Referral,Small,SME,197.64,1,0
ENQ-11388,2025-04-29,Bukit Merah,Partner,Medium,Household,295.09,0,0
ENQ-11389,2025-02-16,Tengah,Google Search,Small,Household,187.98,0,0
ENQ-11390,2025-06-30,Bukit Merah,Walk-in,Small,SME,170.25,0,0
ENQ-11391,2025-01-16,Pioneer,Meta Ads,Medium,Household,277.03,0,0
ENQ-11392,2025-03-23,Museum,Google Search,Large,Student/Expats,437.17,0,0
ENQ-11393,2025-12-13,Clementi,Referral,Locker,SME,88.06,0,0
ENQ-11394,2025-10-20,Punggol,Referral,Medium,SME,280.76,1,0
ENQ-11395,2025-11-12,Yishun,Google Search,Locker,Household,84.95,1,0
ENQ-11396,2025-07-06,River Valley,Organic,Small,Household,183.18,0,0
ENQ-11397,2025-05-20,Jurong East,Organic,Small,Household,192.34,0,0
ENQ-11398,2025-07-03,Ang Mo Kio,Meta Ads,Small,Household,182.8,0,0
ENQ-11399,2025-10-12,Bedok,Referral,Medium,E-commerce,263.42,0,0
ENQ-11400,2025-04-09,Marine Parade,Referral,Small,Relocation,194.44,1,0
ENQ-11401,2025-09-27,Straits View,Google Search,Medium,E-commerce,317.14,0,0
ENQ-11402,2025-10-25,Changi,Referral,Medium,E-commerce,318.05,0,0
ENQ-11403,2025-04-22,Boon Lay,Organic,Locker,Household,83.61,0,0
ENQ-11404,2025-03-31,Singapore River,Google Search,Small,Household,196.74,0,0
ENQ-11405,2025-08-24,Pasir Ris,Google Search,Medium,Household,303.78,0,0
ENQ-11406,2025-08-15,Tengah,Organic,Small,SME,176.29,0,0
ENQ-11407,2025-01-11,Novena,Meta Ads,Large,SME,415.29,0,0
ENQ-11408,2025-03-06,Sungei Kadut,Meta Ads,Small,Relocation,165.97,0,0
ENQ-11409,2025-04-30,Mandai,Partner,Small,Household,202.93,0,0
ENQ-11410,2025-02-22,Sembawang,Google Search,Locker,SME,91.12,0,0
ENQ-11411,2025-01-01,Toa Payoh,Partner,Small,SME,183.05,0,0
ENQ-11412,2025-04-09,Marine Parade,Meta Ads,Large,E-commerce,514.31,1,0
ENQ-11413,2025-05-10,Mandai,Organic,Large,Student/Expats,449.88,0,0
ENQ-11414,2025-12-25,Tanglin,Meta Ads,Medium,Household,275.09,0,0
ENQ-11415,2025-04-27,River Valley,Meta Ads,Small,Household,172.88,1,0
ENQ-11416,2025-05-16,Seletar,Walk-in,Small,Relocation,202.6,1,0
ENQ-11417,2025-02-22,Marine Parade,Meta Ads,Small,Household,166.82,0,0
ENQ-11418,2025-06-30,Newton,Referral,Medium,Household,316.0,0,0
ENQ-11419,2025-08-03,Central Water Catchment,Referral,Small,Household,187.4,0,0
ENQ-11420,2025-12-20,Geylang,Organic,Small,SME,175.52,1,0
ENQ-11421,2025-08-17,Jurong West,Meta Ads,Locker,E-commerce,88.89,0,0
ENQ-11422,2025-12-05,Clementi,Meta Ads,Medium,E-commerce,281.56,0,0
ENQ-11423,2025-02-26,Queenstown,Google Search,Large,E-commerce,466.11,0,0
ENQ-11424,2025-01-27,Jurong East,Partner,Locker,Household,88.01,0,0
ENQ-11425,2025-04-26,River Valley,Organic,Medium,E-commerce,291.52,1,0
ENQ-11426,2025-06-02,Sembawang,Meta Ads,Small,Household,201.53,0,0
ENQ-11427,2025-07-01,Bukit Timah,Partner,Large,SME,485.23,0,0
ENQ-11428,2025-08-27,Museum,Referral,Large,Household,504.32,0,0
ENQ-11429,2025-01-31,Sengkang,Meta Ads,Large,SME,467.19,0,0
ENQ-11430,2025-08-26,Bukit Timah,Referral,Medium,E-commerce,329.84,1,0
ENQ-11431,2025-06-06,Lim Chu Kang,Organic,Medium,SME,272.9,0,0
ENQ-11432,2025-12-10,Boon Lay,Partner,Locker,Student/Expats,81.49,0,0
ENQ-11433,2025-12-05,Jurong East,Walk-in,Medium,E-commerce,321.17,0,0
ENQ-11434,2025-09-10,Orchard,Meta Ads,Locker,Household,85.22,1,0
ENQ-11435,2025-03-03,Orchard,Meta Ads,Small,SME,199.3,0,0
ENQ-11436,2025-07-10,Simpang,Walk-in,Small,Household,201.0,0,0
ENQ-11437,2025-03-04,Singapore River,Referral,Large,Household,505.73,0,0
ENQ-11438,2025-05-10,Kallang,Google Search,Locker,SME,95.73,1,1
ENQ-11439,2025-03-02,Boon Lay,Walk-in,Medium,Household,328.21,0,0
ENQ-11440,2025-09-02,Museum,Google Search,Medium,Household,302.28,0,0
ENQ-11441,2025-11-27,Tuas,Referral,Medium,Household,318.23,1,0
ENQ-11442,2025-06-25,Pasir Ris,Referral,Locker,Household,101.41,1,0
ENQ-11443,2025-08-06,Toa Payoh,Walk-in,Small,Household,199.03,0,0
ENQ-11444,2025-09-06,Jurong East,Google Search,Medium,Household,318.57,0,0
ENQ-11445,2025-11-30,Western Water Catchment,Partner,Large,SME,499.9,0,0
ENQ-11446,2025-02-02,Toa Payoh,Organic,Large,Household,472.63,0,0
ENQ-11447,2025-05-30,Tengah,Partner,Locker,Relocation,102.57,0,0
ENQ-11448,2025-05-03,Straits View,Meta Ads,Medium,SME,323.58,0,0
ENQ-11449,2025-03-20,Tengah,Google Search,Small,Household,165.23,0,1
ENQ-11450,2025-08-28,Bukit Merah,Referral,Medium,SME,320.82,0,0
ENQ-11451,2025-04-26,Toa Payoh,Google Search,Small,Relocation,180.66,0,0
ENQ-11452,2025-09-09,Singapore River,Google Search,Medium,SME,296.41,0,0
ENQ-11453,2025-11-18,Hougang,Organic,Small,Student/Expats,180.4,0,0
ENQ-11454,2025-02-08,Bishan,Partner,Large,Household,495.37,0,0
ENQ-11455,2025-06-27,Bishan,Meta Ads,Small,SME,179.95,0,0
ENQ-11456,2025-06-29,Sungei Kadut,Google Search,Locker,Household,81.39,0,0
ENQ-11457,2025-06-25,Hougang,Organic,Small,E-commerce,188.69,0,0
ENQ-11458,2025-05-28,Serangoon,Google Search,Medium,Household,286.1,0,0
ENQ-11459,2025-04-10,Central Water Catchment,Google Search,Locker,SME,89.96,1,0
ENQ-11460,2025-03-31,Changi Bay,Meta Ads,Medium,Household,317.34,0,0
ENQ-11461,2025-12-23,Tengah,Organic,Locker,Household,97.17,0,0
ENQ-11462,2025-03-16,Sungei Kadut,Meta Ads,Medium,Household,320.42,0,0
ENQ-11463,2025-09-16,Clementi,Meta Ads,Locker,Student/Expats,88.26,0,0
ENQ-11464,2025-05-06,Tampines,Walk-in,Locker,Household,93.18,0,0
ENQ-11465,2025-09-21,Singapore River,Google Search,Small,SME,190.1,0,0
ENQ-11466,2025-07-29,Yishun,Google Search,Locker,SME,90.96,0,0
ENQ-11467,2025-01-04,Queenstown,Referral,Medium,Household,330.8,1,0
ENQ-11468,2025-06-20,Geylang,Partner,Small,Household,180.1,0,0
ENQ-11469,2025-10-14,Clementi,Walk-in,Medium,Student/Expats,275.72,0,0
ENQ-11470,2025-07-05,Tanglin,Partner,Medium,Household,290.53,0,0
ENQ-11471,2025-05-12,Kallang,Organic,Medium,Student/Expats,320.44,0,0
ENQ-11472,2025-10-15,Yishun,Meta Ads,Small,Household,173.25,0,0
ENQ-11473,2025-04-26,Jurong East,Meta Ads,Small,Household,164.59,0,0
ENQ-11474,2025-04-19,Bukit Merah,Google Search,Large,Household,513.93,0,0
ENQ-11475,2025-04-24,Simpang,Google Search,Small,Household,185.35,0,0
ENQ-11476,2025-10-17,Southern Islands,Meta Ads,Small,Relocation,185.34,0,0
ENQ-11477,2025-08-28,Orchard,Referral,Small,Relocation,166.18,0,0
ENQ-11478,2025-12-13,Straits View,Meta Ads,Medium,SME,287.83,0,0
ENQ-11479,2025-08-06,Changi Bay,Organic,Locker,SME,100.5,0,0
ENQ-11480,2025-10-30,Bukit Merah,Meta Ads,Small,SME,176.17,1,0
ENQ-11481,2025-10-04,Tanglin,Meta Ads,Small,Household,190.89,0,0
ENQ-11482,2025-01-19,Museum,Walk-in,Medium,Household,297.63,1,0
ENQ-11483,2025-10-20,Sungei Kadut,Partner,Small,Household,197.2,1,0
ENQ-11484,2025-04-03,Outram,Google Search,Locker,SME,86.08,0,0
ENQ-11485,2025-08-08,Woodlands,Walk-in,Large,Student/Expats,476.66,1,0
ENQ-11486,2025-09-14,Bishan,Meta Ads,Small,E-commerce,175.29,0,0
ENQ-11487,2025-11-06,River Valley,Organic,Locker,Household,85.76,0,0
ENQ-11488,2025-07-09,Bukit Timah,Partner,Medium,Household,310.44,0,0
ENQ-11489,2025-12-02,River Valley,Google Search,Medium,SME,328.94,0,0
ENQ-11490,2025-09-21,Clementi,Organic,Medium,Relocation,318.97,0,0
ENQ-11491,2025-06-20,Jurong West,Organic,Small,Household,164.82,0,0
ENQ-11492,2025-08-16,Jurong East,Organic,Small,Household,194.03,0,0
ENQ-11493,2025-09-21,Yishun,Meta Ads,Small,Household,201.46,0,0
ENQ-11494,2025-11-04,Downtown Core,Walk-in,Small,SME,164.73,0,0
ENQ-11495,2025-03-04,Hougang,Google Search,Small,Household,181.35,0,0
ENQ-11496,2025-03-24,Clementi,Meta Ads,Medium,Household,328.63,0,0
ENQ-11497,2025-12-09,Marina East,Google Search,Small,E-commerce,163.01,0,0
ENQ-11498,2025-02-23,North-Eastern Islands,Partner,Small,Household,184.15,0,0
ENQ-11499,2025-01-03,Tuas,Walk-in,Small,Student/Expats,167.66,0,0
ENQ-11500,2025-04-05,Tampines,Meta Ads,Medium,Household,295.58,0,0
ENQ-11501,2025-11-26,Bukit Timah,Meta Ads,Small,SME,184.65,0,0
ENQ-11502,2025-10-10,Jurong West,Organic,Medium,Household,300.84,0,1
ENQ-11503,2025-04-14,Clementi,Google Search,Small,E-commerce,163.25,1,0
ENQ-11504,2025-02-11,Changi Bay,Google Search,Medium,Household,301.61,0,0
ENQ-11505,2025-02-01,Marina East,Google Search,Large,Household,505.14,0,0
ENQ-11506,2025-10-05,Choa Chu Kang,Meta Ads,Locker,Household,95.97,0,0
ENQ-11507,2025-04-11,Queenstown,Organic,Large,SME,442.4,1,0
ENQ-11508,2025-07-14,Lim Chu Kang,Walk-in,Small,Student/Expats,162.2,0,0
ENQ-11509,2025-01-22,Boon Lay,Google Search,Medium,E-commerce,268.95,1,0
ENQ-11510,2025-08-23,Singapore River,Google Search,Small,Household,191.91,0,0
ENQ-11511,2025-04-01,Tuas,Meta Ads,Large,SME,521.27,0,0
ENQ-11512,2025-07-28,Bukit Panjang,Organic,Medium,Household,264.73,0,0
ENQ-11513,2025-03-05,Bukit Timah,Google Search,Locker,Student/Expats,101.69,0,0
ENQ-11514,2025-12-20,Downtown Core,Google Search,Small,Household,165.78,0,0
ENQ-11515,2025-01-21,Tuas,Google Search,Small,Household,196.57,1,0
ENQ-11516,2025-03-23,Sengkang,Walk-in,Small,SME,175.38,0,0
ENQ-11517,2025-09-01,Marina East,Walk-in,Large,E-commerce,422.29,0,0
ENQ-11518,2025-09-13,Newton,Meta Ads,Medium,Household,285.7,0,0
ENQ-11519,2025-06-06,Tampines,Google Search,Small,SME,176.31,0,0
ENQ-11520,2025-09-12,Newton,Walk-in,Small,Household,180.03,0,0
ENQ-11521,2025-02-04,Bukit Merah,Referral,Medium,Household,322.81,0,0
ENQ-11522,2025-06-22,Outram,Google Search,Locker,Household,84.67,0,0
ENQ-11523,2025-08-28,Marina South,Google Search,Small,E-commerce,177.5,1,0
ENQ-11524,2025-06-14,Sembawang,Meta Ads,Medium,Household,309.73,0,0
ENQ-11525,2025-02-28,Western Water Catchment,Meta Ads,Medium,Relocation,315.03,0,0
ENQ-11526,2025-04-14,Marina East,Organic,Locker,E-commerce,102.27,0,0
ENQ-11527,2025-10-12,Sungei Kadut,Google Search,Medium,E-commerce,261.16,0,0
ENQ-11528,2025-07-23,Bukit Panjang,Meta Ads,Small,Household,199.56,0,0
ENQ-11529,2025-04-09,Seletar,Referral,Locker,Student/Expats,86.1,0,0
ENQ-11530,2025-01-16,Straits View,Meta Ads,Small,Household,183.19,1,0
ENQ-11531,2025-10-21,Tanglin,Referral,Medium,Household,292.2,1,0
ENQ-11532,2025-12-06,Pioneer,Google Search,Small,SME,205.04,0,0
ENQ-11533,2025-05-29,Sungei Kadut,Meta Ads,Small,Student/Expats,203.61,0,0
ENQ-11534,2025-12-29,Serangoon,Google Search,Small,Household,199.93,0,0
ENQ-11535,2025-11-01,River Valley,Referral,Medium,Household,313.34,1,0
ENQ-11536,2025-06-03,Ang Mo Kio,Walk-in,Small,Household,177.67,0,0
ENQ-11537,2025-05-29,Bukit Panjang,Meta Ads,Medium,Household,326.9,1,0
ENQ-11538,2025-01-17,Punggol,Meta Ads,Medium,Household,295.16,0,0
ENQ-11539,2025-12-29,Changi Bay,Meta Ads,Small,SME,200.44,0,0
ENQ-11540,2025-07-15,Queenstown,Google Search,Small,Household,202.66,0,0
ENQ-11541,2025-01-07,Boon Lay,Partner,Large,Household,435.42,0,0
ENQ-11542,2025-11-30,Rochor,Google Search,Locker,E-commerce,87.16,0,0
ENQ-11543,2025-12-27,Tanglin,Organic,Small,Household,187.81,0,0
ENQ-11544,2025-05-23,Queenstown,Meta Ads,Medium,SME,295.43,0,0
ENQ-11545,2025-01-16,Simpang,Referral,Locker,Household,86.63,0,0
ENQ-11546,2025-05-02,Bedok,Walk-in,Small,E-commerce,174.48,0,0
ENQ-11547,2025-09-01,North-Eastern Islands,Google Search,Locker,E-commerce,103.42,0,0
ENQ-11548,2025-08-15,Marine Parade,Referral,Medium,Relocation,269.77,0,0
ENQ-11549,2025-01-19,Tampines,Meta Ads,Medium,SME,267.41,1,0
ENQ-11550,2025-08-02,Outram,Referral,Medium,SME,288.45,0,0
ENQ-11551,2025-09-15,Newton,Referral,Small,Household,177.43,1,0
ENQ-11552,2025-07-30,Novena,Walk-in,Locker,Household,84.05,0,0
ENQ-11553,2025-06-17,Tampines,Organic,Small,Household,198.49,0,0
ENQ-11554,2025-05-23,Tengah,Organic,Medium,E-commerce,318.18,1,0
ENQ-11555,2025-01-06,Lim Chu Kang,Google Search,Medium,E-commerce,278.88,0,0
ENQ-11556,2025-01-15,Novena,Partner,Medium,E-commerce,320.23,0,0
ENQ-11557,2025-12-21,Rochor,Organic,Small,Student/Expats,185.27,0,0
ENQ-11558,2025-12-06,Marine Parade,Organic,Small,Household,179.65,1,1
ENQ-11559,2025-10-03,Jurong West,Google Search,Small,Household,183.75,0,0
ENQ-11560,2025-07-01,Downtown Core,Organic,Medium,Household,297.17,0,1
ENQ-11561,2025-10-27,Choa Chu Kang,Google Search,Locker,Household,100.8,1,0
ENQ-11562,2025-05-22,Bukit Timah,Walk-in,Small,Household,172.4,0,0
ENQ-11563,2025-01-31,Serangoon,Google Search,Locker,Household,103.49,1,0
ENQ-11564,2025-12-13,Choa Chu Kang,Partner,Medium,Student/Expats,280.27,0,0
ENQ-11565,2025-08-03,Western Water Catchment,Meta Ads,Small,SME,206.8,0,0
ENQ-11566,2025-06-30,North-Eastern Islands,Walk-in,Locker,SME,97.21,0,0
ENQ-11567,2025-04-20,Bukit Batok,Partner,Large,Student/Expats,454.12,0,0
ENQ-11568,2025-04-12,Yishun,Google Search,Small,Household,205.39,0,0
ENQ-11569,2025-11-02,Outram,Google Search,Locker,SME,82.31,0,0
ENQ-11570,2025-07-06,Newton,Google Search,Locker,Household,89.42,0,0
ENQ-11571,2025-11-02,Central Water Catchment,Organic,Small,Household,192.58,0,0
ENQ-11572,2025-11-03,Jurong West,Organic,Medium,Household,261.57,0,0
ENQ-11573,2025-02-04,Lim Chu Kang,Google Search,Large,Student/Expats,443.31,0,0
ENQ-11574,2025-12-30,Pioneer,Referral,Small,E-commerce,175.87,0,0
ENQ-11575,2025-07-26,Singapore River,Meta Ads,Large,E-commerce,422.91,0,0
ENQ-11576,2025-02-26,Yishun,Google Search,Small,E-commerce,191.79,0,0
ENQ-11577,2025-11-03,Bukit Merah,Organic,Small,Student/Expats,181.14,0,0
ENQ-11578,2025-04-17,Woodlands,Referral,Small,Household,176.83,0,0
ENQ-11579,2025-09-10,Jurong East,Organic,Medium,Household,267.66,0,0
ENQ-11580,2025-07-19,Western Water Catchment,Organic,Medium,Relocation,318.59,1,0
ENQ-11581,2025-03-24,Changi Bay,Google Search,Large,Household,454.24,0,0
ENQ-11582,2025-11-03,Boon Lay,Meta Ads,Locker,SME,87.0,1,0
ENQ-11583,2025-11-18,Queenstown,Google Search,Locker,Household,99.84,0,0
ENQ-11584,2025-09-28,Central Water Catchment,Meta Ads,Small,Student/Expats,165.36,0,0
ENQ-11585,2025-12-18,Mandai,Google Search,Medium,Student/Expats,279.23,0,1
ENQ-11586,2025-12-21,North-Eastern Islands,Google Search,Medium,Household,282.24,0,0
ENQ-11587,2025-07-30,Orchard,Meta Ads,Small,Household,203.1,0,0
ENQ-11588,2025-06-04,Sengkang,Organic,Medium,Household,273.47,0,0
ENQ-11589,2025-02-20,Changi Bay,Meta Ads,Small,Household,183.65,0,0
ENQ-11590,2025-02-16,Queenstown,Referral,Small,Household,202.61,0,0
ENQ-11591,2025-06-14,Straits View,Partner,Large,Household,516.32,0,0
ENQ-11592,2025-02-09,Western Water Catchment,Google Search,Small,Student/Expats,206.73,0,0
ENQ-11593,2025-08-21,Tampines,Organic,Locker,Student/Expats,97.71,0,0
ENQ-11594,2025-06-01,Ang Mo Kio,Partner,Small,Household,167.13,0,0
ENQ-11595,2025-01-17,Clementi,Referral,Medium,Household,309.56,0,0
ENQ-11596,2025-06-13,River Valley,Google Search,Medium,SME,270.19,0,0
ENQ-11597,2025-06-26,Bukit Timah,Google Search,Locker,Household,93.46,1,0
ENQ-11598,2025-06-29,Central Water Catchment,Walk-in,Locker,Household,99.3,0,0
ENQ-11599,2025-04-17,Marina South,Partner,Small,Relocation,179.86,0,0
ENQ-11600,2025-06-12,Orchard,Meta Ads,Locker,SME,97.72,0,0
ENQ-11601,2025-12-05,Kallang,Referral,Large,SME,462.68,0,0
ENQ-11602,2025-01-13,Kallang,Google Search,Locker,SME,97.29,0,0
ENQ-11603,2025-07-20,Museum,Google Search,Small,E-commerce,186.89,0,0
ENQ-11604,2025-11-03,River Valley,Walk-in,Small,SME,203.54,1,0
ENQ-11605,2025-11-10,Newton,Partner,Large,Household,497.87,0,0
ENQ-11606,2025-02-21,Tanglin,Google Search,Medium,SME,325.71,0,0
ENQ-11607,2025-01-20,Southern Islands,Walk-in,Small,Household,198.23,0,0
ENQ-11608,2025-02-25,Tuas,Organic,Medium,SME,263.69,1,0
ENQ-11609,2025-10-30,Boon Lay,Walk-in,Locker,E-commerce,102.94,0,0
ENQ-11610,2025-06-23,Clementi,Meta Ads,Locker,E-commerce,86.8,0,0
ENQ-11611,2025-03-06,Bedok,Google Search,Small,Household,168.19,0,0
ENQ-11612,2025-08-13,Western Water Catchment,Organic,Small,Household,203.35,0,0
ENQ-11613,2025-09-17,Singapore River,Meta Ads,Small,Household,169.1,0,0
ENQ-11614,2025-02-12,Tengah,Organic,Small,Student/Expats,200.4,0,0
ENQ-11615,2025-02-21,Clementi,Meta Ads,Small,Household,186.59,0,0
ENQ-11616,2025-11-16,Jurong East,Meta Ads,Medium,Household,291.52,0,0
ENQ-11617,2025-04-16,Jurong East,Google Search,Small,E-commerce,186.54,0,0
ENQ-11618,2025-03-31,Changi Bay,Google Search,Small,Household,170.7,0,0
ENQ-11619,2025-01-31,Rochor,Referral,Medium,Household,278.85,1,0
ENQ-11620,2025-07-13,Bukit Merah,Google Search,Medium,E-commerce,289.76,1,0
ENQ-11621,2025-02-17,Novena,Partner,Small,Household,171.63,0,1
ENQ-11622,2025-08-29,Bedok,Organic,Medium,Household,297.12,0,0
ENQ-11623,2025-11-01,Toa Payoh,Partner,Medium,SME,294.09,1,0
ENQ-11624,2025-08-28,Pioneer,Partner,Small,Household,199.81,1,0
ENQ-11625,2025-09-17,Pasir Ris,Walk-in,Large,SME,491.09,1,0
ENQ-11626,2025-09-10,Bukit Batok,Meta Ads,Medium,SME,299.25,0,0
ENQ-11627,2025-01-12,Lim Chu Kang,Google Search,Medium,SME,263.61,0,0
ENQ-11628,2025-09-19,Singapore River,Google Search,Locker,Household,95.22,1,0
ENQ-11629,2025-02-09,Jurong East,Organic,Locker,Household,99.2,0,0
ENQ-11630,2025-08-17,Pioneer,Organic,Small,SME,191.16,0,0
ENQ-11631,2025-08-18,Tuas,Partner,Small,Household,171.89,0,0
ENQ-11632,2025-10-30,Central Water Catchment,Meta Ads,Medium,E-commerce,265.08,0,0
ENQ-11633,2025-11-08,Kallang,Meta Ads,Small,E-commerce,183.4,0,0
ENQ-11634,2025-03-02,Tuas,Google Search,Small,Household,182.53,0,0
ENQ-11635,2025-05-05,Museum,Google Search,Large,Relocation,416.81,1,0
ENQ-11636,2025-06-22,Bedok,Google Search,Locker,SME,98.77,0,0
ENQ-11637,2025-12-07,Museum,Walk-in,Large,Relocation,522.06,0,0
ENQ-11638,2025-07-16,Choa Chu Kang,Meta Ads,Locker,E-commerce,84.02,0,0
ENQ-11639,2025-10-30,Bukit Panjang,Google Search,Small,Household,203.62,0,0
ENQ-11640,2025-10-01,Woodlands,Google Search,Small,Household,185.52,0,0
ENQ-11641,2025-10-01,Southern Islands,Referral,Small,Household,169.62,0,0
ENQ-11642,2025-12-30,Tengah,Google Search,Small,E-commerce,186.92,0,0
ENQ-11643,2025-04-06,Bukit Batok,Walk-in,Small,SME,176.82,0,0
ENQ-11644,2025-07-16,Yishun,Referral,Small,Household,167.07,1,0
ENQ-11645,2025-10-08,Pioneer,Referral,Medium,Student/Expats,313.91,0,0
ENQ-11646,2025-08-06,Changi,Walk-in,Small,Household,189.84,0,0
ENQ-11647,2025-10-06,Marina East,Referral,Medium,E-commerce,318.29,0,0
ENQ-11648,2025-10-06,Seletar,Google Search,Small,SME,185.21,0,0
ENQ-11649,2025-01-08,Marina East,Referral,Medium,Household,332.97,0,0
ENQ-11650,2025-11-16,Rochor,Referral,Medium,E-commerce,302.21,1,0
ENQ-11651,2025-01-26,Tengah,Organic,Small,E-commerce,184.75,1,0
ENQ-11652,2025-02-13,Outram,Referral,Locker,SME,82.16,0,0
ENQ-11653,2025-03-25,Jurong West,Organic,Small,Household,188.83,0,0
ENQ-11654,2025-10-13,Tampines,Google Search,Medium,Household,261.98,0,0
ENQ-11655,2025-03-01,Boon Lay,Referral,Small,Household,206.67,0,0
ENQ-11656,2025-04-29,Boon Lay,Meta Ads,Locker,E-commerce,81.17,0,0
ENQ-11657,2025-03-17,Bukit Batok,Referral,Locker,SME,89.54,0,0
ENQ-11658,2025-12-28,Marina East,Partner,Medium,SME,286.06,0,0
ENQ-11659,2025-08-30,Novena,Organic,Small,Household,198.45,0,0
ENQ-11660,2025-06-16,Tengah,Meta Ads,Medium,Household,303.68,0,0
ENQ-11661,2025-06-04,Bukit Timah,Walk-in,Small,SME,179.91,0,0
ENQ-11662,2025-11-12,Marine Parade,Google Search,Locker,Student/Expats,91.65,0,0
ENQ-11663,2025-06-29,Museum,Google Search,Large,Household,439.78,0,0
ENQ-11664,2025-05-07,Bishan,Meta Ads,Medium,E-commerce,310.8,0,0
ENQ-11665,2025-11-18,Tampines,Walk-in,Small,Household,195.28,1,0
ENQ-11666,2025-01-10,Changi,Organic,Small,SME,184.48,0,0
ENQ-11667,2025-09-16,Choa Chu Kang,Organic,Large,SME,479.53,0,0
ENQ-11668,2025-06-15,Choa Chu Kang,Google Search,Locker,Relocation,91.49,0,0
ENQ-11669,2025-08-28,Changi Bay,Partner,Medium,Household,316.1,0,0
ENQ-11670,2025-11-02,Bishan,Meta Ads,Small,Household,169.52,0,0
ENQ-11671,2025-08-10,North-Eastern Islands,Meta Ads,Locker,Student/Expats,96.72,1,0
ENQ-11672,2025-10-26,Sengkang,Walk-in,Small,SME,206.75,0,0
ENQ-11673,2025-06-12,Marina South,Meta Ads,Small,Household,167.59,0,0
ENQ-11674,2025-04-23,Tuas,Google Search,Large,Student/Expats,442.13,0,0
ENQ-11675,2025-01-29,Newton,Google Search,Medium,Household,327.35,0,0
ENQ-11676,2025-09-18,Marina East,Organic,Medium,Household,263.15,0,0
ENQ-11677,2025-08-15,Lim Chu Kang,Walk-in,Medium,Household,271.38,0,0
ENQ-11678,2025-01-03,Kallang,Walk-in,Medium,SME,306.53,0,0
ENQ-11679,2025-09-27,Sungei Kadut,Google Search,Locker,SME,83.58,0,0
ENQ-11680,2025-07-16,Pasir Ris,Organic,Large,Relocation,521.18,0,0
ENQ-11681,2025-04-24,Ang Mo Kio,Meta Ads,Small,E-commerce,170.9,0,0
ENQ-11682,2025-01-28,Pasir Ris,Organic,Small,Student/Expats,184.39,1,0
ENQ-11683,2025-01-05,Pioneer,Referral,Small,Household,190.41,1,0
ENQ-11684,2025-09-28,North-Eastern Islands,Walk-in,Locker,Household,100.87,0,0
ENQ-11685,2025-09-22,Singapore River,Google Search,Medium,Household,330.83,0,0
ENQ-11686,2025-10-26,Bukit Panjang,Partner,Small,Household,170.5,0,0
ENQ-11687,2025-02-25,Bukit Batok,Walk-in,Small,SME,180.98,0,0
ENQ-11688,2025-12-12,North-Eastern Islands,Organic,Locker,SME,89.59,0,0
ENQ-11689,2025-03-08,Woodlands,Meta Ads,Locker,Household,83.83,0,0
ENQ-11690,2025-12-07,North-Eastern Islands,Google Search,Large,Relocation,452.17,0,0
ENQ-11691,2025-06-01,Tuas,Google Search,Locker,Household,98.09,1,0
ENQ-11692,2025-06-08,River Valley,Google Search,Large,SME,472.21,0,0
ENQ-11693,2025-08-02,Bukit Merah,Referral,Locker,SME,90.39,0,0
ENQ-11694,2025-06-11,Pasir Ris,Organic,Locker,Student/Expats,94.62,1,1
ENQ-11695,2025-01-11,Outram,Meta Ads,Small,Household,170.64,0,0
ENQ-11696,2025-12-08,Simpang,Walk-in,Small,SME,173.96,1,0
ENQ-11697,2025-10-17,Tengah,Referral,Locker,Household,82.62,0,0
ENQ-11698,2025-06-15,Queenstown,Walk-in,Small,Household,171.48,1,0
ENQ-11699,2025-03-10,Jurong West,Organic,Small,Household,185.2,1,0
ENQ-11700,2025-07-02,Bukit Batok,Referral,Small,SME,178.93,1,0
ENQ-11701,2025-05-18,North-Eastern Islands,Meta Ads,Medium,Household,323.45,0,0
ENQ-11702,2025-03-31,Lim Chu Kang,Meta Ads,Locker,Household,98.88,0,0
ENQ-11703,2025-01-26,Marine Parade,Referral,Medium,Student/Expats,290.91,1,0
ENQ-11704,2025-02-22,Rochor,Meta Ads,Small,SME,171.78,0,0
ENQ-11705,2025-07-23,Tengah,Meta Ads,Small,Household,174.35,0,0
ENQ-11706,2025-10-18,Seletar,Referral,Locker,SME,91.35,1,0
ENQ-11707,2025-04-27,Bukit Batok,Google Search,Small,Student/Expats,188.89,0,0
ENQ-11708,2025-01-24,Straits View,Google Search,Small,Student/Expats,190.35,1,0
ENQ-11709,2025-12-28,Sembawang,Google Search,Locker,Student/Expats,84.96,0,0
ENQ-11710,2025-11-22,Western Water Catchment,Partner,Small,Household,166.8,0,0
ENQ-11711,2025-08-15,Sembawang,Meta Ads,Medium,Household,317.56,0,0
ENQ-11712,2025-09-25,Newton,Walk-in,Small,Household,205.88,1,0
ENQ-11713,2025-09-06,Serangoon,Meta Ads,Small,Relocation,178.78,0,0
ENQ-11714,2025-11-27,North-Eastern Islands,Meta Ads,Medium,Household,309.12,0,0
ENQ-11715,2025-10-21,Tengah,Organic,Large,Relocation,522.88,0,0
ENQ-11716,2025-10-11,Lim Chu Kang,Google Search,Small,Household,166.24,0,0
ENQ-11717,2025-07-29,Bedok,Google Search,Small,Household,175.32,0,0
ENQ-11718,2025-01-12,Tampines,Referral,Medium,Student/Expats,315.78,0,0
ENQ-11719,2025-08-07,Toa Payoh,Organic,Medium,SME,327.45,0,0
ENQ-11720,2025-08-30,Southern Islands,Meta Ads,Small,Household,166.36,0,0
ENQ-11721,2025-10-29,Simpang,Referral,Locker,SME,95.91,0,0
ENQ-11722,2025-06-04,Newton,Walk-in,Small,SME,184.26,0,0
ENQ-11723,2025-04-19,Museum,Google Search,Locker,Relocation,88.82,1,0
ENQ-11724,2025-09-14,Yishun,Google Search,Locker,Student/Expats,95.65,0,0
ENQ-11725,2025-03-12,Singapore River,Google Search,Medium,Relocation,261.71,0,0
ENQ-11726,2025-01-04,Tampines,Google Search,Medium,SME,269.93,0,0
ENQ-11727,2025-02-05,Orchard,Meta Ads,Medium,E-commerce,313.88,0,0
ENQ-11728,2025-08-16,Orchard,Meta Ads,Small,Household,201.72,0,0
ENQ-11729,2025-12-31,Bishan,Google Search,Medium,Relocation,326.66,0,0
ENQ-11730,2025-05-15,Mandai,Google Search,Medium,Household,278.4,0,0
ENQ-11731,2025-04-10,Marine Parade,Referral,Locker,Household,86.98,0,0
ENQ-11732,2025-08-22,Boon Lay,Walk-in,Small,Student/Expats,202.02,1,1
ENQ-11733,2025-04-22,Kallang,Walk-in,Small,E-commerce,165.03,0,0
ENQ-11734,2025-10-15,Geylang,Organic,Large,Household,469.56,0,1
ENQ-11735,2025-04-16,Boon Lay,Walk-in,Medium,Relocation,287.26,0,0
ENQ-11736,2025-11-08,Jurong West,Meta Ads,Small,E-commerce,163.7,0,0
ENQ-11737,2025-07-21,Straits View,Partner,Small,E-commerce,163.14,0,0
ENQ-11738,2025-01-01,Jurong West,Google Search,Small,Household,197.9,1,0
ENQ-11739,2025-09-10,Sembawang,Organic,Small,Household,201.65,0,0
ENQ-11740,2025-11-09,Boon Lay,Google Search,Medium,Household,282.98,1,0
ENQ-11741,2025-01-13,Bukit Merah,Google Search,Small,Household,192.55,0,0
ENQ-11742,2025-06-24,Pioneer,Google Search,Medium,Household,328.97,0,0
ENQ-11743,2025-07-16,Bukit Panjang,Referral,Medium,E-commerce,289.7,0,0
ENQ-11744,2025-12-15,Marina South,Meta Ads,Small,SME,193.24,0,0
ENQ-11745,2025-10-08,Queenstown,Partner,Medium,Household,313.59,0,0
ENQ-11746,2025-05-11,Mandai,Organic,Small,Household,183.5,0,0
ENQ-11747,2025-07-10,Woodlands,Google Search,Medium,E-commerce,299.53,0,0
ENQ-11748,2025-06-30,Lim Chu Kang,Organic,Medium,Household,274.9,1,0
ENQ-11749,2025-02-13,Pasir Ris,Google Search,Locker,Household,95.85,0,0
ENQ-11750,2025-04-15,Bedok,Google Search,Medium,Household,288.79,0,0
ENQ-11751,2025-02-03,Lim Chu Kang,Google Search,Small,SME,184.22,0,0
ENQ-11752,2025-04-22,Boon Lay,Referral,Locker,Household,93.83,1,0
ENQ-11753,2025-06-25,Bukit Timah,Meta Ads,Locker,Household,96.46,0,0
ENQ-11754,2025-06-12,Woodlands,Google Search,Small,SME,164.64,0,0
ENQ-11755,2025-07-22,Pasir Ris,Organic,Small,Relocation,168.59,0,0
ENQ-11756,2025-12-13,Jurong East,Google Search,Medium,Household,267.03,0,0
ENQ-11757,2025-03-09,Queenstown,Walk-in,Small,Student/Expats,169.92,1,0
ENQ-11758,2025-02-26,Jurong West,Walk-in,Medium,E-commerce,263.98,0,0
ENQ-11759,2025-11-06,Bedok,Organic,Large,Household,433.06,1,0
ENQ-11760,2025-04-03,Tuas,Walk-in,Large,Household,526.68,0,0
ENQ-11761,2025-07-31,North-Eastern Islands,Google Search,Small,Student/Expats,180.47,1,0
ENQ-11762,2025-01-14,Serangoon,Referral,Medium,SME,301.42,0,0
ENQ-11763,2025-10-28,Marina South,Walk-in,Large,SME,525.33,0,0
ENQ-11764,2025-07-31,Seletar,Organic,Small,Household,204.09,0,0
ENQ-11765,2025-11-21,Bukit Panjang,Meta Ads,Locker,SME,92.59,0,0
ENQ-11766,2025-02-28,Newton,Organic,Small,Household,164.14,0,0
ENQ-11767,2025-10-19,Museum,Walk-in,Medium,E-commerce,281.56,0,0
ENQ-11768,2025-10-05,North-Eastern Islands,Organic,Medium,Household,303.44,1,1
ENQ-11769,2025-01-04,Toa Payoh,Google Search,Medium,Student/Expats,302.81,0,0
ENQ-11770,2025-02-09,Singapore River,Organic,Medium,Student/Expats,268.82,0,0
ENQ-11771,2025-09-27,Queenstown,Google Search,Medium,E-commerce,265.61,1,0
ENQ-11772,2025-03-23,Singapore River,Google Search,Large,SME,424.29,0,0
ENQ-11773,2025-02-26,Newton,Meta Ads,Locker,E-commerce,97.57,0,0
ENQ-11774,2025-06-19,Bukit Merah,Google Search,Medium,SME,264.67,1,0
ENQ-11775,2025-01-27,Marina East,Meta Ads,Large,SME,502.88,0,0
ENQ-11776,2025-04-30,Tuas,Google Search,Small,Household,198.67,1,1
ENQ-11777,2025-03-11,Straits View,Google Search,Locker,Household,89.15,0,0
ENQ-11778,2025-06-25,Bishan,Meta Ads,Locker,Household,86.49,0,0
ENQ-11779,2025-11-01,Bukit Merah,Meta Ads,Medium,E-commerce,283.67,0,0
ENQ-11780,2025-11-29,Bukit Panjang,Referral,Locker,E-commerce,84.95,0,0
ENQ-11781,2025-11-14,Changi,Google Search,Medium,Household,296.18,0,0
ENQ-11782,2025-01-21,Marina South,Meta Ads,Medium,SME,268.48,0,0
ENQ-11783,2025-04-20,Straits View,Organic,Medium,Household,323.85,0,0
ENQ-11784,2025-09-02,Tengah,Meta Ads,Small,Household,172.68,0,0
ENQ-11785,2025-01-11,River Valley,Google Search,Large,Household,522.68,0,0
ENQ-11786,2025-01-18,Pioneer,Partner,Medium,Student/Expats,273.39,1,0
ENQ-11787,2025-06-01,Straits View,Referral,Large,Relocation,500.51,0,0
ENQ-11788,2025-04-10,River Valley,Google Search,Medium,Household,268.12,0,0
ENQ-11789,2025-07-05,Woodlands,Organic,Small,E-commerce,196.75,0,0
ENQ-11790,2025-03-30,Clementi,Meta Ads,Small,Household,188.26,0,0
ENQ-11791,2025-12-18,Jurong East,Walk-in,Medium,Household,294.76,0,0
ENQ-11792,2025-10-28,Novena,Organic,Small,Household,203.94,0,0
ENQ-11793,2025-09-03,Ang Mo Kio,Walk-in,Medium,SME,317.63,0,1
ENQ-11794,2025-12-25,Changi,Google Search,Small,E-commerce,190.94,0,0
ENQ-11795,2025-04-24,Punggol,Meta Ads,Small,Student/Expats,201.31,0,0
ENQ-11796,2025-09-23,Orchard,Organic,Large,E-commerce,454.29,0,0
ENQ-11797,2025-11-26,Marine Parade,Google Search,Medium,Household,304.0,1,0
ENQ-11798,2025-10-12,Clementi,Meta Ads,Medium,E-commerce,326.12,0,0
ENQ-11799,2025-02-27,Central Water Catchment,Meta Ads,Medium,Household,290.43,0,0
ENQ-11800,2025-09-09,Yishun,Google Search,Small,Household,184.89,0,0
ENQ-11801,2025-07-08,Sembawang,Organic,Locker,SME,85.7,0,0
ENQ-11802,2025-08-03,Sungei Kadut,Walk-in,Small,Household,163.55,0,0
ENQ-11803,2025-07-17,Central Water Catchment,Referral,Medium,Household,287.2,0,0
ENQ-11804,2025-09-04,Bishan,Walk-in,Medium,SME,331.07,1,0
ENQ-11805,2025-11-22,Tampines,Organic,Small,Student/Expats,162.86,0,0
ENQ-11806,2025-02-08,Tanglin,Google Search,Small,Household,168.98,0,0
ENQ-11807,2025-02-05,Bukit Panjang,Organic,Small,Household,196.94,0,0
ENQ-11808,2025-03-06,Bukit Panjang,Walk-in,Small,E-commerce,184.31,1,0
ENQ-11809,2025-04-18,Sembawang,Google Search,Large,E-commerce,421.56,0,0
ENQ-11810,2025-01-25,Tampines,Walk-in,Medium,SME,318.37,0,0
ENQ-11811,2025-06-15,Bukit Panjang,Partner,Medium,E-commerce,265.41,0,0
ENQ-11812,2025-05-31,Marina South,Google Search,Large,Student/Expats,460.45,0,0
ENQ-11813,2025-08-15,Central Water Catchment,Walk-in,Medium,Household,290.49,1,0
ENQ-11814,2025-02-09,Pioneer,Meta Ads,Small,Household,180.96,0,0
ENQ-11815,2025-03-12,Bedok,Partner,Small,Household,193.88,1,0
ENQ-11816,2025-12-23,Rochor,Walk-in,Medium,SME,263.78,0,0
ENQ-11817,2025-02-09,Punggol,Partner,Small,E-commerce,200.93,0,0
ENQ-11818,2025-07-04,Museum,Meta Ads,Medium,Household,284.76,0,0
ENQ-11819,2025-04-05,Yishun,Google Search,Locker,Household,91.28,0,0
ENQ-11820,2025-12-25,Serangoon,Walk-in,Medium,E-commerce,332.79,1,0
ENQ-11821,2025-03-21,Boon Lay,Organic,Large,Household,526.59,0,0
ENQ-11822,2025-08-27,Marina East,Referral,Small,Household,187.54,1,0
ENQ-11823,2025-07-09,Jurong East,Referral,Locker,E-commerce,85.4,0,0
ENQ-11824,2025-10-08,Marine Parade,Referral,Locker,SME,95.4,0,0
ENQ-11825,2025-07-27,Marina East,Partner,Medium,SME,292.33,0,0
ENQ-11826,2025-03-19,Bukit Panjang,Google Search,Medium,Household,287.36,0,0
ENQ-11827,2025-01-30,Woodlands,Meta Ads,Large,SME,445.42,0,0
ENQ-11828,2025-02-05,Newton,Google Search,Large,Relocation,504.28,1,1
ENQ-11829,2025-03-16,North-Eastern Islands,Organic,Small,SME,167.8,0,0
ENQ-11830,2025-09-06,Mandai,Meta Ads,Medium,Household,323.68,0,1
ENQ-11831,2025-05-21,Tampines,Google Search,Medium,Student/Expats,324.4,0,0
ENQ-11832,2025-09-21,Jurong West,Referral,Large,E-commerce,480.02,0,0
ENQ-11833,2025-03-04,Hougang,Meta Ads,Medium,Household,329.18,0,0
ENQ-11834,2025-06-05,Marine Parade,Walk-in,Large,Relocation,478.79,0,0
ENQ-11835,2025-03-25,Mandai,Google Search,Small,Household,189.06,0,0
ENQ-11836,2025-01-23,Tuas,Walk-in,Medium,Household,301.71,0,0
ENQ-11837,2025-05-27,Lim Chu Kang,Google Search,Small,Household,204.7,1,0
ENQ-11838,2025-11-29,Tanglin,Meta Ads,Small,Household,189.44,0,0
ENQ-11839,2025-11-02,Rochor,Meta Ads,Small,Student/Expats,177.78,0,0
ENQ-11840,2025-10-06,Bukit Batok,Referral,Medium,Household,269.35,0,0
ENQ-11841,2025-03-20,Straits View,Walk-in,Small,SME,173.58,1,0
ENQ-11842,2025-07-12,Choa Chu Kang,Organic,Medium,SME,323.84,0,0
ENQ-11843,2025-09-10,Tanglin,Organic,Small,Household,181.5,0,0
ENQ-11844,2025-06-19,Kallang,Walk-in,Large,Household,484.5,0,0
ENQ-11845,2025-12-13,Hougang,Meta Ads,Large,Household,445.04,0,0
ENQ-11846,2025-12-06,Pioneer,Meta Ads,Small,Household,183.08,0,0
ENQ-11847,2025-08-10,Orchard,Google Search,Locker,Household,86.56,0,0
ENQ-11848,2025-01-12,Tanglin,Meta Ads,Medium,Household,268.55,0,0
ENQ-11849,2025-07-18,Newton,Partner,Medium,Relocation,262.45,1,0
ENQ-11850,2025-04-18,Tanglin,Meta Ads,Medium,E-commerce,262.73,1,0
ENQ-11851,2025-12-18,Sengkang,Meta Ads,Small,Household,166.34,1,0
ENQ-11852,2025-10-02,Western Water Catchment,Partner,Medium,SME,321.51,0,0
ENQ-11853,2025-01-24,Bedok,Meta Ads,Medium,E-commerce,275.67,0,0
ENQ-11854,2025-12-11,Mandai,Organic,Small,E-commerce,162.51,0,0
ENQ-11855,2025-03-23,Hougang,Walk-in,Large,Student/Expats,502.02,0,0
ENQ-11856,2025-09-22,Changi Bay,Meta Ads,Locker,Household,90.23,0,0
ENQ-11857,2025-11-29,Marina East,Organic,Medium,Student/Expats,298.55,1,0
ENQ-11858,2025-02-10,Central Water Catchment,Meta Ads,Small,SME,191.55,0,0
ENQ-11859,2025-04-16,Bukit Batok,Organic,Locker,Relocation,99.31,0,0
ENQ-11860,2025-03-06,Mandai,Google Search,Small,Household,201.05,0,0
ENQ-11861,2025-11-01,Bedok,Google Search,Small,Household,166.2,0,0
ENQ-11862,2025-01-10,Newton,Google Search,Large,Household,502.1,0,0
ENQ-11863,2025-03-25,Boon Lay,Partner,Locker,Household,92.62,0,0
ENQ-11864,2025-03-03,Geylang,Partner,Small,Household,182.91,0,0
ENQ-11865,2025-02-26,Sembawang,Meta Ads,Medium,E-commerce,294.58,0,0
ENQ-11866,2025-02-03,Seletar,Organic,Medium,SME,274.27,1,0
ENQ-11867,2025-03-24,Clementi,Organic,Small,E-commerce,173.96,0,0
ENQ-11868,2025-05-31,River Valley,Organic,Locker,Household,102.82,1,0
ENQ-11869,2025-05-18,Southern Islands,Organic,Large,Household,509.39,0,0
ENQ-11870,2025-09-20,Woodlands,Google Search,Locker,E-commerce,84.91,0,0
ENQ-11871,2025-06-30,Downtown Core,Google Search,Locker,Household,82.84,0,0
ENQ-11872,2025-03-31,Marina South,Google Search,Small,Household,185.95,1,0
ENQ-11873,2025-06-21,Toa Payoh,Google Search,Locker,SME,97.37,0,0
ENQ-11874,2025-12-08,Sungei Kadut,Referral,Medium,E-commerce,311.5,1,0
ENQ-11875,2025-04-10,Rochor,Google Search,Medium,SME,291.37,0,0
ENQ-11876,2025-08-16,Pioneer,Organic,Locker,SME,84.94,0,0
ENQ-11877,2025-10-04,Boon Lay,Meta Ads,Medium,Household,301.53,0,0
ENQ-11878,2025-09-06,Southern Islands,Google Search,Medium,Household,306.69,0,0
ENQ-11879,2025-06-19,Tuas,Partner,Locker,SME,96.36,0,0
ENQ-11880,2025-08-10,Hougang,Meta Ads,Locker,Household,89.72,0,0
ENQ-11881,2025-04-22,Marina East,Referral,Locker,Household,81.53,0,0
ENQ-11882,2025-09-24,River Valley,Meta Ads,Large,E-commerce,489.31,0,0
ENQ-11883,2025-12-12,Hougang,Organic,Small,E-commerce,203.6,0,0
ENQ-11884,2025-09-21,Serangoon,Google Search,Locker,Household,81.64,0,0
ENQ-11885,2025-10-15,Queenstown,Google Search,Large,SME,455.96,0,0
ENQ-11886,2025-12-20,Singapore River,Partner,Locker,SME,100.39,1,0
ENQ-11887,2025-06-02,Marina East,Meta Ads,Medium,Household,320.27,0,0
ENQ-11888,2025-05-13,Geylang,Referral,Medium,Household,323.38,1,0
ENQ-11889,2025-07-01,Queenstown,Google Search,Medium,Household,304.67,0,0
ENQ-11890,2025-05-09,Serangoon,Google Search,Medium,Household,311.43,0,0
ENQ-11891,2025-01-02,Orchard,Organic,Small,Household,204.21,0,0
ENQ-11892,2025-08-16,Downtown Core,Referral,Small,E-commerce,174.96,0,0
ENQ-11893,2025-07-23,Downtown Core,Walk-in,Small,E-commerce,192.83,1,1
ENQ-11894,2025-12-29,Simpang,Meta Ads,Locker,E-commerce,81.29,0,0
ENQ-11895,2025-11-01,Tengah,Google Search,Medium,Household,305.19,0,0
ENQ-11896,2025-06-01,Tampines,Organic,Locker,Household,87.01,0,0
ENQ-11897,2025-06-09,Marina South,Organic,Medium,SME,269.7,0,0
ENQ-11898,2025-05-21,Sungei Kadut,Google Search,Locker,Household,86.87,0,0
ENQ-11899,2025-09-27,Bukit Panjang,Walk-in,Small,SME,188.2,0,0
ENQ-11900,2025-10-10,Pasir Ris,Google Search,Medium,Household,309.8,0,0
ENQ-11901,2025-02-02,Serangoon,Referral,Large,Household,452.03,1,0
ENQ-11902,2025-08-28,Bishan,Google Search,Medium,SME,315.65,0,0
ENQ-11903,2025-02-16,Punggol,Organic,Medium,E-commerce,315.3,0,0
ENQ-11904,2025-04-27,Sengkang,Google Search,Medium,Household,304.05,1,0
ENQ-11905,2025-11-15,Woodlands,Organic,Large,Relocation,509.39,1,1
ENQ-11906,2025-04-21,Museum,Organic,Small,Household,172.61,0,0
ENQ-11907,2025-10-31,Central Water Catchment,Partner,Small,Student/Expats,190.56,0,0
ENQ-11908,2025-10-09,Jurong West,Google Search,Small,E-commerce,185.04,0,0
ENQ-11909,2025-04-04,North-Eastern Islands,Meta Ads,Medium,E-commerce,329.48,0,0
ENQ-11910,2025-09-16,Novena,Google Search,Locker,Household,85.09,1,0
ENQ-11911,2025-08-05,Jurong East,Google Search,Large,Household,479.9,1,0
ENQ-11912,2025-12-09,Marine Parade,Meta Ads,Small,Household,198.25,0,0
ENQ-11913,2025-12-20,Jurong West,Google Search,Small,Household,165.95,0,0
ENQ-11914,2025-04-23,Mandai,Walk-in,Locker,Household,95.87,0,0
ENQ-11915,2025-08-06,Toa Payoh,Walk-in,Small,Household,179.17,0,0
ENQ-11916,2025-07-06,Jurong East,Meta Ads,Locker,SME,94.72,0,0
ENQ-11917,2025-10-29,Changi,Google Search,Small,SME,188.81,0,0
ENQ-11918,2025-02-22,Pasir Ris,Referral,Medium,Student/Expats,312.84,0,0
ENQ-11919,2025-02-17,Sengkang,Google Search,Medium,E-commerce,275.76,1,0
ENQ-11920,2025-02-18,Hougang,Partner,Medium,Household,323.44,0,0
ENQ-11921,2025-03-25,Sungei Kadut,Meta Ads,Locker,Household,88.75,0,0
ENQ-11922,2025-04-17,Lim Chu Kang,Walk-in,Small,Household,197.65,0,0
ENQ-11923,2025-11-22,Western Water Catchment,Partner,Small,Household,202.29,0,0
ENQ-11924,2025-09-14,Straits View,Google Search,Locker,Student/Expats,91.67,1,0
ENQ-11925,2025-09-23,Yishun,Organic,Locker,Household,82.07,0,0
ENQ-11926,2025-04-02,Marina East,Referral,Small,Relocation,190.68,1,0
ENQ-11927,2025-03-06,Punggol,Referral,Locker,Household,82.6,1,0
ENQ-11928,2025-11-12,Woodlands,Walk-in,Locker,Household,82.95,0,0
ENQ-11929,2025-01-11,Simpang,Walk-in,Small,E-commerce,188.71,0,0
ENQ-11930,2025-01-11,Seletar,Google Search,Small,SME,182.84,0,0
ENQ-11931,2025-12-02,Changi Bay,Organic,Medium,Household,318.0,1,0
ENQ-11932,2025-11-18,Pasir Ris,Referral,Medium,Household,266.16,0,0
ENQ-11933,2025-06-25,Choa Chu Kang,Walk-in,Locker,Relocation,87.7,0,0
ENQ-11934,2025-08-02,Jurong East,Organic,Locker,SME,87.26,0,0
ENQ-11935,2025-07-02,Marine Parade,Organic,Small,Household,200.18,1,0
ENQ-11936,2025-07-29,Changi,Referral,Large,Household,451.84,0,0
ENQ-11937,2025-10-30,Bukit Batok,Google Search,Medium,SME,324.64,0,0
ENQ-11938,2025-01-19,Bukit Merah,Partner,Small,SME,168.78,0,0
ENQ-11939,2025-03-05,Tampines,Google Search,Locker,Household,94.65,0,0
ENQ-11940,2025-02-03,Tengah,Meta Ads,Small,Household,186.0,0,0
ENQ-11941,2025-10-04,Choa Chu Kang,Meta Ads,Small,Student/Expats,189.61,0,0
ENQ-11942,2025-07-16,Rochor,Referral,Medium,E-commerce,316.72,0,0
ENQ-11943,2025-10-11,Queenstown,Partner,Small,Household,188.44,1,1
ENQ-11944,2025-12-14,Marina East,Referral,Medium,Household,273.98,1,0
ENQ-11945,2025-02-10,Seletar,Meta Ads,Medium,Student/Expats,277.06,0,0
ENQ-11946,2025-05-03,Kallang,Walk-in,Locker,SME,92.61,0,0
ENQ-11947,2025-11-23,Punggol,Google Search,Medium,Household,329.85,0,0
ENQ-11948,2025-10-13,Marine Parade,Meta Ads,Small,Household,178.82,0,0
ENQ-11949,2025-01-25,Orchard,Walk-in,Large,E-commerce,495.34,0,0
ENQ-11950,2025-03-05,Clementi,Meta Ads,Medium,Relocation,303.04,0,0
ENQ-11951,2025-12-29,River Valley,Organic,Small,E-commerce,179.2,0,0
ENQ-11952,2025-01-21,Novena,Walk-in,Large,Household,466.02,0,0
ENQ-11953,2025-05-25,Marina East,Partner,Small,Household,199.75,1,0
ENQ-11954,2025-06-10,Outram,Referral,Medium,SME,294.61,0,0
ENQ-11955,2025-08-20,Bedok,Organic,Locker,Household,89.51,0,0
ENQ-11956,2025-10-27,Kallang,Meta Ads,Medium,Household,316.08,0,0
ENQ-11957,2025-07-26,Queenstown,Referral,Small,Household,164.11,0,0
ENQ-11958,2025-06-18,Kallang,Walk-in,Small,SME,182.67,0,0
ENQ-11959,2025-02-12,Geylang,Partner,Small,E-commerce,185.29,0,0
ENQ-11960,2025-04-26,Bukit Batok,Walk-in,Small,Household,182.06,0,0
ENQ-11961,2025-02-14,Bukit Panjang,Walk-in,Small,Household,183.28,1,0
ENQ-11962,2025-01-28,Mandai,Google Search,Large,E-commerce,439.24,0,1
ENQ-11963,2025-07-26,Marine Parade,Walk-in,Medium,Student/Expats,286.18,0,0
ENQ-11964,2025-05-22,Queenstown,Referral,Small,Household,177.56,1,0
ENQ-11965,2025-11-13,Bukit Batok,Meta Ads,Large,Household,492.58,0,0
ENQ-11966,2025-05-08,Marina South,Partner,Medium,Household,272.1,0,0
ENQ-11967,2025-11-22,North-Eastern Islands,Meta Ads,Small,SME,205.28,0,0
ENQ-11968,2025-05-29,Marina East,Google Search,Small,Relocation,171.23,0,0
ENQ-11969,2025-11-25,Kallang,Google Search,Medium,Student/Expats,321.32,0,0
ENQ-11970,2025-06-05,Singapore River,Google Search,Locker,SME,81.06,1,0
ENQ-11971,2025-10-11,Bukit Merah,Partner,Small,SME,163.54,0,0
ENQ-11972,2025-07-05,Sembawang,Organic,Small,SME,193.41,0,0
ENQ-11973,2025-08-28,Downtown Core,Partner,Small,Household,171.48,0,0
ENQ-11974,2025-02-20,Museum,Referral,Medium,Household,272.57,1,0
ENQ-11975,2025-02-07,Outram,Referral,Medium,SME,269.4,0,0
ENQ-11976,2025-09-11,Marina East,Referral,Locker,Household,86.39,1,0
ENQ-11977,2025-05-11,Kallang,Google Search,Large,Household,453.57,1,0
ENQ-11978,2025-11-13,Singapore River,Google Search,Medium,Household,297.36,0,0
ENQ-11979,2025-12-11,Choa Chu Kang,Meta Ads,Large,Household,418.01,0,0
ENQ-11980,2025-05-10,Clementi,Walk-in,Small,SME,179.37,1,0
ENQ-11981,2025-07-08,Kallang,Partner,Locker,Household,91.63,0,0
ENQ-11982,2025-01-16,North-Eastern Islands,Google Search,Medium,Household,320.82,0,0
ENQ-11983,2025-12-30,Tanglin,Meta Ads,Locker,Relocation,99.78,0,0
ENQ-11984,2025-09-24,Punggol,Meta Ads,Small,Household,191.13,0,0
ENQ-11985,2025-01-06,North-Eastern Islands,Google Search,Small,Household,168.52,0,0
ENQ-11986,2025-02-16,Bishan,Partner,Small,SME,197.03,0,0
ENQ-11987,2025-12-04,Jurong West,Referral,Locker,Household,92.27,1,0
ENQ-11988,2025-01-27,Newton,Partner,Medium,E-commerce,263.18,0,0
ENQ-11989,2025-09-18,Ang Mo Kio,Google Search,Large,Student/Expats,427.13,0,0
ENQ-11990,2025-01-19,Woodlands,Google Search,Medium,Student/Expats,308.77,0,0
ENQ-11991,2025-09-09,Western Water Catchment,Organic,Small,E-commerce,185.71,0,0
ENQ-11992,2025-06-16,Choa Chu Kang,Walk-in,Medium,Student/Expats,299.0,1,0
ENQ-11993,2025-10-14,Tanglin,Organic,Locker,Relocation,95.78,1,0
ENQ-11994,2025-07-25,Jurong East,Referral,Medium,SME,287.42,1,1
ENQ-11995,2025-12-08,Marine Parade,Google Search,Medium,E-commerce,302.53,1,1
ENQ-11996,2025-06-22,Bishan,Partner,Medium,Student/Expats,319.63,0,0
ENQ-11997,2025-11-19,Serangoon,Meta Ads,Small,Household,185.34,0,0
ENQ-11998,2025-03-24,Changi,Partner,Medium,Household,293.78,0,0
ENQ-11999,2025-09-16,Woodlands,Google Search,Medium,Relocation,285.09,0,0
ENQ-12000,2025-06-09,Jurong West,Google Search,Small,Household,180.68,1,0
